2026-01-04 09:21:52 [background-preinit] INFO  o.h.validator.internal.util.Version - HV000001: Hibernate Validator 8.0.3.Final
2026-01-04 09:21:52 [main] INFO  org.dromara.DromaraApplication - Starting DromaraApplication using Java 17.0.16 with PID 19020 (D:\MaJingyao\RuoYi-Vue-Plus-5.X\ruoyi-admin\target\classes started by KitMa in D:\MaJingyao\RuoYi-Vue-Plus-5.X)
2026-01-04 09:21:52 [main] INFO  org.dromara.DromaraApplication - The following 1 profile is active: "dev"
2026-01-04 09:22:00 [main] INFO  io.undertow.servlet - Initializing Spring embedded WebApplicationContext
2026-01-04 09:22:01 [main] INFO  c.b.d.d.DynamicRoutingDataSource - dynamic-datasource detect P6SPY plugin and enabled it
2026-01-04 09:22:01 [main] INFO  com.zaxxer.hikari.HikariDataSource - master - Starting...
2026-01-04 09:22:01 [main] INFO  com.zaxxer.hikari.pool.HikariPool - master - Added connection org.postgresql.jdbc.PgConnection@26f7b114
2026-01-04 09:22:01 [main] INFO  com.zaxxer.hikari.HikariDataSource - master - Start completed.
2026-01-04 09:22:01 [main] INFO  c.b.d.d.DynamicRoutingDataSource - dynamic-datasource - add a datasource named [master] success
2026-01-04 09:22:01 [main] INFO  c.b.d.d.DynamicRoutingDataSource - dynamic-datasource initial loaded [1] datasource,primary datasource named [master]
2026-01-04 09:22:03 [main] INFO  o.d.common.redis.config.RedisConfig - 初始化 redis 配置
2026-01-04 09:22:03 [main] INFO  org.redisson.Version - Redisson 3.51.0
2026-01-04 09:22:03 [redisson-netty-1-5] INFO  o.r.connection.ConnectionsHolder - 1 connections initialized for localhost/127.0.0.1:6379
2026-01-04 09:22:03 [redisson-netty-1-4] INFO  o.r.connection.ConnectionsHolder - 8 connections initialized for localhost/127.0.0.1:6379
2026-01-04 09:22:05 [main] INFO  c.a.s.c.j.c.e.b.AbstractScriptExecutor$SnailFileUtils - [FileUtils] [workspace] use user.home as workspace: C:\Users\KitMa/snailJob/worker
2026-01-04 09:22:05 [main] INFO  c.a.s.c.j.c.e.b.AbstractScriptExecutor$SnailFileUtils - [FileUtils] [workspace] use user.home as workspace: C:\Users\KitMa/snailJob/worker
2026-01-04 09:22:05 [main] INFO  c.a.s.c.j.c.e.b.AbstractScriptExecutor$SnailFileUtils - [FileUtils] [workspace] use user.home as workspace: C:\Users\KitMa/snailJob/worker
2026-01-04 09:22:06 [main] INFO  o.d.common.json.config.JacksonConfig - 初始化 jackson 配置
2026-01-04 09:22:06 [main] INFO  c.a.s.c.s.SnailJobClientJobCoreAutoConfiguration - Snail-Job 客户端IP为: 10.0.72.57
2026-01-04 09:22:06 [main] INFO  c.b.m.e.s.MybatisPlusApplicationContextAware - Register ApplicationContext instances org.springframework.boot.web.servlet.context.AnnotationConfigServletWebServerApplicationContext@24be2d9c
2026-01-04 09:22:15 [main] INFO  o.d.w.p.modes.sb.config.BeanConfig - 【warm-flow】，加载完成
2026-01-04 09:22:16 [main] INFO  io.undertow - starting server: Undertow - 2.3.20.Final
2026-01-04 09:22:16 [main] INFO  org.xnio - XNIO version 3.8.16.Final
2026-01-04 09:22:16 [main] INFO  org.xnio.nio - XNIO NIO Implementation Version 3.8.16.Final
2026-01-04 09:22:16 [main] INFO  org.jboss.threads - JBoss Threads version 3.7.0.Final
2026-01-04 09:22:16 [main] INFO  org.dromara.DromaraApplication - Started DromaraApplication in 24.988 seconds (process running for 27.545)
2026-01-04 09:22:16 [main] INFO  o.d.c.sse.listener.SseTopicListener - 初始化SSE主题订阅监听器成功
2026-01-04 09:22:16 [main] INFO  c.a.s.c.c.init.SnailJobStartListener - snail-job client is preparing to start... v1.8.0
2026-01-04 09:22:17 [main] INFO  c.a.s.c.c.r.c.g.SnailJobGrpcClient - gRPC client started connect to server
2026-01-04 09:22:17 [main] INFO  c.a.s.c.c.rpc.server.SnailGrpcServer - ------> snail-job remoting server start success, grpc = com.aizuda.snailjob.client.common.rpc.server.SnailGrpcServer, port = 28080
2026-01-04 09:22:18 [snail-job-grpc-client-executor-127.0.0.1-0] ERROR c.a.s.c.j.c.r.JobExecutorRegistrar - Job executors register error requestId:[0] message:[UNAVAILABLE: io exception]
2026-01-04 09:22:18 [main] INFO  c.a.s.c.c.init.SnailJobStartListener - snail-job client started successfully v1.8.0
2026-01-04 09:22:18 [snail-job-grpc-client-executor-127.0.0.1-2] ERROR c.a.s.c.c.handler.ClientRegister - heartbeat check requestId:[1] message:[UNAVAILABLE: io exception]
2026-01-04 09:22:21 [main] INFO  o.d.s.runner.SystemApplicationRunner - 初始化OSS配置成功
2026-01-04 09:22:21 [registrationTask1] WARN  d.c.b.a.c.r.DefaultApplicationRegistrator - Failed to register application as Application(name=RuoYi-Vue-Plus, managementUrl=http://10.1.128.188:8080/actuator, healthUrl=http://10.1.128.188:8080/actuator/health, serviceUrl=http://10.1.128.188:8080/) at spring-boot-admin ([http://localhost:9090/admin/instances]): I/O error on POST request for "http://localhost:9090/admin/instances": null. Further attempts are logged on DEBUG level
org.springframework.web.client.ResourceAccessException: I/O error on POST request for "http://localhost:9090/admin/instances": null
	at org.springframework.web.client.DefaultRestClient$DefaultRequestBodyUriSpec.createResourceAccessException(DefaultRestClient.java:704)
	at org.springframework.web.client.DefaultRestClient$DefaultRequestBodyUriSpec.exchangeInternal(DefaultRestClient.java:589)
	at org.springframework.web.client.DefaultRestClient$DefaultRequestBodyUriSpec.exchange(DefaultRestClient.java:540)
	at org.springframework.web.client.RestClient$RequestHeadersSpec.exchange(RestClient.java:680)
	at org.springframework.web.client.DefaultRestClient$DefaultResponseSpec.executeAndExtract(DefaultRestClient.java:821)
	at org.springframework.web.client.DefaultRestClient$DefaultResponseSpec.body(DefaultRestClient.java:765)
	at de.codecentric.boot.admin.client.registration.RestClientRegistrationClient.register(RestClientRegistrationClient.java:45)
	at de.codecentric.boot.admin.client.registration.DefaultApplicationRegistrator.register(DefaultApplicationRegistrator.java:80)
	at de.codecentric.boot.admin.client.registration.DefaultApplicationRegistrator.register(DefaultApplicationRegistrator.java:61)
	at org.springframework.scheduling.support.DelegatingErrorHandlingRunnable.run(DelegatingErrorHandlingRunnable.java:54)
	at java.base/java.util.concurrent.Executors$RunnableAdapter.call(Executors.java:539)
	at java.base/java.util.concurrent.FutureTask.runAndReset(FutureTask.java:305)
	at java.base/java.util.concurrent.ScheduledThreadPoolExecutor$ScheduledFutureTask.run(ScheduledThreadPoolExecutor.java:305)
	at java.base/java.util.concurrent.ThreadPoolExecutor.runWorker(ThreadPoolExecutor.java:1136)
	at java.base/java.util.concurrent.ThreadPoolExecutor$Worker.run(ThreadPoolExecutor.java:635)
	at java.base/java.lang.Thread.run(Thread.java:840)
Caused by: java.net.ConnectException: null
	at java.net.http/jdk.internal.net.http.common.Utils.toConnectException(Utils.java:1107)
	at java.net.http/jdk.internal.net.http.PlainHttpConnection.connectAsync(PlainHttpConnection.java:198)
	at java.net.http/jdk.internal.net.http.PlainHttpConnection.checkRetryConnect(PlainHttpConnection.java:230)
	at java.net.http/jdk.internal.net.http.PlainHttpConnection.lambda$connectAsync$1(PlainHttpConnection.java:206)
	at java.base/java.util.concurrent.CompletableFuture.uniHandle(CompletableFuture.java:934)
	at java.base/java.util.concurrent.CompletableFuture$UniHandle.tryFire(CompletableFuture.java:911)
	at java.base/java.util.concurrent.CompletableFuture.postComplete(CompletableFuture.java:510)
	at java.base/java.util.concurrent.CompletableFuture$AsyncSupply.run(CompletableFuture.java:1773)
	... 3 common frames omitted
Caused by: java.nio.channels.ClosedChannelException: null
	at java.base/sun.nio.ch.SocketChannelImpl.ensureOpen(SocketChannelImpl.java:195)
	at java.base/sun.nio.ch.SocketChannelImpl.beginConnect(SocketChannelImpl.java:760)
	at java.base/sun.nio.ch.SocketChannelImpl.connect(SocketChannelImpl.java:848)
	at java.net.http/jdk.internal.net.http.PlainHttpConnection.lambda$connectAsync$0(PlainHttpConnection.java:183)
	at java.base/java.security.AccessController.doPrivileged(AccessController.java:569)
	at java.net.http/jdk.internal.net.http.PlainHttpConnection.connectAsync(PlainHttpConnection.java:185)
	... 9 common frames omitted
2026-01-04 09:22:27 [sj-client-check] WARN  c.a.s.c.c.r.c.g.SnailJobGrpcClient - gRPC channel state=TRANSIENT_FAILURE, try reconnect...
2026-01-04 09:22:28 [snail-job-grpc-client-executor-127.0.0.1-3] ERROR c.a.s.c.c.handler.ClientRegister - heartbeat check requestId:[3] message:[UNAVAILABLE: io exception]
2026-01-04 09:22:31 [XNIO-1 task-2] INFO  io.undertow.servlet - Initializing Spring DispatcherServlet 'dispatcherServlet'
2026-01-04 09:22:31 [XNIO-1 task-2] ERROR o.d.c.s.h.SaTokenExceptionHandler - 请求地址'/system/user/getInfo',认证失败'token 无效：eyJ0eXAiOiJKV1QiLCJhbGciOiJIUzI1NiJ9.eyJsb2dpblR5cGUiOiJsb2dpbiIsImxvZ2luSWQiOiJzeXNfdXNlcjoxIiwicm5TdHIiOiJ6djVZU3FtdGphTWFpS2tyWjdYMzVEVUt4RU0xUEl6ZiIsImNsaWVudGlkIjoiZTVjZDdlNDg5MWJmOTVkMWQxOTIwNmNlMjRhN2IzMmUiLCJ0ZW5hbnRJZCI6IjAwMDAwMCIsInVzZXJJZCI6IjEiLCJ1c2VyTmFtZSI6ImFkbWluIiwiZGVwdElkIjoxLCJkZXB0TmFtZSI6IuW5v-S4nOebiOa1qeW3peiJuuWItuWTgeaciemZkOWFrOWPuCIsImRlcHRDYXRlZ29yeSI6IiJ9.dnjA4gbrr2uym0L0QoXb1rej_5mMMiNAbFB9AS6RHwU',无法访问系统资源
2026-01-04 09:22:32 [XNIO-1 task-4] INFO  o.d.c.w.i.PlusWebInvokeTimeInterceptor - [PLUS]开始请求 => URL[GET /resource/sse/close],无参数
2026-01-04 09:22:32 [XNIO-1 task-3] INFO  o.d.c.w.i.PlusWebInvokeTimeInterceptor - [PLUS]开始请求 => URL[POST /auth/logout],无参数
2026-01-04 09:22:32 [XNIO-1 task-3] INFO  o.d.c.w.i.PlusWebInvokeTimeInterceptor - [PLUS]结束请求 => URL[POST /auth/logout],耗时:[16]毫秒
2026-01-04 09:22:32 [XNIO-1 task-2] INFO  o.d.c.w.i.PlusWebInvokeTimeInterceptor - [PLUS]开始请求 => URL[GET /auth/code],无参数
2026-01-04 09:22:32 [XNIO-1 task-3] INFO  o.d.c.w.i.PlusWebInvokeTimeInterceptor - [PLUS]开始请求 => URL[GET /auth/tenant/list],无参数
2026-01-04 09:22:33 [XNIO-1 task-2] INFO  o.d.c.r.aspectj.RateLimiterAspect - 限制令牌 => 10, 剩余令牌 => 9, 缓存key => 'global:rate_limit:/auth/code:0:0:0:0:0:0:0:1:'
2026-01-04 09:22:33 [XNIO-1 task-3] INFO  o.d.c.r.aspectj.RateLimiterAspect - 限制令牌 => 20, 剩余令牌 => 19, 缓存key => 'global:rate_limit:/auth/tenant/list:0:0:0:0:0:0:0:1:'
2026-01-04 09:22:33 [XNIO-1 task-2] INFO  o.d.c.w.i.PlusWebInvokeTimeInterceptor - [PLUS]结束请求 => URL[GET /auth/code],耗时:[470]毫秒
2026-01-04 09:22:34 [XNIO-1 task-3] INFO  o.d.c.w.i.PlusWebInvokeTimeInterceptor - [PLUS]结束请求 => URL[GET /auth/tenant/list],耗时:[1650]毫秒
2026-01-04 09:22:35 [XNIO-1 task-4] INFO  o.d.c.w.i.PlusWebInvokeTimeInterceptor - [PLUS]结束请求 => URL[GET /resource/sse/close],耗时:[3063]毫秒
2026-01-04 09:22:37 [sj-client-check] WARN  c.a.s.c.c.r.c.g.SnailJobGrpcClient - gRPC channel state=TRANSIENT_FAILURE, try reconnect...
2026-01-04 09:22:38 [snail-job-grpc-client-executor-127.0.0.1-4] ERROR c.a.s.c.c.handler.ClientRegister - heartbeat check requestId:[4] message:[UNAVAILABLE: io exception]
2026-01-04 09:22:46 [XNIO-1 task-4] INFO  o.d.c.w.i.PlusWebInvokeTimeInterceptor - [PLUS]开始请求 => URL[POST /auth/login],参数类型[json],参数:[{"tenantId":"000000","username":"admin","password":"123456","rememberMe":false,"code":"6","clientId":"e5cd7e4891bf95d1d19206ce24a7b32e","grantType":"password"}]
2026-01-04 09:22:46 [XNIO-1 task-4] ERROR o.d.c.w.h.GlobalExceptionHandler - 验证码已失效
2026-01-04 09:22:46 [XNIO-1 task-4] INFO  o.d.c.w.i.PlusWebInvokeTimeInterceptor - [PLUS]结束请求 => URL[POST /auth/login],耗时:[143]毫秒
2026-01-04 09:22:46 [async-1] INFO  o.d.s.s.i.SysLogininforServiceImpl - [0:0:0:0:0:0:0:1]内网IP[admin][Error][验证码已失效]
2026-01-04 09:22:46 [XNIO-1 task-4] INFO  o.d.c.w.i.PlusWebInvokeTimeInterceptor - [PLUS]开始请求 => URL[GET /auth/code],无参数
2026-01-04 09:22:46 [XNIO-1 task-4] INFO  o.d.c.r.aspectj.RateLimiterAspect - 限制令牌 => 10, 剩余令牌 => 8, 缓存key => 'global:rate_limit:/auth/code:0:0:0:0:0:0:0:1:'
2026-01-04 09:22:46 [XNIO-1 task-4] INFO  o.d.c.w.i.PlusWebInvokeTimeInterceptor - [PLUS]结束请求 => URL[GET /auth/code],耗时:[9]毫秒
2026-01-04 09:22:47 [sj-client-check] WARN  c.a.s.c.c.r.c.g.SnailJobGrpcClient - gRPC channel state=TRANSIENT_FAILURE, try reconnect...
2026-01-04 09:22:48 [snail-job-grpc-client-executor-127.0.0.1-5] ERROR c.a.s.c.c.handler.ClientRegister - heartbeat check requestId:[5] message:[UNAVAILABLE: io exception]
2026-01-04 09:22:48 [XNIO-1 task-4] INFO  o.d.c.w.i.PlusWebInvokeTimeInterceptor - [PLUS]开始请求 => URL[POST /auth/login],参数类型[json],参数:[{"tenantId":"000000","username":"admin","password":"123456","rememberMe":false,"code":"1","uuid":"caf220d161a244bf8b8ad235ca38b3b8","clientId":"e5cd7e4891bf95d1d19206ce24a7b32e","grantType":"password"}]
2026-01-04 09:22:48 [async-2] INFO  o.d.s.s.i.SysLogininforServiceImpl - [0:0:0:0:0:0:0:1]内网IP[admin][Success][登录成功]
2026-01-04 09:22:48 [XNIO-1 task-4] INFO  o.d.web.listener.UserActionListener - user doLogin, userId:sys_user:1, token:eyJ0eXAiOiJKV1QiLCJhbGciOiJIUzI1NiJ9.eyJsb2dpblR5cGUiOiJsb2dpbiIsImxvZ2luSWQiOiJzeXNfdXNlcjoxIiwicm5TdHIiOiJGbm9mOWZNYlJRWjVHenhxOWpYUHlBZ3A0aVJxbHRPdCIsImNsaWVudGlkIjoiZTVjZDdlNDg5MWJmOTVkMWQxOTIwNmNlMjRhN2IzMmUiLCJ0ZW5hbnRJZCI6IjAwMDAwMCIsInVzZXJJZCI6IjEiLCJ1c2VyTmFtZSI6ImFkbWluIiwiZGVwdElkIjoxLCJkZXB0TmFtZSI6IuW5v-S4nOebiOa1qeW3peiJuuWItuWTgeaciemZkOWFrOWPuCIsImRlcHRDYXRlZ29yeSI6IiJ9.EihSUco_cOwVoTDoHyxiziIeurd7h7YbtILA_AQWQKE
2026-01-04 09:22:48 [XNIO-1 task-4] INFO  o.d.c.w.i.PlusWebInvokeTimeInterceptor - [PLUS]结束请求 => URL[POST /auth/login],耗时:[174]毫秒
2026-01-04 09:22:49 [XNIO-1 task-4] INFO  o.d.c.w.i.PlusWebInvokeTimeInterceptor - [PLUS]开始请求 => URL[GET /system/user/getInfo],无参数
2026-01-04 09:22:49 [XNIO-1 task-4] INFO  o.d.c.w.i.PlusWebInvokeTimeInterceptor - [PLUS]结束请求 => URL[GET /system/user/getInfo],耗时:[68]毫秒
2026-01-04 09:22:49 [XNIO-1 task-4] INFO  o.d.c.w.i.PlusWebInvokeTimeInterceptor - [PLUS]开始请求 => URL[GET /system/menu/getRouters],无参数
2026-01-04 09:22:49 [XNIO-1 task-4] INFO  o.d.c.w.i.PlusWebInvokeTimeInterceptor - [PLUS]结束请求 => URL[GET /system/menu/getRouters],耗时:[39]毫秒
2026-01-04 09:22:49 [XNIO-1 task-4] INFO  o.d.c.w.i.PlusWebInvokeTimeInterceptor - [PLUS]开始请求 => URL[GET /auth/tenant/list],无参数
2026-01-04 09:22:49 [XNIO-1 task-4] INFO  o.d.c.r.aspectj.RateLimiterAspect - 限制令牌 => 20, 剩余令牌 => 18, 缓存key => 'global:rate_limit:/auth/tenant/list:0:0:0:0:0:0:0:1:'
2026-01-04 09:22:49 [XNIO-1 task-4] INFO  o.d.c.w.i.PlusWebInvokeTimeInterceptor - [PLUS]结束请求 => URL[GET /auth/tenant/list],耗时:[11]毫秒
2026-01-04 09:22:49 [XNIO-1 task-3] INFO  o.d.c.w.i.PlusWebInvokeTimeInterceptor - [PLUS]开始请求 => URL[GET /resource/sse],参数类型[param],参数:[{"Authorization":["Bearer eyJ0eXAiOiJKV1QiLCJhbGciOiJIUzI1NiJ9.eyJsb2dpblR5cGUiOiJsb2dpbiIsImxvZ2luSWQiOiJzeXNfdXNlcjoxIiwicm5TdHIiOiJGbm9mOWZNYlJRWjVHenhxOWpYUHlBZ3A0aVJxbHRPdCIsImNsaWVudGlkIjoiZTVjZDdlNDg5MWJmOTVkMWQxOTIwNmNlMjRhN2IzMmUiLCJ0ZW5hbnRJZCI6IjAwMDAwMCIsInVzZXJJZCI6IjEiLCJ1c2VyTmFtZSI6ImFkbWluIiwiZGVwdElkIjoxLCJkZXB0TmFtZSI6IuW5v-S4nOebiOa1qeW3peiJuuWItuWTgeaciemZkOWFrOWPuCIsImRlcHRDYXRlZ29yeSI6IiJ9.EihSUco_cOwVoTDoHyxiziIeurd7h7YbtILA_AQWQKE"],"clientid":["e5cd7e4891bf95d1d19206ce24a7b32e"]}]
2026-01-04 09:22:52 [XNIO-1 task-2] INFO  o.d.c.w.i.PlusWebInvokeTimeInterceptor - [PLUS]开始请求 => URL[GET /monitor/online],无参数
2026-01-04 09:22:52 [XNIO-1 task-4] INFO  o.d.c.w.i.PlusWebInvokeTimeInterceptor - [PLUS]开始请求 => URL[GET /system/dict/data/type/sys_device_type],无参数
2026-01-04 09:22:52 [XNIO-1 task-3] INFO  o.d.c.w.i.PlusWebInvokeTimeInterceptor - [PLUS]开始请求 => URL[GET /system/user/profile],无参数
2026-01-04 09:22:52 [XNIO-1 task-5] INFO  o.d.c.w.i.PlusWebInvokeTimeInterceptor - [PLUS]开始请求 => URL[GET /system/social/list],无参数
2026-01-04 09:22:52 [XNIO-1 task-2] INFO  o.d.c.w.i.PlusWebInvokeTimeInterceptor - [PLUS]结束请求 => URL[GET /monitor/online],耗时:[23]毫秒
2026-01-04 09:22:52 [XNIO-1 task-5] INFO  o.d.c.w.i.PlusWebInvokeTimeInterceptor - [PLUS]结束请求 => URL[GET /system/social/list],耗时:[28]毫秒
2026-01-04 09:22:52 [XNIO-1 task-3] INFO  o.d.c.w.i.PlusWebInvokeTimeInterceptor - [PLUS]结束请求 => URL[GET /system/user/profile],耗时:[45]毫秒
2026-01-04 09:22:52 [XNIO-1 task-4] INFO  o.d.c.w.i.PlusWebInvokeTimeInterceptor - [PLUS]结束请求 => URL[GET /system/dict/data/type/sys_device_type],耗时:[64]毫秒
2026-01-04 09:22:53 [schedule-pool-1] INFO  o.d.c.sse.core.SseEmitterManager - SSE发送主题订阅消息topic:global:sse session keys:[1] message:欢迎登录RuoYi-Vue-Plus后台管理系统
2026-01-04 09:22:53 [redisson-3-2] INFO  o.d.c.sse.listener.SseTopicListener - SSE主题订阅收到消息session keys=[1] message=欢迎登录RuoYi-Vue-Plus后台管理系统
2026-01-04 09:22:54 [XNIO-1 task-4] INFO  o.d.c.w.i.PlusWebInvokeTimeInterceptor - [PLUS]开始请求 => URL[GET /auth/binding/maxkey],参数类型[param],参数:[{"domain":["localhost:81"],"tenantId":["000000"]}]
2026-01-04 09:22:54 [XNIO-1 task-4] INFO  o.d.c.w.i.PlusWebInvokeTimeInterceptor - [PLUS]结束请求 => URL[GET /auth/binding/maxkey],耗时:[24]毫秒
2026-01-04 09:22:57 [sj-client-check] WARN  c.a.s.c.c.r.c.g.SnailJobGrpcClient - gRPC channel state=TRANSIENT_FAILURE, try reconnect...
2026-01-04 09:22:58 [snail-job-grpc-client-executor-127.0.0.1-6] ERROR c.a.s.c.c.handler.ClientRegister - heartbeat check requestId:[6] message:[UNAVAILABLE: io exception]
2026-01-04 09:23:07 [sj-client-check] WARN  c.a.s.c.c.r.c.g.SnailJobGrpcClient - gRPC channel state=TRANSIENT_FAILURE, try reconnect...
2026-01-04 09:23:08 [snail-job-grpc-client-executor-127.0.0.1-7] ERROR c.a.s.c.c.handler.ClientRegister - heartbeat check requestId:[7] message:[UNAVAILABLE: io exception]
2026-01-04 09:23:17 [sj-client-check] WARN  c.a.s.c.c.r.c.g.SnailJobGrpcClient - gRPC channel state=TRANSIENT_FAILURE, try reconnect...
2026-01-04 09:23:18 [snail-job-grpc-client-executor-127.0.0.1-8] ERROR c.a.s.c.c.handler.ClientRegister - heartbeat check requestId:[8] message:[UNAVAILABLE: io exception]
2026-01-04 09:23:27 [sj-client-check] WARN  c.a.s.c.c.r.c.g.SnailJobGrpcClient - gRPC channel state=TRANSIENT_FAILURE, try reconnect...
2026-01-04 09:23:28 [snail-job-grpc-client-executor-127.0.0.1-10] ERROR c.a.s.c.c.handler.ClientRegister - heartbeat check requestId:[10] message:[UNAVAILABLE: io exception]
2026-01-04 09:23:37 [sj-client-check] WARN  c.a.s.c.c.r.c.g.SnailJobGrpcClient - gRPC channel state=TRANSIENT_FAILURE, try reconnect...
2026-01-04 09:23:38 [snail-job-grpc-client-executor-127.0.0.1-11] ERROR c.a.s.c.c.handler.ClientRegister - heartbeat check requestId:[11] message:[UNAVAILABLE: io exception]
2026-01-04 09:23:47 [sj-client-check] WARN  c.a.s.c.c.r.c.g.SnailJobGrpcClient - gRPC channel state=TRANSIENT_FAILURE, try reconnect...
2026-01-04 09:23:48 [snail-job-grpc-client-executor-127.0.0.1-12] ERROR c.a.s.c.c.handler.ClientRegister - heartbeat check requestId:[12] message:[UNAVAILABLE: io exception]
2026-01-04 09:23:57 [sj-client-check] WARN  c.a.s.c.c.r.c.g.SnailJobGrpcClient - gRPC channel state=TRANSIENT_FAILURE, try reconnect...
2026-01-04 09:23:58 [snail-job-grpc-client-executor-127.0.0.1-13] ERROR c.a.s.c.c.handler.ClientRegister - heartbeat check requestId:[13] message:[UNAVAILABLE: io exception]
2026-01-04 09:24:07 [sj-client-check] WARN  c.a.s.c.c.r.c.g.SnailJobGrpcClient - gRPC channel state=TRANSIENT_FAILURE, try reconnect...
2026-01-04 09:24:08 [snail-job-grpc-client-executor-127.0.0.1-14] ERROR c.a.s.c.c.handler.ClientRegister - heartbeat check requestId:[14] message:[UNAVAILABLE: io exception]
2026-01-04 09:24:15 [XNIO-1 task-4] INFO  o.d.c.w.i.PlusWebInvokeTimeInterceptor - [PLUS]开始请求 => URL[GET /resource/sse],参数类型[param],参数:[{"Authorization":["Bearer eyJ0eXAiOiJKV1QiLCJhbGciOiJIUzI1NiJ9.eyJsb2dpblR5cGUiOiJsb2dpbiIsImxvZ2luSWQiOiJzeXNfdXNlcjoxIiwicm5TdHIiOiJGbm9mOWZNYlJRWjVHenhxOWpYUHlBZ3A0aVJxbHRPdCIsImNsaWVudGlkIjoiZTVjZDdlNDg5MWJmOTVkMWQxOTIwNmNlMjRhN2IzMmUiLCJ0ZW5hbnRJZCI6IjAwMDAwMCIsInVzZXJJZCI6IjEiLCJ1c2VyTmFtZSI6ImFkbWluIiwiZGVwdElkIjoxLCJkZXB0TmFtZSI6IuW5v-S4nOebiOa1qeW3peiJuuWItuWTgeaciemZkOWFrOWPuCIsImRlcHRDYXRlZ29yeSI6IiJ9.EihSUco_cOwVoTDoHyxiziIeurd7h7YbtILA_AQWQKE"],"clientid":["e5cd7e4891bf95d1d19206ce24a7b32e"]}]
2026-01-04 09:24:15 [XNIO-1 task-4] INFO  o.d.c.w.i.PlusWebInvokeTimeInterceptor - [PLUS]结束请求 => URL[GET /resource/sse],耗时:[6]毫秒
2026-01-04 09:24:17 [sj-client-check] WARN  c.a.s.c.c.r.c.g.SnailJobGrpcClient - gRPC channel state=TRANSIENT_FAILURE, try reconnect...
2026-01-04 09:24:18 [snail-job-grpc-client-executor-127.0.0.1-15] ERROR c.a.s.c.c.handler.ClientRegister - heartbeat check requestId:[16] message:[UNAVAILABLE: io exception]
2026-01-04 09:24:27 [sj-client-check] WARN  c.a.s.c.c.r.c.g.SnailJobGrpcClient - gRPC channel state=TRANSIENT_FAILURE, try reconnect...
2026-01-04 09:24:28 [snail-job-grpc-client-executor-127.0.0.1-17] ERROR c.a.s.c.c.handler.ClientRegister - heartbeat check requestId:[17] message:[UNAVAILABLE: io exception]
2026-01-04 09:24:37 [sj-client-check] WARN  c.a.s.c.c.r.c.g.SnailJobGrpcClient - gRPC channel state=TRANSIENT_FAILURE, try reconnect...
2026-01-04 09:24:38 [snail-job-grpc-client-executor-127.0.0.1-18] ERROR c.a.s.c.c.handler.ClientRegister - heartbeat check requestId:[18] message:[UNAVAILABLE: io exception]
2026-01-04 09:24:47 [sj-client-check] WARN  c.a.s.c.c.r.c.g.SnailJobGrpcClient - gRPC channel state=TRANSIENT_FAILURE, try reconnect...
2026-01-04 09:24:48 [snail-job-grpc-client-executor-127.0.0.1-19] ERROR c.a.s.c.c.handler.ClientRegister - heartbeat check requestId:[19] message:[UNAVAILABLE: io exception]
2026-01-04 09:24:57 [sj-client-check] WARN  c.a.s.c.c.r.c.g.SnailJobGrpcClient - gRPC channel state=TRANSIENT_FAILURE, try reconnect...
2026-01-04 09:24:58 [snail-job-grpc-client-executor-127.0.0.1-20] ERROR c.a.s.c.c.handler.ClientRegister - heartbeat check requestId:[20] message:[UNAVAILABLE: io exception]
2026-01-04 09:25:07 [sj-client-check] WARN  c.a.s.c.c.r.c.g.SnailJobGrpcClient - gRPC channel state=TRANSIENT_FAILURE, try reconnect...
2026-01-04 09:25:08 [snail-job-grpc-client-executor-127.0.0.1-21] ERROR c.a.s.c.c.handler.ClientRegister - heartbeat check requestId:[21] message:[UNAVAILABLE: io exception]
2026-01-04 09:25:17 [sj-client-check] WARN  c.a.s.c.c.r.c.g.SnailJobGrpcClient - gRPC channel state=TRANSIENT_FAILURE, try reconnect...
2026-01-04 09:25:18 [snail-job-grpc-client-executor-127.0.0.1-22] ERROR c.a.s.c.c.handler.ClientRegister - heartbeat check requestId:[22] message:[UNAVAILABLE: io exception]
2026-01-04 09:25:27 [sj-client-check] WARN  c.a.s.c.c.r.c.g.SnailJobGrpcClient - gRPC channel state=TRANSIENT_FAILURE, try reconnect...
2026-01-04 09:25:28 [snail-job-grpc-client-executor-127.0.0.1-24] ERROR c.a.s.c.c.handler.ClientRegister - heartbeat check requestId:[24] message:[UNAVAILABLE: io exception]
2026-01-04 09:25:37 [sj-client-check] WARN  c.a.s.c.c.r.c.g.SnailJobGrpcClient - gRPC channel state=TRANSIENT_FAILURE, try reconnect...
2026-01-04 09:25:38 [snail-job-grpc-client-executor-127.0.0.1-25] ERROR c.a.s.c.c.handler.ClientRegister - heartbeat check requestId:[25] message:[UNAVAILABLE: io exception]
2026-01-04 09:25:46 [XNIO-1 task-4] INFO  o.d.c.w.i.PlusWebInvokeTimeInterceptor - [PLUS]开始请求 => URL[POST /auth/social/callback],参数类型[json],参数:[{"socialCode":"617d04e5-6362-4a95-8545-b18433c1589b","socialState":"eyJkb21haW4iOiJsb2NhbGhvc3Q6ODEiLCJ0ZW5hbnRJZCI6IjAwMDAwMCIsInN0YXRlIjoiM2IyY2Q4MzY2ZGViZGZjODBlNjQ5MTcyMDQ0ODUyNDEifQ==","tenantId":"000000","source":"maxkey","clientId":"e5cd7e4891bf95d1d19206ce24a7b32e","grantType":"social"}]
2026-01-04 09:25:46 [XNIO-1 task-4] ERROR o.d.c.w.h.GlobalExceptionHandler - 请求地址'/auth/social/callback',发生未知异常.
org.springframework.jdbc.BadSqlGrammarException: 
### Error updating database.  Cause: org.postgresql.util.PSQLException: ERROR: column "create_by" is of type bigint but expression is of type character varying
  建议：You will need to rewrite or cast the expression.
  位置：261
### The error may exist in org/dromara/system/mapper/SysSocialMapper.java (best guess)
### The error may involve org.dromara.system.mapper.SysSocialMapper.insert-Inline
### The error occurred while setting parameters
### SQL: INSERT INTO sys_social (id, user_id, auth_id, source, access_token, expire_in, open_id, user_name, nick_name, scope, token_type, create_dept, create_by, create_time, update_by, update_time, tenant_id) VALUES (?, ?, ?, ?, ?, ?, ?, ?, ?, ?, ?, ?, ?, ?, ?, ?, '000000')
### Cause: org.postgresql.util.PSQLException: ERROR: column "create_by" is of type bigint but expression is of type character varying
  建议：You will need to rewrite or cast the expression.
  位置：261
; bad SQL grammar []
	at org.springframework.jdbc.support.SQLErrorCodeSQLExceptionTranslator.doTranslate(SQLErrorCodeSQLExceptionTranslator.java:246)
	at org.springframework.jdbc.support.AbstractFallbackSQLExceptionTranslator.translate(AbstractFallbackSQLExceptionTranslator.java:107)
	at org.mybatis.spring.MyBatisExceptionTranslator.translateExceptionIfPossible(MyBatisExceptionTranslator.java:95)
	at org.mybatis.spring.SqlSessionTemplate$SqlSessionInterceptor.invoke(SqlSessionTemplate.java:347)
	at jdk.proxy2/jdk.proxy2.$Proxy149.insert(Unknown Source)
	at org.mybatis.spring.SqlSessionTemplate.insert(SqlSessionTemplate.java:224)
	at com.baomidou.mybatisplus.core.override.MybatisMapperMethod.execute(MybatisMapperMethod.java:59)
	at com.baomidou.mybatisplus.core.override.MybatisMapperProxy$PlainMethodInvoker.invoke(MybatisMapperProxy.java:156)
	at com.baomidou.mybatisplus.core.override.MybatisMapperProxy.invoke(MybatisMapperProxy.java:93)
	at jdk.proxy2/jdk.proxy2.$Proxy165.insert(Unknown Source)
	at org.dromara.system.service.impl.SysSocialServiceImpl.insertByBo(SysSocialServiceImpl.java:63)
	at org.dromara.web.service.SysLoginService.socialRegister(SysLoginService.java:96)
	at java.base/jdk.internal.reflect.NativeMethodAccessorImpl.invoke0(Native Method)
	at java.base/jdk.internal.reflect.NativeMethodAccessorImpl.invoke(NativeMethodAccessorImpl.java:77)
	at java.base/jdk.internal.reflect.DelegatingMethodAccessorImpl.invoke(DelegatingMethodAccessorImpl.java:43)
	at java.base/java.lang.reflect.Method.invoke(Method.java:569)
	at org.springframework.aop.support.AopUtils.invokeJoinpointUsingReflection(AopUtils.java:360)
	at org.springframework.aop.framework.ReflectiveMethodInvocation.invokeJoinpoint(ReflectiveMethodInvocation.java:196)
	at org.springframework.aop.framework.ReflectiveMethodInvocation.proceed(ReflectiveMethodInvocation.java:163)
	at com.baomidou.lock.aop.LockInterceptor.invoke(LockInterceptor.java:81)
	at org.springframework.aop.framework.ReflectiveMethodInvocation.proceed(ReflectiveMethodInvocation.java:184)
	at org.springframework.aop.framework.CglibAopProxy$DynamicAdvisedInterceptor.intercept(CglibAopProxy.java:728)
	at org.dromara.web.service.SysLoginService$$SpringCGLIB$$0.socialRegister(<generated>)
	at org.dromara.web.controller.AuthController.socialCallback(AuthController.java:158)
	at java.base/jdk.internal.reflect.NativeMethodAccessorImpl.invoke0(Native Method)
	at java.base/jdk.internal.reflect.NativeMethodAccessorImpl.invoke(NativeMethodAccessorImpl.java:77)
	at java.base/jdk.internal.reflect.DelegatingMethodAccessorImpl.invoke(DelegatingMethodAccessorImpl.java:43)
	at java.base/java.lang.reflect.Method.invoke(Method.java:569)
	at org.springframework.aop.support.AopUtils.invokeJoinpointUsingReflection(AopUtils.java:360)
	at org.springframework.aop.framework.ReflectiveMethodInvocation.invokeJoinpoint(ReflectiveMethodInvocation.java:196)
	at org.springframework.aop.framework.ReflectiveMethodInvocation.proceed(ReflectiveMethodInvocation.java:163)
	at org.springframework.aop.interceptor.ExposeInvocationInterceptor.invoke(ExposeInvocationInterceptor.java:97)
	at org.springframework.aop.framework.ReflectiveMethodInvocation.proceed(ReflectiveMethodInvocation.java:184)
	at org.springframework.aop.framework.CglibAopProxy$DynamicAdvisedInterceptor.intercept(CglibAopProxy.java:728)
	at org.dromara.web.controller.AuthController$$SpringCGLIB$$0.socialCallback(<generated>)
	at java.base/jdk.internal.reflect.NativeMethodAccessorImpl.invoke0(Native Method)
	at java.base/jdk.internal.reflect.NativeMethodAccessorImpl.invoke(NativeMethodAccessorImpl.java:77)
	at java.base/jdk.internal.reflect.DelegatingMethodAccessorImpl.invoke(DelegatingMethodAccessorImpl.java:43)
	at java.base/java.lang.reflect.Method.invoke(Method.java:569)
	at org.springframework.web.method.support.InvocableHandlerMethod.doInvoke(InvocableHandlerMethod.java:258)
	at org.springframework.web.method.support.InvocableHandlerMethod.invokeForRequest(InvocableHandlerMethod.java:191)
	at org.springframework.web.servlet.mvc.method.annotation.ServletInvocableHandlerMethod.invokeAndHandle(ServletInvocableHandlerMethod.java:118)
	at org.springframework.web.servlet.mvc.method.annotation.RequestMappingHandlerAdapter.invokeHandlerMethod(RequestMappingHandlerAdapter.java:991)
	at org.springframework.web.servlet.mvc.method.annotation.RequestMappingHandlerAdapter.handleInternal(RequestMappingHandlerAdapter.java:896)
	at org.springframework.web.servlet.mvc.method.AbstractHandlerMethodAdapter.handle(AbstractHandlerMethodAdapter.java:87)
	at org.springframework.web.servlet.DispatcherServlet.doDispatch(DispatcherServlet.java:1089)
	at org.springframework.web.servlet.DispatcherServlet.doService(DispatcherServlet.java:979)
	at org.springframework.web.servlet.FrameworkServlet.processRequest(FrameworkServlet.java:1014)
	at org.springframework.web.servlet.FrameworkServlet.doPost(FrameworkServlet.java:914)
	at jakarta.servlet.http.HttpServlet.service(HttpServlet.java:547)
	at org.springframework.web.servlet.FrameworkServlet.service(FrameworkServlet.java:885)
	at jakarta.servlet.http.HttpServlet.service(HttpServlet.java:614)
	at io.undertow.servlet.handlers.ServletHandler.handleRequest(ServletHandler.java:74)
	at io.undertow.servlet.handlers.FilterHandler$FilterChainImpl.doFilter(FilterHandler.java:129)
	at org.springframework.web.filter.CorsFilter.doFilterInternal(CorsFilter.java:91)
	at org.springframework.web.filter.OncePerRequestFilter.doFilter(OncePerRequestFilter.java:116)
	at io.undertow.servlet.core.ManagedFilter.doFilter(ManagedFilter.java:67)
	at io.undertow.servlet.handlers.FilterHandler$FilterChainImpl.doFilter(FilterHandler.java:131)
	at org.dromara.common.web.filter.RepeatableFilter.doFilter(RepeatableFilter.java:32)
	at io.undertow.servlet.core.ManagedFilter.doFilter(ManagedFilter.java:67)
	at io.undertow.servlet.handlers.FilterHandler$FilterChainImpl.doFilter(FilterHandler.java:131)
	at cn.dev33.satoken.filter.SaServletFilter.doFilter(SaServletFilter.java:143)
	at io.undertow.servlet.core.ManagedFilter.doFilter(ManagedFilter.java:67)
	at io.undertow.servlet.handlers.FilterHandler$FilterChainImpl.doFilter(FilterHandler.java:131)
	at cn.dev33.satoken.filter.SaFirewallCheckFilterForJakartaServlet.doFilter(SaFirewallCheckFilterForJakartaServlet.java:69)
	at io.undertow.servlet.core.ManagedFilter.doFilter(ManagedFilter.java:67)
	at io.undertow.servlet.handlers.FilterHandler$FilterChainImpl.doFilter(FilterHandler.java:131)
	at cn.dev33.satoken.filter.SaTokenCorsFilterForJakartaServlet.doFilter(SaTokenCorsFilterForJakartaServlet.java:52)
	at io.undertow.servlet.core.ManagedFilter.doFilter(ManagedFilter.java:67)
	at io.undertow.servlet.handlers.FilterHandler$FilterChainImpl.doFilter(FilterHandler.java:131)
	at cn.dev33.satoken.filter.SaTokenContextFilterForJakartaServlet.doFilter(SaTokenContextFilterForJakartaServlet.java:40)
	at io.undertow.servlet.core.ManagedFilter.doFilter(ManagedFilter.java:67)
	at io.undertow.servlet.handlers.FilterHandler$FilterChainImpl.doFilter(FilterHandler.java:131)
	at org.springframework.web.filter.RequestContextFilter.doFilterInternal(RequestContextFilter.java:100)
	at org.springframework.web.filter.OncePerRequestFilter.doFilter(OncePerRequestFilter.java:116)
	at io.undertow.servlet.core.ManagedFilter.doFilter(ManagedFilter.java:67)
	at io.undertow.servlet.handlers.FilterHandler$FilterChainImpl.doFilter(FilterHandler.java:131)
	at org.springframework.web.filter.FormContentFilter.doFilterInternal(FormContentFilter.java:93)
	at org.springframework.web.filter.OncePerRequestFilter.doFilter(OncePerRequestFilter.java:116)
	at io.undertow.servlet.core.ManagedFilter.doFilter(ManagedFilter.java:67)
	at io.undertow.servlet.handlers.FilterHandler$FilterChainImpl.doFilter(FilterHandler.java:131)
	at org.dromara.common.web.filter.XssFilter.doFilter(XssFilter.java:42)
	at io.undertow.servlet.core.ManagedFilter.doFilter(ManagedFilter.java:67)
	at io.undertow.servlet.handlers.FilterHandler$FilterChainImpl.doFilter(FilterHandler.java:131)
	at org.springframework.web.filter.ServerHttpObservationFilter.doFilterInternal(ServerHttpObservationFilter.java:110)
	at org.springframework.web.filter.OncePerRequestFilter.doFilter(OncePerRequestFilter.java:116)
	at io.undertow.servlet.core.ManagedFilter.doFilter(ManagedFilter.java:67)
	at io.undertow.servlet.handlers.FilterHandler$FilterChainImpl.doFilter(FilterHandler.java:131)
	at org.springframework.web.filter.CharacterEncodingFilter.doFilterInternal(CharacterEncodingFilter.java:201)
	at org.springframework.web.filter.OncePerRequestFilter.doFilter(OncePerRequestFilter.java:116)
	at io.undertow.servlet.core.ManagedFilter.doFilter(ManagedFilter.java:67)
	at io.undertow.servlet.handlers.FilterHandler$FilterChainImpl.doFilter(FilterHandler.java:131)
	at io.undertow.servlet.handlers.FilterHandler.handleRequest(FilterHandler.java:84)
	at io.undertow.servlet.handlers.security.ServletSecurityRoleHandler.handleRequest(ServletSecurityRoleHandler.java:62)
	at io.undertow.servlet.handlers.ServletChain$1.handleRequest(ServletChain.java:68)
	at io.undertow.servlet.handlers.ServletDispatchingHandler.handleRequest(ServletDispatchingHandler.java:36)
	at io.undertow.servlet.handlers.RedirectDirHandler.handleRequest(RedirectDirHandler.java:68)
	at io.undertow.servlet.handlers.security.SSLInformationAssociationHandler.handleRequest(SSLInformationAssociationHandler.java:117)
	at io.undertow.servlet.handlers.security.ServletAuthenticationCallHandler.handleRequest(ServletAuthenticationCallHandler.java:57)
	at io.undertow.server.handlers.PredicateHandler.handleRequest(PredicateHandler.java:43)
	at io.undertow.security.handlers.AbstractConfidentialityHandler.handleRequest(AbstractConfidentialityHandler.java:46)
	at io.undertow.servlet.handlers.security.ServletConfidentialityConstraintHandler.handleRequest(ServletConfidentialityConstraintHandler.java:64)
	at io.undertow.security.handlers.AuthenticationMechanismsHandler.handleRequest(AuthenticationMechanismsHandler.java:60)
	at io.undertow.servlet.handlers.security.CachedAuthenticatedSessionHandler.handleRequest(CachedAuthenticatedSessionHandler.java:75)
	at io.undertow.security.handlers.AbstractSecurityContextAssociationHandler.handleRequest(AbstractSecurityContextAssociationHandler.java:43)
	at io.undertow.server.handlers.PredicateHandler.handleRequest(PredicateHandler.java:43)
	at io.undertow.servlet.handlers.SendErrorPageHandler.handleRequest(SendErrorPageHandler.java:52)
	at io.undertow.server.handlers.PredicateHandler.handleRequest(PredicateHandler.java:43)
	at io.undertow.servlet.handlers.ServletInitialHandler.handleFirstRequest(ServletInitialHandler.java:271)
	at io.undertow.servlet.handlers.ServletInitialHandler$1.call(ServletInitialHandler.java:130)
	at io.undertow.servlet.handlers.ServletInitialHandler$1.call(ServletInitialHandler.java:127)
	at io.undertow.servlet.core.ServletRequestContextThreadSetupAction$1.call(ServletRequestContextThreadSetupAction.java:48)
	at io.undertow.servlet.core.ContextClassLoaderSetupAction$1.call(ContextClassLoaderSetupAction.java:43)
	at io.undertow.servlet.handlers.ServletInitialHandler.dispatchRequest(ServletInitialHandler.java:251)
	at io.undertow.servlet.handlers.ServletInitialHandler.lambda$new$1(ServletInitialHandler.java:99)
	at io.undertow.server.Connectors.executeRootHandler(Connectors.java:395)
	at io.undertow.server.HttpServerExchange$1.run(HttpServerExchange.java:900)
	at org.jboss.threads.ContextHandler$1.runWith(ContextHandler.java:18)
	at org.jboss.threads.EnhancedQueueExecutor$Task.doRunWith(EnhancedQueueExecutor.java:2691)
	at org.jboss.threads.EnhancedQueueExecutor$Task.run(EnhancedQueueExecutor.java:2670)
	at org.jboss.threads.EnhancedQueueExecutor$ThreadBody.run(EnhancedQueueExecutor.java:1615)
	at org.xnio.XnioWorker$WorkerThreadFactory$1$1.run(XnioWorker.java:1282)
	at java.base/java.lang.Thread.run(Thread.java:840)
Caused by: org.postgresql.util.PSQLException: ERROR: column "create_by" is of type bigint but expression is of type character varying
  建议：You will need to rewrite or cast the expression.
  位置：261
	at org.postgresql.core.v3.QueryExecutorImpl.receiveErrorResponse(QueryExecutorImpl.java:2736)
	at org.postgresql.core.v3.QueryExecutorImpl.processResults(QueryExecutorImpl.java:2421)
	at org.postgresql.core.v3.QueryExecutorImpl.execute(QueryExecutorImpl.java:372)
	at org.postgresql.jdbc.PgStatement.executeInternal(PgStatement.java:525)
	at org.postgresql.jdbc.PgStatement.execute(PgStatement.java:435)
	at org.postgresql.jdbc.PgPreparedStatement.executeWithFlags(PgPreparedStatement.java:196)
	at org.postgresql.jdbc.PgPreparedStatement.execute(PgPreparedStatement.java:182)
	at com.zaxxer.hikari.pool.ProxyPreparedStatement.execute(ProxyPreparedStatement.java:44)
	at com.zaxxer.hikari.pool.HikariProxyPreparedStatement.execute(HikariProxyPreparedStatement.java)
	at com.p6spy.engine.wrapper.PreparedStatementWrapper.execute(PreparedStatementWrapper.java:362)
	at org.apache.ibatis.executor.statement.PreparedStatementHandler.update(PreparedStatementHandler.java:48)
	at org.apache.ibatis.executor.statement.RoutingStatementHandler.update(RoutingStatementHandler.java:75)
	at java.base/jdk.internal.reflect.NativeMethodAccessorImpl.invoke0(Native Method)
	at java.base/jdk.internal.reflect.NativeMethodAccessorImpl.invoke(NativeMethodAccessorImpl.java:77)
	at java.base/jdk.internal.reflect.DelegatingMethodAccessorImpl.invoke(DelegatingMethodAccessorImpl.java:43)
	at java.base/java.lang.reflect.Method.invoke(Method.java:569)
	at org.apache.ibatis.plugin.Plugin.invoke(Plugin.java:61)
	at jdk.proxy2/jdk.proxy2.$Proxy256.update(Unknown Source)
	at org.apache.ibatis.executor.SimpleExecutor.doUpdate(SimpleExecutor.java:50)
	at org.apache.ibatis.executor.BaseExecutor.update(BaseExecutor.java:117)
	at org.apache.ibatis.executor.CachingExecutor.update(CachingExecutor.java:76)
	at java.base/jdk.internal.reflect.NativeMethodAccessorImpl.invoke0(Native Method)
	at java.base/jdk.internal.reflect.NativeMethodAccessorImpl.invoke(NativeMethodAccessorImpl.java:77)
	at java.base/jdk.internal.reflect.DelegatingMethodAccessorImpl.invoke(DelegatingMethodAccessorImpl.java:43)
	at java.base/java.lang.reflect.Method.invoke(Method.java:569)
	at org.apache.ibatis.plugin.Invocation.proceed(Invocation.java:61)
	at com.baomidou.mybatisplus.extension.plugins.MybatisPlusInterceptor.intercept(MybatisPlusInterceptor.java:106)
	at org.apache.ibatis.plugin.Plugin.invoke(Plugin.java:59)
	at jdk.proxy2/jdk.proxy2.$Proxy255.update(Unknown Source)
	at org.apache.ibatis.session.defaults.DefaultSqlSession.update(DefaultSqlSession.java:197)
	at org.apache.ibatis.session.defaults.DefaultSqlSession.insert(DefaultSqlSession.java:184)
	at java.base/jdk.internal.reflect.NativeMethodAccessorImpl.invoke0(Native Method)
	at java.base/jdk.internal.reflect.NativeMethodAccessorImpl.invoke(NativeMethodAccessorImpl.java:77)
	at java.base/jdk.internal.reflect.DelegatingMethodAccessorImpl.invoke(DelegatingMethodAccessorImpl.java:43)
	at java.base/java.lang.reflect.Method.invoke(Method.java:569)
	at org.mybatis.spring.SqlSessionTemplate$SqlSessionInterceptor.invoke(SqlSessionTemplate.java:333)
	... 119 common frames omitted
2026-01-04 09:25:46 [XNIO-1 task-4] INFO  o.d.c.w.i.PlusWebInvokeTimeInterceptor - [PLUS]结束请求 => URL[POST /auth/social/callback],耗时:[335]毫秒
2026-01-04 09:25:47 [sj-client-check] WARN  c.a.s.c.c.r.c.g.SnailJobGrpcClient - gRPC channel state=TRANSIENT_FAILURE, try reconnect...
2026-01-04 09:25:48 [snail-job-grpc-client-executor-127.0.0.1-26] ERROR c.a.s.c.c.handler.ClientRegister - heartbeat check requestId:[26] message:[UNAVAILABLE: io exception]
2026-01-04 09:25:49 [XNIO-1 task-4] INFO  o.d.c.w.i.PlusWebInvokeTimeInterceptor - [PLUS]开始请求 => URL[GET /system/user/getInfo],无参数
2026-01-04 09:25:49 [XNIO-1 task-4] INFO  o.d.c.w.i.PlusWebInvokeTimeInterceptor - [PLUS]结束请求 => URL[GET /system/user/getInfo],耗时:[13]毫秒
2026-01-04 09:25:49 [XNIO-1 task-4] INFO  o.d.c.w.i.PlusWebInvokeTimeInterceptor - [PLUS]开始请求 => URL[GET /system/menu/getRouters],无参数
2026-01-04 09:25:49 [XNIO-1 task-4] INFO  o.d.c.w.i.PlusWebInvokeTimeInterceptor - [PLUS]结束请求 => URL[GET /system/menu/getRouters],耗时:[12]毫秒
2026-01-04 09:25:49 [XNIO-1 task-4] INFO  o.d.c.w.i.PlusWebInvokeTimeInterceptor - [PLUS]开始请求 => URL[GET /auth/tenant/list],无参数
2026-01-04 09:25:49 [XNIO-1 task-4] INFO  o.d.c.r.aspectj.RateLimiterAspect - 限制令牌 => 20, 剩余令牌 => 19, 缓存key => 'global:rate_limit:/auth/tenant/list:0:0:0:0:0:0:0:1:'
2026-01-04 09:25:49 [XNIO-1 task-4] INFO  o.d.c.w.i.PlusWebInvokeTimeInterceptor - [PLUS]结束请求 => URL[GET /auth/tenant/list],耗时:[9]毫秒
2026-01-04 09:25:49 [XNIO-1 task-4] INFO  o.d.c.w.i.PlusWebInvokeTimeInterceptor - [PLUS]开始请求 => URL[GET /resource/sse],参数类型[param],参数:[{"Authorization":["Bearer eyJ0eXAiOiJKV1QiLCJhbGciOiJIUzI1NiJ9.eyJsb2dpblR5cGUiOiJsb2dpbiIsImxvZ2luSWQiOiJzeXNfdXNlcjoxIiwicm5TdHIiOiJGbm9mOWZNYlJRWjVHenhxOWpYUHlBZ3A0aVJxbHRPdCIsImNsaWVudGlkIjoiZTVjZDdlNDg5MWJmOTVkMWQxOTIwNmNlMjRhN2IzMmUiLCJ0ZW5hbnRJZCI6IjAwMDAwMCIsInVzZXJJZCI6IjEiLCJ1c2VyTmFtZSI6ImFkbWluIiwiZGVwdElkIjoxLCJkZXB0TmFtZSI6IuW5v-S4nOebiOa1qeW3peiJuuWItuWTgeaciemZkOWFrOWPuCIsImRlcHRDYXRlZ29yeSI6IiJ9.EihSUco_cOwVoTDoHyxiziIeurd7h7YbtILA_AQWQKE"],"clientid":["e5cd7e4891bf95d1d19206ce24a7b32e"]}]
2026-01-04 09:25:54 [XNIO-1 task-4] INFO  o.d.c.w.i.PlusWebInvokeTimeInterceptor - [PLUS]开始请求 => URL[GET /system/dict/data/type/sys_device_type],无参数
2026-01-04 09:25:54 [XNIO-1 task-4] INFO  o.d.c.w.i.PlusWebInvokeTimeInterceptor - [PLUS]结束请求 => URL[GET /system/dict/data/type/sys_device_type],耗时:[3]毫秒
2026-01-04 09:25:54 [XNIO-1 task-4] INFO  o.d.c.w.i.PlusWebInvokeTimeInterceptor - [PLUS]开始请求 => URL[GET /system/social/list],无参数
2026-01-04 09:25:54 [XNIO-1 task-3] INFO  o.d.c.w.i.PlusWebInvokeTimeInterceptor - [PLUS]开始请求 => URL[GET /system/user/profile],无参数
2026-01-04 09:25:54 [XNIO-1 task-5] INFO  o.d.c.w.i.PlusWebInvokeTimeInterceptor - [PLUS]开始请求 => URL[GET /monitor/online],无参数
2026-01-04 09:25:54 [XNIO-1 task-5] INFO  o.d.c.w.i.PlusWebInvokeTimeInterceptor - [PLUS]结束请求 => URL[GET /monitor/online],耗时:[3]毫秒
2026-01-04 09:25:54 [XNIO-1 task-4] INFO  o.d.c.w.i.PlusWebInvokeTimeInterceptor - [PLUS]结束请求 => URL[GET /system/social/list],耗时:[6]毫秒
2026-01-04 09:25:54 [XNIO-1 task-3] INFO  o.d.c.w.i.PlusWebInvokeTimeInterceptor - [PLUS]结束请求 => URL[GET /system/user/profile],耗时:[16]毫秒
2026-01-04 09:25:57 [sj-client-check] WARN  c.a.s.c.c.r.c.g.SnailJobGrpcClient - gRPC channel state=TRANSIENT_FAILURE, try reconnect...
2026-01-04 09:25:57 [XNIO-1 task-3] INFO  o.d.c.w.i.PlusWebInvokeTimeInterceptor - [PLUS]开始请求 => URL[GET /auth/binding/maxkey],参数类型[param],参数:[{"domain":["localhost:81"],"tenantId":["000000"]}]
2026-01-04 09:25:57 [XNIO-1 task-3] INFO  o.d.c.w.i.PlusWebInvokeTimeInterceptor - [PLUS]结束请求 => URL[GET /auth/binding/maxkey],耗时:[1]毫秒
2026-01-04 09:25:58 [XNIO-1 task-3] INFO  o.d.c.w.i.PlusWebInvokeTimeInterceptor - [PLUS]开始请求 => URL[POST /auth/social/callback],参数类型[json],参数:[{"socialCode":"cd2c0576-2404-4bf1-8b88-2bc764754d09","socialState":"eyJkb21haW4iOiJsb2NhbGhvc3Q6ODEiLCJ0ZW5hbnRJZCI6IjAwMDAwMCIsInN0YXRlIjoiNjM5NGE4YjViY2I2NDZiOTc5YTVmNzc0MTFlZmNmMGMifQ==","tenantId":"000000","source":"maxkey","clientId":"e5cd7e4891bf95d1d19206ce24a7b32e","grantType":"social"}]
2026-01-04 09:25:58 [snail-job-grpc-client-executor-127.0.0.1-27] ERROR c.a.s.c.c.handler.ClientRegister - heartbeat check requestId:[27] message:[UNAVAILABLE: io exception]
2026-01-04 09:25:58 [XNIO-1 task-3] ERROR o.d.c.w.h.GlobalExceptionHandler - 请求地址'/auth/social/callback',发生未知异常.
org.springframework.jdbc.BadSqlGrammarException: 
### Error updating database.  Cause: org.postgresql.util.PSQLException: ERROR: column "create_by" is of type bigint but expression is of type character varying
  建议：You will need to rewrite or cast the expression.
  位置：261
### The error may exist in org/dromara/system/mapper/SysSocialMapper.java (best guess)
### The error may involve org.dromara.system.mapper.SysSocialMapper.insert-Inline
### The error occurred while setting parameters
### SQL: INSERT INTO sys_social (id, user_id, auth_id, source, access_token, expire_in, open_id, user_name, nick_name, scope, token_type, create_dept, create_by, create_time, update_by, update_time, tenant_id) VALUES (?, ?, ?, ?, ?, ?, ?, ?, ?, ?, ?, ?, ?, ?, ?, ?, '000000')
### Cause: org.postgresql.util.PSQLException: ERROR: column "create_by" is of type bigint but expression is of type character varying
  建议：You will need to rewrite or cast the expression.
  位置：261
; bad SQL grammar []
	at org.springframework.jdbc.support.SQLErrorCodeSQLExceptionTranslator.doTranslate(SQLErrorCodeSQLExceptionTranslator.java:246)
	at org.springframework.jdbc.support.AbstractFallbackSQLExceptionTranslator.translate(AbstractFallbackSQLExceptionTranslator.java:107)
	at org.mybatis.spring.MyBatisExceptionTranslator.translateExceptionIfPossible(MyBatisExceptionTranslator.java:95)
	at org.mybatis.spring.SqlSessionTemplate$SqlSessionInterceptor.invoke(SqlSessionTemplate.java:347)
	at jdk.proxy2/jdk.proxy2.$Proxy149.insert(Unknown Source)
	at org.mybatis.spring.SqlSessionTemplate.insert(SqlSessionTemplate.java:224)
	at com.baomidou.mybatisplus.core.override.MybatisMapperMethod.execute(MybatisMapperMethod.java:59)
	at com.baomidou.mybatisplus.core.override.MybatisMapperProxy$PlainMethodInvoker.invoke(MybatisMapperProxy.java:156)
	at com.baomidou.mybatisplus.core.override.MybatisMapperProxy.invoke(MybatisMapperProxy.java:93)
	at jdk.proxy2/jdk.proxy2.$Proxy165.insert(Unknown Source)
	at org.dromara.system.service.impl.SysSocialServiceImpl.insertByBo(SysSocialServiceImpl.java:63)
	at org.dromara.web.service.SysLoginService.socialRegister(SysLoginService.java:96)
	at java.base/jdk.internal.reflect.NativeMethodAccessorImpl.invoke0(Native Method)
	at java.base/jdk.internal.reflect.NativeMethodAccessorImpl.invoke(NativeMethodAccessorImpl.java:77)
	at java.base/jdk.internal.reflect.DelegatingMethodAccessorImpl.invoke(DelegatingMethodAccessorImpl.java:43)
	at java.base/java.lang.reflect.Method.invoke(Method.java:569)
	at org.springframework.aop.support.AopUtils.invokeJoinpointUsingReflection(AopUtils.java:360)
	at org.springframework.aop.framework.ReflectiveMethodInvocation.invokeJoinpoint(ReflectiveMethodInvocation.java:196)
	at org.springframework.aop.framework.ReflectiveMethodInvocation.proceed(ReflectiveMethodInvocation.java:163)
	at com.baomidou.lock.aop.LockInterceptor.invoke(LockInterceptor.java:81)
	at org.springframework.aop.framework.ReflectiveMethodInvocation.proceed(ReflectiveMethodInvocation.java:184)
	at org.springframework.aop.framework.CglibAopProxy$DynamicAdvisedInterceptor.intercept(CglibAopProxy.java:728)
	at org.dromara.web.service.SysLoginService$$SpringCGLIB$$0.socialRegister(<generated>)
	at org.dromara.web.controller.AuthController.socialCallback(AuthController.java:158)
	at java.base/jdk.internal.reflect.NativeMethodAccessorImpl.invoke0(Native Method)
	at java.base/jdk.internal.reflect.NativeMethodAccessorImpl.invoke(NativeMethodAccessorImpl.java:77)
	at java.base/jdk.internal.reflect.DelegatingMethodAccessorImpl.invoke(DelegatingMethodAccessorImpl.java:43)
	at java.base/java.lang.reflect.Method.invoke(Method.java:569)
	at org.springframework.aop.support.AopUtils.invokeJoinpointUsingReflection(AopUtils.java:360)
	at org.springframework.aop.framework.ReflectiveMethodInvocation.invokeJoinpoint(ReflectiveMethodInvocation.java:196)
	at org.springframework.aop.framework.ReflectiveMethodInvocation.proceed(ReflectiveMethodInvocation.java:163)
	at org.springframework.aop.interceptor.ExposeInvocationInterceptor.invoke(ExposeInvocationInterceptor.java:97)
	at org.springframework.aop.framework.ReflectiveMethodInvocation.proceed(ReflectiveMethodInvocation.java:184)
	at org.springframework.aop.framework.CglibAopProxy$DynamicAdvisedInterceptor.intercept(CglibAopProxy.java:728)
	at org.dromara.web.controller.AuthController$$SpringCGLIB$$0.socialCallback(<generated>)
	at java.base/jdk.internal.reflect.NativeMethodAccessorImpl.invoke0(Native Method)
	at java.base/jdk.internal.reflect.NativeMethodAccessorImpl.invoke(NativeMethodAccessorImpl.java:77)
	at java.base/jdk.internal.reflect.DelegatingMethodAccessorImpl.invoke(DelegatingMethodAccessorImpl.java:43)
	at java.base/java.lang.reflect.Method.invoke(Method.java:569)
	at org.springframework.web.method.support.InvocableHandlerMethod.doInvoke(InvocableHandlerMethod.java:258)
	at org.springframework.web.method.support.InvocableHandlerMethod.invokeForRequest(InvocableHandlerMethod.java:191)
	at org.springframework.web.servlet.mvc.method.annotation.ServletInvocableHandlerMethod.invokeAndHandle(ServletInvocableHandlerMethod.java:118)
	at org.springframework.web.servlet.mvc.method.annotation.RequestMappingHandlerAdapter.invokeHandlerMethod(RequestMappingHandlerAdapter.java:991)
	at org.springframework.web.servlet.mvc.method.annotation.RequestMappingHandlerAdapter.handleInternal(RequestMappingHandlerAdapter.java:896)
	at org.springframework.web.servlet.mvc.method.AbstractHandlerMethodAdapter.handle(AbstractHandlerMethodAdapter.java:87)
	at org.springframework.web.servlet.DispatcherServlet.doDispatch(DispatcherServlet.java:1089)
	at org.springframework.web.servlet.DispatcherServlet.doService(DispatcherServlet.java:979)
	at org.springframework.web.servlet.FrameworkServlet.processRequest(FrameworkServlet.java:1014)
	at org.springframework.web.servlet.FrameworkServlet.doPost(FrameworkServlet.java:914)
	at jakarta.servlet.http.HttpServlet.service(HttpServlet.java:547)
	at org.springframework.web.servlet.FrameworkServlet.service(FrameworkServlet.java:885)
	at jakarta.servlet.http.HttpServlet.service(HttpServlet.java:614)
	at io.undertow.servlet.handlers.ServletHandler.handleRequest(ServletHandler.java:74)
	at io.undertow.servlet.handlers.FilterHandler$FilterChainImpl.doFilter(FilterHandler.java:129)
	at org.springframework.web.filter.CorsFilter.doFilterInternal(CorsFilter.java:91)
	at org.springframework.web.filter.OncePerRequestFilter.doFilter(OncePerRequestFilter.java:116)
	at io.undertow.servlet.core.ManagedFilter.doFilter(ManagedFilter.java:67)
	at io.undertow.servlet.handlers.FilterHandler$FilterChainImpl.doFilter(FilterHandler.java:131)
	at org.dromara.common.web.filter.RepeatableFilter.doFilter(RepeatableFilter.java:32)
	at io.undertow.servlet.core.ManagedFilter.doFilter(ManagedFilter.java:67)
	at io.undertow.servlet.handlers.FilterHandler$FilterChainImpl.doFilter(FilterHandler.java:131)
	at cn.dev33.satoken.filter.SaServletFilter.doFilter(SaServletFilter.java:143)
	at io.undertow.servlet.core.ManagedFilter.doFilter(ManagedFilter.java:67)
	at io.undertow.servlet.handlers.FilterHandler$FilterChainImpl.doFilter(FilterHandler.java:131)
	at cn.dev33.satoken.filter.SaFirewallCheckFilterForJakartaServlet.doFilter(SaFirewallCheckFilterForJakartaServlet.java:69)
	at io.undertow.servlet.core.ManagedFilter.doFilter(ManagedFilter.java:67)
	at io.undertow.servlet.handlers.FilterHandler$FilterChainImpl.doFilter(FilterHandler.java:131)
	at cn.dev33.satoken.filter.SaTokenCorsFilterForJakartaServlet.doFilter(SaTokenCorsFilterForJakartaServlet.java:52)
	at io.undertow.servlet.core.ManagedFilter.doFilter(ManagedFilter.java:67)
	at io.undertow.servlet.handlers.FilterHandler$FilterChainImpl.doFilter(FilterHandler.java:131)
	at cn.dev33.satoken.filter.SaTokenContextFilterForJakartaServlet.doFilter(SaTokenContextFilterForJakartaServlet.java:40)
	at io.undertow.servlet.core.ManagedFilter.doFilter(ManagedFilter.java:67)
	at io.undertow.servlet.handlers.FilterHandler$FilterChainImpl.doFilter(FilterHandler.java:131)
	at org.springframework.web.filter.RequestContextFilter.doFilterInternal(RequestContextFilter.java:100)
	at org.springframework.web.filter.OncePerRequestFilter.doFilter(OncePerRequestFilter.java:116)
	at io.undertow.servlet.core.ManagedFilter.doFilter(ManagedFilter.java:67)
	at io.undertow.servlet.handlers.FilterHandler$FilterChainImpl.doFilter(FilterHandler.java:131)
	at org.springframework.web.filter.FormContentFilter.doFilterInternal(FormContentFilter.java:93)
	at org.springframework.web.filter.OncePerRequestFilter.doFilter(OncePerRequestFilter.java:116)
	at io.undertow.servlet.core.ManagedFilter.doFilter(ManagedFilter.java:67)
	at io.undertow.servlet.handlers.FilterHandler$FilterChainImpl.doFilter(FilterHandler.java:131)
	at org.dromara.common.web.filter.XssFilter.doFilter(XssFilter.java:42)
	at io.undertow.servlet.core.ManagedFilter.doFilter(ManagedFilter.java:67)
	at io.undertow.servlet.handlers.FilterHandler$FilterChainImpl.doFilter(FilterHandler.java:131)
	at org.springframework.web.filter.ServerHttpObservationFilter.doFilterInternal(ServerHttpObservationFilter.java:110)
	at org.springframework.web.filter.OncePerRequestFilter.doFilter(OncePerRequestFilter.java:116)
	at io.undertow.servlet.core.ManagedFilter.doFilter(ManagedFilter.java:67)
	at io.undertow.servlet.handlers.FilterHandler$FilterChainImpl.doFilter(FilterHandler.java:131)
	at org.springframework.web.filter.CharacterEncodingFilter.doFilterInternal(CharacterEncodingFilter.java:201)
	at org.springframework.web.filter.OncePerRequestFilter.doFilter(OncePerRequestFilter.java:116)
	at io.undertow.servlet.core.ManagedFilter.doFilter(ManagedFilter.java:67)
	at io.undertow.servlet.handlers.FilterHandler$FilterChainImpl.doFilter(FilterHandler.java:131)
	at io.undertow.servlet.handlers.FilterHandler.handleRequest(FilterHandler.java:84)
	at io.undertow.servlet.handlers.security.ServletSecurityRoleHandler.handleRequest(ServletSecurityRoleHandler.java:62)
	at io.undertow.servlet.handlers.ServletChain$1.handleRequest(ServletChain.java:68)
	at io.undertow.servlet.handlers.ServletDispatchingHandler.handleRequest(ServletDispatchingHandler.java:36)
	at io.undertow.servlet.handlers.RedirectDirHandler.handleRequest(RedirectDirHandler.java:68)
	at io.undertow.servlet.handlers.security.SSLInformationAssociationHandler.handleRequest(SSLInformationAssociationHandler.java:117)
	at io.undertow.servlet.handlers.security.ServletAuthenticationCallHandler.handleRequest(ServletAuthenticationCallHandler.java:57)
	at io.undertow.server.handlers.PredicateHandler.handleRequest(PredicateHandler.java:43)
	at io.undertow.security.handlers.AbstractConfidentialityHandler.handleRequest(AbstractConfidentialityHandler.java:46)
	at io.undertow.servlet.handlers.security.ServletConfidentialityConstraintHandler.handleRequest(ServletConfidentialityConstraintHandler.java:64)
	at io.undertow.security.handlers.AuthenticationMechanismsHandler.handleRequest(AuthenticationMechanismsHandler.java:60)
	at io.undertow.servlet.handlers.security.CachedAuthenticatedSessionHandler.handleRequest(CachedAuthenticatedSessionHandler.java:75)
	at io.undertow.security.handlers.AbstractSecurityContextAssociationHandler.handleRequest(AbstractSecurityContextAssociationHandler.java:43)
	at io.undertow.server.handlers.PredicateHandler.handleRequest(PredicateHandler.java:43)
	at io.undertow.servlet.handlers.SendErrorPageHandler.handleRequest(SendErrorPageHandler.java:52)
	at io.undertow.server.handlers.PredicateHandler.handleRequest(PredicateHandler.java:43)
	at io.undertow.servlet.handlers.ServletInitialHandler.handleFirstRequest(ServletInitialHandler.java:271)
	at io.undertow.servlet.handlers.ServletInitialHandler$1.call(ServletInitialHandler.java:130)
	at io.undertow.servlet.handlers.ServletInitialHandler$1.call(ServletInitialHandler.java:127)
	at io.undertow.servlet.core.ServletRequestContextThreadSetupAction$1.call(ServletRequestContextThreadSetupAction.java:48)
	at io.undertow.servlet.core.ContextClassLoaderSetupAction$1.call(ContextClassLoaderSetupAction.java:43)
	at io.undertow.servlet.handlers.ServletInitialHandler.dispatchRequest(ServletInitialHandler.java:251)
	at io.undertow.servlet.handlers.ServletInitialHandler.lambda$new$1(ServletInitialHandler.java:99)
	at io.undertow.server.Connectors.executeRootHandler(Connectors.java:395)
	at io.undertow.server.HttpServerExchange$1.run(HttpServerExchange.java:900)
	at org.jboss.threads.ContextHandler$1.runWith(ContextHandler.java:18)
	at org.jboss.threads.EnhancedQueueExecutor$Task.doRunWith(EnhancedQueueExecutor.java:2691)
	at org.jboss.threads.EnhancedQueueExecutor$Task.run(EnhancedQueueExecutor.java:2670)
	at org.jboss.threads.EnhancedQueueExecutor$ThreadBody.run(EnhancedQueueExecutor.java:1615)
	at org.xnio.XnioWorker$WorkerThreadFactory$1$1.run(XnioWorker.java:1282)
	at java.base/java.lang.Thread.run(Thread.java:840)
Caused by: org.postgresql.util.PSQLException: ERROR: column "create_by" is of type bigint but expression is of type character varying
  建议：You will need to rewrite or cast the expression.
  位置：261
	at org.postgresql.core.v3.QueryExecutorImpl.receiveErrorResponse(QueryExecutorImpl.java:2736)
	at org.postgresql.core.v3.QueryExecutorImpl.processResults(QueryExecutorImpl.java:2421)
	at org.postgresql.core.v3.QueryExecutorImpl.execute(QueryExecutorImpl.java:372)
	at org.postgresql.jdbc.PgStatement.executeInternal(PgStatement.java:525)
	at org.postgresql.jdbc.PgStatement.execute(PgStatement.java:435)
	at org.postgresql.jdbc.PgPreparedStatement.executeWithFlags(PgPreparedStatement.java:196)
	at org.postgresql.jdbc.PgPreparedStatement.execute(PgPreparedStatement.java:182)
	at com.zaxxer.hikari.pool.ProxyPreparedStatement.execute(ProxyPreparedStatement.java:44)
	at com.zaxxer.hikari.pool.HikariProxyPreparedStatement.execute(HikariProxyPreparedStatement.java)
	at com.p6spy.engine.wrapper.PreparedStatementWrapper.execute(PreparedStatementWrapper.java:362)
	at org.apache.ibatis.executor.statement.PreparedStatementHandler.update(PreparedStatementHandler.java:48)
	at org.apache.ibatis.executor.statement.RoutingStatementHandler.update(RoutingStatementHandler.java:75)
	at java.base/jdk.internal.reflect.NativeMethodAccessorImpl.invoke0(Native Method)
	at java.base/jdk.internal.reflect.NativeMethodAccessorImpl.invoke(NativeMethodAccessorImpl.java:77)
	at java.base/jdk.internal.reflect.DelegatingMethodAccessorImpl.invoke(DelegatingMethodAccessorImpl.java:43)
	at java.base/java.lang.reflect.Method.invoke(Method.java:569)
	at org.apache.ibatis.plugin.Plugin.invoke(Plugin.java:61)
	at jdk.proxy2/jdk.proxy2.$Proxy256.update(Unknown Source)
	at org.apache.ibatis.executor.SimpleExecutor.doUpdate(SimpleExecutor.java:50)
	at org.apache.ibatis.executor.BaseExecutor.update(BaseExecutor.java:117)
	at org.apache.ibatis.executor.CachingExecutor.update(CachingExecutor.java:76)
	at java.base/jdk.internal.reflect.NativeMethodAccessorImpl.invoke0(Native Method)
	at java.base/jdk.internal.reflect.NativeMethodAccessorImpl.invoke(NativeMethodAccessorImpl.java:77)
	at java.base/jdk.internal.reflect.DelegatingMethodAccessorImpl.invoke(DelegatingMethodAccessorImpl.java:43)
	at java.base/java.lang.reflect.Method.invoke(Method.java:569)
	at org.apache.ibatis.plugin.Invocation.proceed(Invocation.java:61)
	at com.baomidou.mybatisplus.extension.plugins.MybatisPlusInterceptor.intercept(MybatisPlusInterceptor.java:106)
	at org.apache.ibatis.plugin.Plugin.invoke(Plugin.java:59)
	at jdk.proxy2/jdk.proxy2.$Proxy255.update(Unknown Source)
	at org.apache.ibatis.session.defaults.DefaultSqlSession.update(DefaultSqlSession.java:197)
	at org.apache.ibatis.session.defaults.DefaultSqlSession.insert(DefaultSqlSession.java:184)
	at java.base/jdk.internal.reflect.NativeMethodAccessorImpl.invoke0(Native Method)
	at java.base/jdk.internal.reflect.NativeMethodAccessorImpl.invoke(NativeMethodAccessorImpl.java:77)
	at java.base/jdk.internal.reflect.DelegatingMethodAccessorImpl.invoke(DelegatingMethodAccessorImpl.java:43)
	at java.base/java.lang.reflect.Method.invoke(Method.java:569)
	at org.mybatis.spring.SqlSessionTemplate$SqlSessionInterceptor.invoke(SqlSessionTemplate.java:333)
	... 119 common frames omitted
2026-01-04 09:25:58 [XNIO-1 task-3] INFO  o.d.c.w.i.PlusWebInvokeTimeInterceptor - [PLUS]结束请求 => URL[POST /auth/social/callback],耗时:[38]毫秒
2026-01-04 09:26:00 [XNIO-1 task-3] INFO  o.d.c.w.i.PlusWebInvokeTimeInterceptor - [PLUS]开始请求 => URL[GET /system/user/getInfo],无参数
2026-01-04 09:26:00 [XNIO-1 task-3] INFO  o.d.c.w.i.PlusWebInvokeTimeInterceptor - [PLUS]结束请求 => URL[GET /system/user/getInfo],耗时:[9]毫秒
2026-01-04 09:26:00 [XNIO-1 task-3] INFO  o.d.c.w.i.PlusWebInvokeTimeInterceptor - [PLUS]开始请求 => URL[GET /system/menu/getRouters],无参数
2026-01-04 09:26:00 [XNIO-1 task-3] INFO  o.d.c.w.i.PlusWebInvokeTimeInterceptor - [PLUS]结束请求 => URL[GET /system/menu/getRouters],耗时:[7]毫秒
2026-01-04 09:26:01 [XNIO-1 task-3] INFO  o.d.c.w.i.PlusWebInvokeTimeInterceptor - [PLUS]开始请求 => URL[GET /auth/tenant/list],无参数
2026-01-04 09:26:01 [XNIO-1 task-3] INFO  o.d.c.r.aspectj.RateLimiterAspect - 限制令牌 => 20, 剩余令牌 => 18, 缓存key => 'global:rate_limit:/auth/tenant/list:0:0:0:0:0:0:0:1:'
2026-01-04 09:26:01 [XNIO-1 task-3] INFO  o.d.c.w.i.PlusWebInvokeTimeInterceptor - [PLUS]结束请求 => URL[GET /auth/tenant/list],耗时:[6]毫秒
2026-01-04 09:26:01 [XNIO-1 task-3] INFO  o.d.c.w.i.PlusWebInvokeTimeInterceptor - [PLUS]开始请求 => URL[GET /resource/sse],参数类型[param],参数:[{"Authorization":["Bearer eyJ0eXAiOiJKV1QiLCJhbGciOiJIUzI1NiJ9.eyJsb2dpblR5cGUiOiJsb2dpbiIsImxvZ2luSWQiOiJzeXNfdXNlcjoxIiwicm5TdHIiOiJGbm9mOWZNYlJRWjVHenhxOWpYUHlBZ3A0aVJxbHRPdCIsImNsaWVudGlkIjoiZTVjZDdlNDg5MWJmOTVkMWQxOTIwNmNlMjRhN2IzMmUiLCJ0ZW5hbnRJZCI6IjAwMDAwMCIsInVzZXJJZCI6IjEiLCJ1c2VyTmFtZSI6ImFkbWluIiwiZGVwdElkIjoxLCJkZXB0TmFtZSI6IuW5v-S4nOebiOa1qeW3peiJuuWItuWTgeaciemZkOWFrOWPuCIsImRlcHRDYXRlZ29yeSI6IiJ9.EihSUco_cOwVoTDoHyxiziIeurd7h7YbtILA_AQWQKE"],"clientid":["e5cd7e4891bf95d1d19206ce24a7b32e"]}]
2026-01-04 09:26:01 [XNIO-1 task-4] INFO  o.d.c.w.i.PlusWebInvokeTimeInterceptor - [PLUS]开始请求 => URL[GET /resource/sse],参数类型[param],参数:[{"Authorization":["Bearer eyJ0eXAiOiJKV1QiLCJhbGciOiJIUzI1NiJ9.eyJsb2dpblR5cGUiOiJsb2dpbiIsImxvZ2luSWQiOiJzeXNfdXNlcjoxIiwicm5TdHIiOiJGbm9mOWZNYlJRWjVHenhxOWpYUHlBZ3A0aVJxbHRPdCIsImNsaWVudGlkIjoiZTVjZDdlNDg5MWJmOTVkMWQxOTIwNmNlMjRhN2IzMmUiLCJ0ZW5hbnRJZCI6IjAwMDAwMCIsInVzZXJJZCI6IjEiLCJ1c2VyTmFtZSI6ImFkbWluIiwiZGVwdElkIjoxLCJkZXB0TmFtZSI6IuW5v-S4nOebiOa1qeW3peiJuuWItuWTgeaciemZkOWFrOWPuCIsImRlcHRDYXRlZ29yeSI6IiJ9.EihSUco_cOwVoTDoHyxiziIeurd7h7YbtILA_AQWQKE"],"clientid":["e5cd7e4891bf95d1d19206ce24a7b32e"]}]
2026-01-04 09:26:01 [XNIO-1 task-4] INFO  o.d.c.w.i.PlusWebInvokeTimeInterceptor - [PLUS]结束请求 => URL[GET /resource/sse],耗时:[0]毫秒
2026-01-04 09:26:01 [XNIO-1 task-3] INFO  o.d.c.w.i.PlusWebInvokeTimeInterceptor - [PLUS]开始请求 => URL[GET /resource/sse],参数类型[param],参数:[{"Authorization":["Bearer eyJ0eXAiOiJKV1QiLCJhbGciOiJIUzI1NiJ9.eyJsb2dpblR5cGUiOiJsb2dpbiIsImxvZ2luSWQiOiJzeXNfdXNlcjoxIiwicm5TdHIiOiJGbm9mOWZNYlJRWjVHenhxOWpYUHlBZ3A0aVJxbHRPdCIsImNsaWVudGlkIjoiZTVjZDdlNDg5MWJmOTVkMWQxOTIwNmNlMjRhN2IzMmUiLCJ0ZW5hbnRJZCI6IjAwMDAwMCIsInVzZXJJZCI6IjEiLCJ1c2VyTmFtZSI6ImFkbWluIiwiZGVwdElkIjoxLCJkZXB0TmFtZSI6IuW5v-S4nOebiOa1qeW3peiJuuWItuWTgeaciemZkOWFrOWPuCIsImRlcHRDYXRlZ29yeSI6IiJ9.EihSUco_cOwVoTDoHyxiziIeurd7h7YbtILA_AQWQKE"],"clientid":["e5cd7e4891bf95d1d19206ce24a7b32e"]}]
2026-01-04 09:26:01 [XNIO-1 task-3] INFO  o.d.c.w.i.PlusWebInvokeTimeInterceptor - [PLUS]结束请求 => URL[GET /resource/sse],耗时:[0]毫秒
2026-01-04 09:26:04 [XNIO-1 task-3] INFO  o.d.c.w.i.PlusWebInvokeTimeInterceptor - [PLUS]开始请求 => URL[GET /resource/sse],参数类型[param],参数:[{"Authorization":["Bearer eyJ0eXAiOiJKV1QiLCJhbGciOiJIUzI1NiJ9.eyJsb2dpblR5cGUiOiJsb2dpbiIsImxvZ2luSWQiOiJzeXNfdXNlcjoxIiwicm5TdHIiOiJGbm9mOWZNYlJRWjVHenhxOWpYUHlBZ3A0aVJxbHRPdCIsImNsaWVudGlkIjoiZTVjZDdlNDg5MWJmOTVkMWQxOTIwNmNlMjRhN2IzMmUiLCJ0ZW5hbnRJZCI6IjAwMDAwMCIsInVzZXJJZCI6IjEiLCJ1c2VyTmFtZSI6ImFkbWluIiwiZGVwdElkIjoxLCJkZXB0TmFtZSI6IuW5v-S4nOebiOa1qeW3peiJuuWItuWTgeaciemZkOWFrOWPuCIsImRlcHRDYXRlZ29yeSI6IiJ9.EihSUco_cOwVoTDoHyxiziIeurd7h7YbtILA_AQWQKE"],"clientid":["e5cd7e4891bf95d1d19206ce24a7b32e"]}]
2026-01-04 09:26:05 [XNIO-1 task-3] INFO  o.d.c.w.i.PlusWebInvokeTimeInterceptor - [PLUS]开始请求 => URL[GET /system/dict/data/type/sys_device_type],无参数
2026-01-04 09:26:05 [XNIO-1 task-3] INFO  o.d.c.w.i.PlusWebInvokeTimeInterceptor - [PLUS]结束请求 => URL[GET /system/dict/data/type/sys_device_type],耗时:[1]毫秒
2026-01-04 09:26:05 [XNIO-1 task-3] INFO  o.d.c.w.i.PlusWebInvokeTimeInterceptor - [PLUS]开始请求 => URL[GET /system/user/profile],无参数
2026-01-04 09:26:05 [XNIO-1 task-4] INFO  o.d.c.w.i.PlusWebInvokeTimeInterceptor - [PLUS]开始请求 => URL[GET /system/social/list],无参数
2026-01-04 09:26:05 [XNIO-1 task-5] INFO  o.d.c.w.i.PlusWebInvokeTimeInterceptor - [PLUS]开始请求 => URL[GET /monitor/online],无参数
2026-01-04 09:26:05 [XNIO-1 task-5] INFO  o.d.c.w.i.PlusWebInvokeTimeInterceptor - [PLUS]结束请求 => URL[GET /monitor/online],耗时:[2]毫秒
2026-01-04 09:26:05 [XNIO-1 task-4] INFO  o.d.c.w.i.PlusWebInvokeTimeInterceptor - [PLUS]结束请求 => URL[GET /system/social/list],耗时:[5]毫秒
2026-01-04 09:26:05 [XNIO-1 task-3] INFO  o.d.c.w.i.PlusWebInvokeTimeInterceptor - [PLUS]结束请求 => URL[GET /system/user/profile],耗时:[17]毫秒
2026-01-04 09:26:07 [XNIO-1 task-3] INFO  o.d.c.w.i.PlusWebInvokeTimeInterceptor - [PLUS]开始请求 => URL[GET /auth/binding/maxkey],参数类型[param],参数:[{"domain":["localhost:81"],"tenantId":["000000"]}]
2026-01-04 09:26:07 [XNIO-1 task-3] INFO  o.d.c.w.i.PlusWebInvokeTimeInterceptor - [PLUS]结束请求 => URL[GET /auth/binding/maxkey],耗时:[1]毫秒
2026-01-04 09:26:07 [sj-client-check] WARN  c.a.s.c.c.r.c.g.SnailJobGrpcClient - gRPC channel state=TRANSIENT_FAILURE, try reconnect...
2026-01-04 09:26:08 [snail-job-grpc-client-executor-127.0.0.1-28] ERROR c.a.s.c.c.handler.ClientRegister - heartbeat check requestId:[28] message:[UNAVAILABLE: io exception]
2026-01-04 09:26:15 [XNIO-1 task-3] INFO  o.d.c.w.i.PlusWebInvokeTimeInterceptor - [PLUS]开始请求 => URL[POST /auth/social/callback],参数类型[json],参数:[{"socialCode":"380a880e-9d89-41b7-812c-a128e5c0b250","socialState":"eyJkb21haW4iOiJsb2NhbGhvc3Q6ODEiLCJ0ZW5hbnRJZCI6IjAwMDAwMCIsInN0YXRlIjoiMzdmYmEwYjMzMTM5YzkwNTMzNTQ5N2MwY2YyZDJkMjAifQ==","tenantId":"000000","source":"maxkey","clientId":"e5cd7e4891bf95d1d19206ce24a7b32e","grantType":"social"}]
2026-01-04 09:26:16 [XNIO-1 task-3] ERROR o.d.c.w.h.GlobalExceptionHandler - 请求地址'/auth/social/callback',发生未知异常.
org.springframework.jdbc.BadSqlGrammarException: 
### Error updating database.  Cause: org.postgresql.util.PSQLException: ERROR: column "create_by" is of type bigint but expression is of type character varying
  建议：You will need to rewrite or cast the expression.
  位置：261
### The error may exist in org/dromara/system/mapper/SysSocialMapper.java (best guess)
### The error may involve org.dromara.system.mapper.SysSocialMapper.insert-Inline
### The error occurred while setting parameters
### SQL: INSERT INTO sys_social (id, user_id, auth_id, source, access_token, expire_in, open_id, user_name, nick_name, scope, token_type, create_dept, create_by, create_time, update_by, update_time, tenant_id) VALUES (?, ?, ?, ?, ?, ?, ?, ?, ?, ?, ?, ?, ?, ?, ?, ?, '000000')
### Cause: org.postgresql.util.PSQLException: ERROR: column "create_by" is of type bigint but expression is of type character varying
  建议：You will need to rewrite or cast the expression.
  位置：261
; bad SQL grammar []
	at org.springframework.jdbc.support.SQLErrorCodeSQLExceptionTranslator.doTranslate(SQLErrorCodeSQLExceptionTranslator.java:246)
	at org.springframework.jdbc.support.AbstractFallbackSQLExceptionTranslator.translate(AbstractFallbackSQLExceptionTranslator.java:107)
	at org.mybatis.spring.MyBatisExceptionTranslator.translateExceptionIfPossible(MyBatisExceptionTranslator.java:95)
	at org.mybatis.spring.SqlSessionTemplate$SqlSessionInterceptor.invoke(SqlSessionTemplate.java:347)
	at jdk.proxy2/jdk.proxy2.$Proxy149.insert(Unknown Source)
	at org.mybatis.spring.SqlSessionTemplate.insert(SqlSessionTemplate.java:224)
	at com.baomidou.mybatisplus.core.override.MybatisMapperMethod.execute(MybatisMapperMethod.java:59)
	at com.baomidou.mybatisplus.core.override.MybatisMapperProxy$PlainMethodInvoker.invoke(MybatisMapperProxy.java:156)
	at com.baomidou.mybatisplus.core.override.MybatisMapperProxy.invoke(MybatisMapperProxy.java:93)
	at jdk.proxy2/jdk.proxy2.$Proxy165.insert(Unknown Source)
	at org.dromara.system.service.impl.SysSocialServiceImpl.insertByBo(SysSocialServiceImpl.java:63)
	at org.dromara.web.service.SysLoginService.socialRegister(SysLoginService.java:96)
	at java.base/jdk.internal.reflect.NativeMethodAccessorImpl.invoke0(Native Method)
	at java.base/jdk.internal.reflect.NativeMethodAccessorImpl.invoke(NativeMethodAccessorImpl.java:77)
	at java.base/jdk.internal.reflect.DelegatingMethodAccessorImpl.invoke(DelegatingMethodAccessorImpl.java:43)
	at java.base/java.lang.reflect.Method.invoke(Method.java:569)
	at org.springframework.aop.support.AopUtils.invokeJoinpointUsingReflection(AopUtils.java:360)
	at org.springframework.aop.framework.ReflectiveMethodInvocation.invokeJoinpoint(ReflectiveMethodInvocation.java:196)
	at org.springframework.aop.framework.ReflectiveMethodInvocation.proceed(ReflectiveMethodInvocation.java:163)
	at com.baomidou.lock.aop.LockInterceptor.invoke(LockInterceptor.java:81)
	at org.springframework.aop.framework.ReflectiveMethodInvocation.proceed(ReflectiveMethodInvocation.java:184)
	at org.springframework.aop.framework.CglibAopProxy$DynamicAdvisedInterceptor.intercept(CglibAopProxy.java:728)
	at org.dromara.web.service.SysLoginService$$SpringCGLIB$$0.socialRegister(<generated>)
	at org.dromara.web.controller.AuthController.socialCallback(AuthController.java:158)
	at java.base/jdk.internal.reflect.NativeMethodAccessorImpl.invoke0(Native Method)
	at java.base/jdk.internal.reflect.NativeMethodAccessorImpl.invoke(NativeMethodAccessorImpl.java:77)
	at java.base/jdk.internal.reflect.DelegatingMethodAccessorImpl.invoke(DelegatingMethodAccessorImpl.java:43)
	at java.base/java.lang.reflect.Method.invoke(Method.java:569)
	at org.springframework.aop.support.AopUtils.invokeJoinpointUsingReflection(AopUtils.java:360)
	at org.springframework.aop.framework.ReflectiveMethodInvocation.invokeJoinpoint(ReflectiveMethodInvocation.java:196)
	at org.springframework.aop.framework.ReflectiveMethodInvocation.proceed(ReflectiveMethodInvocation.java:163)
	at org.springframework.aop.interceptor.ExposeInvocationInterceptor.invoke(ExposeInvocationInterceptor.java:97)
	at org.springframework.aop.framework.ReflectiveMethodInvocation.proceed(ReflectiveMethodInvocation.java:184)
	at org.springframework.aop.framework.CglibAopProxy$DynamicAdvisedInterceptor.intercept(CglibAopProxy.java:728)
	at org.dromara.web.controller.AuthController$$SpringCGLIB$$0.socialCallback(<generated>)
	at java.base/jdk.internal.reflect.NativeMethodAccessorImpl.invoke0(Native Method)
	at java.base/jdk.internal.reflect.NativeMethodAccessorImpl.invoke(NativeMethodAccessorImpl.java:77)
	at java.base/jdk.internal.reflect.DelegatingMethodAccessorImpl.invoke(DelegatingMethodAccessorImpl.java:43)
	at java.base/java.lang.reflect.Method.invoke(Method.java:569)
	at org.springframework.web.method.support.InvocableHandlerMethod.doInvoke(InvocableHandlerMethod.java:258)
	at org.springframework.web.method.support.InvocableHandlerMethod.invokeForRequest(InvocableHandlerMethod.java:191)
	at org.springframework.web.servlet.mvc.method.annotation.ServletInvocableHandlerMethod.invokeAndHandle(ServletInvocableHandlerMethod.java:118)
	at org.springframework.web.servlet.mvc.method.annotation.RequestMappingHandlerAdapter.invokeHandlerMethod(RequestMappingHandlerAdapter.java:991)
	at org.springframework.web.servlet.mvc.method.annotation.RequestMappingHandlerAdapter.handleInternal(RequestMappingHandlerAdapter.java:896)
	at org.springframework.web.servlet.mvc.method.AbstractHandlerMethodAdapter.handle(AbstractHandlerMethodAdapter.java:87)
	at org.springframework.web.servlet.DispatcherServlet.doDispatch(DispatcherServlet.java:1089)
	at org.springframework.web.servlet.DispatcherServlet.doService(DispatcherServlet.java:979)
	at org.springframework.web.servlet.FrameworkServlet.processRequest(FrameworkServlet.java:1014)
	at org.springframework.web.servlet.FrameworkServlet.doPost(FrameworkServlet.java:914)
	at jakarta.servlet.http.HttpServlet.service(HttpServlet.java:547)
	at org.springframework.web.servlet.FrameworkServlet.service(FrameworkServlet.java:885)
	at jakarta.servlet.http.HttpServlet.service(HttpServlet.java:614)
	at io.undertow.servlet.handlers.ServletHandler.handleRequest(ServletHandler.java:74)
	at io.undertow.servlet.handlers.FilterHandler$FilterChainImpl.doFilter(FilterHandler.java:129)
	at org.springframework.web.filter.CorsFilter.doFilterInternal(CorsFilter.java:91)
	at org.springframework.web.filter.OncePerRequestFilter.doFilter(OncePerRequestFilter.java:116)
	at io.undertow.servlet.core.ManagedFilter.doFilter(ManagedFilter.java:67)
	at io.undertow.servlet.handlers.FilterHandler$FilterChainImpl.doFilter(FilterHandler.java:131)
	at org.dromara.common.web.filter.RepeatableFilter.doFilter(RepeatableFilter.java:32)
	at io.undertow.servlet.core.ManagedFilter.doFilter(ManagedFilter.java:67)
	at io.undertow.servlet.handlers.FilterHandler$FilterChainImpl.doFilter(FilterHandler.java:131)
	at cn.dev33.satoken.filter.SaServletFilter.doFilter(SaServletFilter.java:143)
	at io.undertow.servlet.core.ManagedFilter.doFilter(ManagedFilter.java:67)
	at io.undertow.servlet.handlers.FilterHandler$FilterChainImpl.doFilter(FilterHandler.java:131)
	at cn.dev33.satoken.filter.SaFirewallCheckFilterForJakartaServlet.doFilter(SaFirewallCheckFilterForJakartaServlet.java:69)
	at io.undertow.servlet.core.ManagedFilter.doFilter(ManagedFilter.java:67)
	at io.undertow.servlet.handlers.FilterHandler$FilterChainImpl.doFilter(FilterHandler.java:131)
	at cn.dev33.satoken.filter.SaTokenCorsFilterForJakartaServlet.doFilter(SaTokenCorsFilterForJakartaServlet.java:52)
	at io.undertow.servlet.core.ManagedFilter.doFilter(ManagedFilter.java:67)
	at io.undertow.servlet.handlers.FilterHandler$FilterChainImpl.doFilter(FilterHandler.java:131)
	at cn.dev33.satoken.filter.SaTokenContextFilterForJakartaServlet.doFilter(SaTokenContextFilterForJakartaServlet.java:40)
	at io.undertow.servlet.core.ManagedFilter.doFilter(ManagedFilter.java:67)
	at io.undertow.servlet.handlers.FilterHandler$FilterChainImpl.doFilter(FilterHandler.java:131)
	at org.springframework.web.filter.RequestContextFilter.doFilterInternal(RequestContextFilter.java:100)
	at org.springframework.web.filter.OncePerRequestFilter.doFilter(OncePerRequestFilter.java:116)
	at io.undertow.servlet.core.ManagedFilter.doFilter(ManagedFilter.java:67)
	at io.undertow.servlet.handlers.FilterHandler$FilterChainImpl.doFilter(FilterHandler.java:131)
	at org.springframework.web.filter.FormContentFilter.doFilterInternal(FormContentFilter.java:93)
	at org.springframework.web.filter.OncePerRequestFilter.doFilter(OncePerRequestFilter.java:116)
	at io.undertow.servlet.core.ManagedFilter.doFilter(ManagedFilter.java:67)
	at io.undertow.servlet.handlers.FilterHandler$FilterChainImpl.doFilter(FilterHandler.java:131)
	at org.dromara.common.web.filter.XssFilter.doFilter(XssFilter.java:42)
	at io.undertow.servlet.core.ManagedFilter.doFilter(ManagedFilter.java:67)
	at io.undertow.servlet.handlers.FilterHandler$FilterChainImpl.doFilter(FilterHandler.java:131)
	at org.springframework.web.filter.ServerHttpObservationFilter.doFilterInternal(ServerHttpObservationFilter.java:110)
	at org.springframework.web.filter.OncePerRequestFilter.doFilter(OncePerRequestFilter.java:116)
	at io.undertow.servlet.core.ManagedFilter.doFilter(ManagedFilter.java:67)
	at io.undertow.servlet.handlers.FilterHandler$FilterChainImpl.doFilter(FilterHandler.java:131)
	at org.springframework.web.filter.CharacterEncodingFilter.doFilterInternal(CharacterEncodingFilter.java:201)
	at org.springframework.web.filter.OncePerRequestFilter.doFilter(OncePerRequestFilter.java:116)
	at io.undertow.servlet.core.ManagedFilter.doFilter(ManagedFilter.java:67)
	at io.undertow.servlet.handlers.FilterHandler$FilterChainImpl.doFilter(FilterHandler.java:131)
	at io.undertow.servlet.handlers.FilterHandler.handleRequest(FilterHandler.java:84)
	at io.undertow.servlet.handlers.security.ServletSecurityRoleHandler.handleRequest(ServletSecurityRoleHandler.java:62)
	at io.undertow.servlet.handlers.ServletChain$1.handleRequest(ServletChain.java:68)
	at io.undertow.servlet.handlers.ServletDispatchingHandler.handleRequest(ServletDispatchingHandler.java:36)
	at io.undertow.servlet.handlers.RedirectDirHandler.handleRequest(RedirectDirHandler.java:68)
	at io.undertow.servlet.handlers.security.SSLInformationAssociationHandler.handleRequest(SSLInformationAssociationHandler.java:117)
	at io.undertow.servlet.handlers.security.ServletAuthenticationCallHandler.handleRequest(ServletAuthenticationCallHandler.java:57)
	at io.undertow.server.handlers.PredicateHandler.handleRequest(PredicateHandler.java:43)
	at io.undertow.security.handlers.AbstractConfidentialityHandler.handleRequest(AbstractConfidentialityHandler.java:46)
	at io.undertow.servlet.handlers.security.ServletConfidentialityConstraintHandler.handleRequest(ServletConfidentialityConstraintHandler.java:64)
	at io.undertow.security.handlers.AuthenticationMechanismsHandler.handleRequest(AuthenticationMechanismsHandler.java:60)
	at io.undertow.servlet.handlers.security.CachedAuthenticatedSessionHandler.handleRequest(CachedAuthenticatedSessionHandler.java:75)
	at io.undertow.security.handlers.AbstractSecurityContextAssociationHandler.handleRequest(AbstractSecurityContextAssociationHandler.java:43)
	at io.undertow.server.handlers.PredicateHandler.handleRequest(PredicateHandler.java:43)
	at io.undertow.servlet.handlers.SendErrorPageHandler.handleRequest(SendErrorPageHandler.java:52)
	at io.undertow.server.handlers.PredicateHandler.handleRequest(PredicateHandler.java:43)
	at io.undertow.servlet.handlers.ServletInitialHandler.handleFirstRequest(ServletInitialHandler.java:271)
	at io.undertow.servlet.handlers.ServletInitialHandler$1.call(ServletInitialHandler.java:130)
	at io.undertow.servlet.handlers.ServletInitialHandler$1.call(ServletInitialHandler.java:127)
	at io.undertow.servlet.core.ServletRequestContextThreadSetupAction$1.call(ServletRequestContextThreadSetupAction.java:48)
	at io.undertow.servlet.core.ContextClassLoaderSetupAction$1.call(ContextClassLoaderSetupAction.java:43)
	at io.undertow.servlet.handlers.ServletInitialHandler.dispatchRequest(ServletInitialHandler.java:251)
	at io.undertow.servlet.handlers.ServletInitialHandler.lambda$new$1(ServletInitialHandler.java:99)
	at io.undertow.server.Connectors.executeRootHandler(Connectors.java:395)
	at io.undertow.server.HttpServerExchange$1.run(HttpServerExchange.java:900)
	at org.jboss.threads.ContextHandler$1.runWith(ContextHandler.java:18)
	at org.jboss.threads.EnhancedQueueExecutor$Task.doRunWith(EnhancedQueueExecutor.java:2691)
	at org.jboss.threads.EnhancedQueueExecutor$Task.run(EnhancedQueueExecutor.java:2670)
	at org.jboss.threads.EnhancedQueueExecutor$ThreadBody.run(EnhancedQueueExecutor.java:1615)
	at org.xnio.XnioWorker$WorkerThreadFactory$1$1.run(XnioWorker.java:1282)
	at java.base/java.lang.Thread.run(Thread.java:840)
Caused by: org.postgresql.util.PSQLException: ERROR: column "create_by" is of type bigint but expression is of type character varying
  建议：You will need to rewrite or cast the expression.
  位置：261
	at org.postgresql.core.v3.QueryExecutorImpl.receiveErrorResponse(QueryExecutorImpl.java:2736)
	at org.postgresql.core.v3.QueryExecutorImpl.processResults(QueryExecutorImpl.java:2421)
	at org.postgresql.core.v3.QueryExecutorImpl.execute(QueryExecutorImpl.java:372)
	at org.postgresql.jdbc.PgStatement.executeInternal(PgStatement.java:525)
	at org.postgresql.jdbc.PgStatement.execute(PgStatement.java:435)
	at org.postgresql.jdbc.PgPreparedStatement.executeWithFlags(PgPreparedStatement.java:196)
	at org.postgresql.jdbc.PgPreparedStatement.execute(PgPreparedStatement.java:182)
	at com.zaxxer.hikari.pool.ProxyPreparedStatement.execute(ProxyPreparedStatement.java:44)
	at com.zaxxer.hikari.pool.HikariProxyPreparedStatement.execute(HikariProxyPreparedStatement.java)
	at com.p6spy.engine.wrapper.PreparedStatementWrapper.execute(PreparedStatementWrapper.java:362)
	at org.apache.ibatis.executor.statement.PreparedStatementHandler.update(PreparedStatementHandler.java:48)
	at org.apache.ibatis.executor.statement.RoutingStatementHandler.update(RoutingStatementHandler.java:75)
	at java.base/jdk.internal.reflect.NativeMethodAccessorImpl.invoke0(Native Method)
	at java.base/jdk.internal.reflect.NativeMethodAccessorImpl.invoke(NativeMethodAccessorImpl.java:77)
	at java.base/jdk.internal.reflect.DelegatingMethodAccessorImpl.invoke(DelegatingMethodAccessorImpl.java:43)
	at java.base/java.lang.reflect.Method.invoke(Method.java:569)
	at org.apache.ibatis.plugin.Plugin.invoke(Plugin.java:61)
	at jdk.proxy2/jdk.proxy2.$Proxy256.update(Unknown Source)
	at org.apache.ibatis.executor.SimpleExecutor.doUpdate(SimpleExecutor.java:50)
	at org.apache.ibatis.executor.BaseExecutor.update(BaseExecutor.java:117)
	at org.apache.ibatis.executor.CachingExecutor.update(CachingExecutor.java:76)
	at java.base/jdk.internal.reflect.NativeMethodAccessorImpl.invoke0(Native Method)
	at java.base/jdk.internal.reflect.NativeMethodAccessorImpl.invoke(NativeMethodAccessorImpl.java:77)
	at java.base/jdk.internal.reflect.DelegatingMethodAccessorImpl.invoke(DelegatingMethodAccessorImpl.java:43)
	at java.base/java.lang.reflect.Method.invoke(Method.java:569)
	at org.apache.ibatis.plugin.Invocation.proceed(Invocation.java:61)
	at com.baomidou.mybatisplus.extension.plugins.MybatisPlusInterceptor.intercept(MybatisPlusInterceptor.java:106)
	at org.apache.ibatis.plugin.Plugin.invoke(Plugin.java:59)
	at jdk.proxy2/jdk.proxy2.$Proxy255.update(Unknown Source)
	at org.apache.ibatis.session.defaults.DefaultSqlSession.update(DefaultSqlSession.java:197)
	at org.apache.ibatis.session.defaults.DefaultSqlSession.insert(DefaultSqlSession.java:184)
	at java.base/jdk.internal.reflect.NativeMethodAccessorImpl.invoke0(Native Method)
	at java.base/jdk.internal.reflect.NativeMethodAccessorImpl.invoke(NativeMethodAccessorImpl.java:77)
	at java.base/jdk.internal.reflect.DelegatingMethodAccessorImpl.invoke(DelegatingMethodAccessorImpl.java:43)
	at java.base/java.lang.reflect.Method.invoke(Method.java:569)
	at org.mybatis.spring.SqlSessionTemplate$SqlSessionInterceptor.invoke(SqlSessionTemplate.java:333)
	... 119 common frames omitted
2026-01-04 09:26:16 [XNIO-1 task-3] INFO  o.d.c.w.i.PlusWebInvokeTimeInterceptor - [PLUS]结束请求 => URL[POST /auth/social/callback],耗时:[36]毫秒
2026-01-04 09:26:17 [sj-client-check] WARN  c.a.s.c.c.r.c.g.SnailJobGrpcClient - gRPC channel state=TRANSIENT_FAILURE, try reconnect...
2026-01-04 09:26:18 [XNIO-1 task-3] INFO  o.d.c.w.i.PlusWebInvokeTimeInterceptor - [PLUS]开始请求 => URL[GET /system/user/getInfo],无参数
2026-01-04 09:26:18 [XNIO-1 task-3] INFO  o.d.c.w.i.PlusWebInvokeTimeInterceptor - [PLUS]结束请求 => URL[GET /system/user/getInfo],耗时:[7]毫秒
2026-01-04 09:26:18 [XNIO-1 task-3] INFO  o.d.c.w.i.PlusWebInvokeTimeInterceptor - [PLUS]开始请求 => URL[GET /system/menu/getRouters],无参数
2026-01-04 09:26:18 [XNIO-1 task-3] INFO  o.d.c.w.i.PlusWebInvokeTimeInterceptor - [PLUS]结束请求 => URL[GET /system/menu/getRouters],耗时:[6]毫秒
2026-01-04 09:26:18 [XNIO-1 task-3] INFO  o.d.c.w.i.PlusWebInvokeTimeInterceptor - [PLUS]开始请求 => URL[GET /auth/tenant/list],无参数
2026-01-04 09:26:18 [XNIO-1 task-3] INFO  o.d.c.r.aspectj.RateLimiterAspect - 限制令牌 => 20, 剩余令牌 => 17, 缓存key => 'global:rate_limit:/auth/tenant/list:0:0:0:0:0:0:0:1:'
2026-01-04 09:26:18 [XNIO-1 task-3] INFO  o.d.c.w.i.PlusWebInvokeTimeInterceptor - [PLUS]结束请求 => URL[GET /auth/tenant/list],耗时:[7]毫秒
2026-01-04 09:26:18 [XNIO-1 task-3] INFO  o.d.c.w.i.PlusWebInvokeTimeInterceptor - [PLUS]开始请求 => URL[GET /resource/sse],参数类型[param],参数:[{"Authorization":["Bearer eyJ0eXAiOiJKV1QiLCJhbGciOiJIUzI1NiJ9.eyJsb2dpblR5cGUiOiJsb2dpbiIsImxvZ2luSWQiOiJzeXNfdXNlcjoxIiwicm5TdHIiOiJGbm9mOWZNYlJRWjVHenhxOWpYUHlBZ3A0aVJxbHRPdCIsImNsaWVudGlkIjoiZTVjZDdlNDg5MWJmOTVkMWQxOTIwNmNlMjRhN2IzMmUiLCJ0ZW5hbnRJZCI6IjAwMDAwMCIsInVzZXJJZCI6IjEiLCJ1c2VyTmFtZSI6ImFkbWluIiwiZGVwdElkIjoxLCJkZXB0TmFtZSI6IuW5v-S4nOebiOa1qeW3peiJuuWItuWTgeaciemZkOWFrOWPuCIsImRlcHRDYXRlZ29yeSI6IiJ9.EihSUco_cOwVoTDoHyxiziIeurd7h7YbtILA_AQWQKE"],"clientid":["e5cd7e4891bf95d1d19206ce24a7b32e"]}]
2026-01-04 09:26:18 [XNIO-1 task-4] INFO  o.d.c.w.i.PlusWebInvokeTimeInterceptor - [PLUS]开始请求 => URL[GET /resource/sse],参数类型[param],参数:[{"Authorization":["Bearer eyJ0eXAiOiJKV1QiLCJhbGciOiJIUzI1NiJ9.eyJsb2dpblR5cGUiOiJsb2dpbiIsImxvZ2luSWQiOiJzeXNfdXNlcjoxIiwicm5TdHIiOiJGbm9mOWZNYlJRWjVHenhxOWpYUHlBZ3A0aVJxbHRPdCIsImNsaWVudGlkIjoiZTVjZDdlNDg5MWJmOTVkMWQxOTIwNmNlMjRhN2IzMmUiLCJ0ZW5hbnRJZCI6IjAwMDAwMCIsInVzZXJJZCI6IjEiLCJ1c2VyTmFtZSI6ImFkbWluIiwiZGVwdElkIjoxLCJkZXB0TmFtZSI6IuW5v-S4nOebiOa1qeW3peiJuuWItuWTgeaciemZkOWFrOWPuCIsImRlcHRDYXRlZ29yeSI6IiJ9.EihSUco_cOwVoTDoHyxiziIeurd7h7YbtILA_AQWQKE"],"clientid":["e5cd7e4891bf95d1d19206ce24a7b32e"]}]
2026-01-04 09:26:18 [XNIO-1 task-4] INFO  o.d.c.w.i.PlusWebInvokeTimeInterceptor - [PLUS]结束请求 => URL[GET /resource/sse],耗时:[0]毫秒
2026-01-04 09:26:18 [XNIO-1 task-3] INFO  o.d.c.w.i.PlusWebInvokeTimeInterceptor - [PLUS]开始请求 => URL[GET /resource/sse],参数类型[param],参数:[{"Authorization":["Bearer eyJ0eXAiOiJKV1QiLCJhbGciOiJIUzI1NiJ9.eyJsb2dpblR5cGUiOiJsb2dpbiIsImxvZ2luSWQiOiJzeXNfdXNlcjoxIiwicm5TdHIiOiJGbm9mOWZNYlJRWjVHenhxOWpYUHlBZ3A0aVJxbHRPdCIsImNsaWVudGlkIjoiZTVjZDdlNDg5MWJmOTVkMWQxOTIwNmNlMjRhN2IzMmUiLCJ0ZW5hbnRJZCI6IjAwMDAwMCIsInVzZXJJZCI6IjEiLCJ1c2VyTmFtZSI6ImFkbWluIiwiZGVwdElkIjoxLCJkZXB0TmFtZSI6IuW5v-S4nOebiOa1qeW3peiJuuWItuWTgeaciemZkOWFrOWPuCIsImRlcHRDYXRlZ29yeSI6IiJ9.EihSUco_cOwVoTDoHyxiziIeurd7h7YbtILA_AQWQKE"],"clientid":["e5cd7e4891bf95d1d19206ce24a7b32e"]}]
2026-01-04 09:26:18 [XNIO-1 task-3] INFO  o.d.c.w.i.PlusWebInvokeTimeInterceptor - [PLUS]结束请求 => URL[GET /resource/sse],耗时:[0]毫秒
2026-01-04 09:26:18 [snail-job-grpc-client-executor-127.0.0.1-29] ERROR c.a.s.c.c.handler.ClientRegister - heartbeat check requestId:[30] message:[UNAVAILABLE: io exception]
2026-01-04 09:26:21 [XNIO-1 task-3] INFO  o.d.c.w.i.PlusWebInvokeTimeInterceptor - [PLUS]开始请求 => URL[GET /resource/sse],参数类型[param],参数:[{"Authorization":["Bearer eyJ0eXAiOiJKV1QiLCJhbGciOiJIUzI1NiJ9.eyJsb2dpblR5cGUiOiJsb2dpbiIsImxvZ2luSWQiOiJzeXNfdXNlcjoxIiwicm5TdHIiOiJGbm9mOWZNYlJRWjVHenhxOWpYUHlBZ3A0aVJxbHRPdCIsImNsaWVudGlkIjoiZTVjZDdlNDg5MWJmOTVkMWQxOTIwNmNlMjRhN2IzMmUiLCJ0ZW5hbnRJZCI6IjAwMDAwMCIsInVzZXJJZCI6IjEiLCJ1c2VyTmFtZSI6ImFkbWluIiwiZGVwdElkIjoxLCJkZXB0TmFtZSI6IuW5v-S4nOebiOa1qeW3peiJuuWItuWTgeaciemZkOWFrOWPuCIsImRlcHRDYXRlZ29yeSI6IiJ9.EihSUco_cOwVoTDoHyxiziIeurd7h7YbtILA_AQWQKE"],"clientid":["e5cd7e4891bf95d1d19206ce24a7b32e"]}]
2026-01-04 09:26:22 [XNIO-1 task-3] INFO  o.d.c.w.i.PlusWebInvokeTimeInterceptor - [PLUS]开始请求 => URL[GET /system/dict/data/type/sys_device_type],无参数
2026-01-04 09:26:22 [XNIO-1 task-3] INFO  o.d.c.w.i.PlusWebInvokeTimeInterceptor - [PLUS]结束请求 => URL[GET /system/dict/data/type/sys_device_type],耗时:[2]毫秒
2026-01-04 09:26:23 [XNIO-1 task-5] INFO  o.d.c.w.i.PlusWebInvokeTimeInterceptor - [PLUS]开始请求 => URL[GET /monitor/online],无参数
2026-01-04 09:26:23 [XNIO-1 task-4] INFO  o.d.c.w.i.PlusWebInvokeTimeInterceptor - [PLUS]开始请求 => URL[GET /system/social/list],无参数
2026-01-04 09:26:23 [XNIO-1 task-3] INFO  o.d.c.w.i.PlusWebInvokeTimeInterceptor - [PLUS]开始请求 => URL[GET /system/user/profile],无参数
2026-01-04 09:26:23 [XNIO-1 task-5] INFO  o.d.c.w.i.PlusWebInvokeTimeInterceptor - [PLUS]结束请求 => URL[GET /monitor/online],耗时:[2]毫秒
2026-01-04 09:26:23 [XNIO-1 task-4] INFO  o.d.c.w.i.PlusWebInvokeTimeInterceptor - [PLUS]结束请求 => URL[GET /system/social/list],耗时:[4]毫秒
2026-01-04 09:26:23 [XNIO-1 task-3] INFO  o.d.c.w.i.PlusWebInvokeTimeInterceptor - [PLUS]结束请求 => URL[GET /system/user/profile],耗时:[15]毫秒
2026-01-04 09:26:24 [XNIO-1 task-3] INFO  o.d.c.w.i.PlusWebInvokeTimeInterceptor - [PLUS]开始请求 => URL[GET /auth/binding/maxkey],参数类型[param],参数:[{"domain":["localhost:81"],"tenantId":["000000"]}]
2026-01-04 09:26:24 [XNIO-1 task-3] INFO  o.d.c.w.i.PlusWebInvokeTimeInterceptor - [PLUS]结束请求 => URL[GET /auth/binding/maxkey],耗时:[1]毫秒
2026-01-04 09:26:25 [XNIO-1 task-3] INFO  o.d.c.w.i.PlusWebInvokeTimeInterceptor - [PLUS]开始请求 => URL[POST /auth/social/callback],参数类型[json],参数:[{"socialCode":"59d84874-2701-40a9-b76c-d347da0d876a","socialState":"eyJkb21haW4iOiJsb2NhbGhvc3Q6ODEiLCJ0ZW5hbnRJZCI6IjAwMDAwMCIsInN0YXRlIjoiNzU0MjhmZGY0NjZlNDFlNTJiZWI4NTVlZjI0OTk5MGMifQ==","tenantId":"000000","source":"maxkey","clientId":"e5cd7e4891bf95d1d19206ce24a7b32e","grantType":"social"}]
2026-01-04 09:26:25 [XNIO-1 task-3] ERROR o.d.c.w.h.GlobalExceptionHandler - 请求地址'/auth/social/callback',发生未知异常.
org.springframework.jdbc.BadSqlGrammarException: 
### Error updating database.  Cause: org.postgresql.util.PSQLException: ERROR: column "create_by" is of type bigint but expression is of type character varying
  建议：You will need to rewrite or cast the expression.
  位置：261
### The error may exist in org/dromara/system/mapper/SysSocialMapper.java (best guess)
### The error may involve org.dromara.system.mapper.SysSocialMapper.insert-Inline
### The error occurred while setting parameters
### SQL: INSERT INTO sys_social (id, user_id, auth_id, source, access_token, expire_in, open_id, user_name, nick_name, scope, token_type, create_dept, create_by, create_time, update_by, update_time, tenant_id) VALUES (?, ?, ?, ?, ?, ?, ?, ?, ?, ?, ?, ?, ?, ?, ?, ?, '000000')
### Cause: org.postgresql.util.PSQLException: ERROR: column "create_by" is of type bigint but expression is of type character varying
  建议：You will need to rewrite or cast the expression.
  位置：261
; bad SQL grammar []
	at org.springframework.jdbc.support.SQLErrorCodeSQLExceptionTranslator.doTranslate(SQLErrorCodeSQLExceptionTranslator.java:246)
	at org.springframework.jdbc.support.AbstractFallbackSQLExceptionTranslator.translate(AbstractFallbackSQLExceptionTranslator.java:107)
	at org.mybatis.spring.MyBatisExceptionTranslator.translateExceptionIfPossible(MyBatisExceptionTranslator.java:95)
	at org.mybatis.spring.SqlSessionTemplate$SqlSessionInterceptor.invoke(SqlSessionTemplate.java:347)
	at jdk.proxy2/jdk.proxy2.$Proxy149.insert(Unknown Source)
	at org.mybatis.spring.SqlSessionTemplate.insert(SqlSessionTemplate.java:224)
	at com.baomidou.mybatisplus.core.override.MybatisMapperMethod.execute(MybatisMapperMethod.java:59)
	at com.baomidou.mybatisplus.core.override.MybatisMapperProxy$PlainMethodInvoker.invoke(MybatisMapperProxy.java:156)
	at com.baomidou.mybatisplus.core.override.MybatisMapperProxy.invoke(MybatisMapperProxy.java:93)
	at jdk.proxy2/jdk.proxy2.$Proxy165.insert(Unknown Source)
	at org.dromara.system.service.impl.SysSocialServiceImpl.insertByBo(SysSocialServiceImpl.java:63)
	at org.dromara.web.service.SysLoginService.socialRegister(SysLoginService.java:96)
	at java.base/jdk.internal.reflect.NativeMethodAccessorImpl.invoke0(Native Method)
	at java.base/jdk.internal.reflect.NativeMethodAccessorImpl.invoke(NativeMethodAccessorImpl.java:77)
	at java.base/jdk.internal.reflect.DelegatingMethodAccessorImpl.invoke(DelegatingMethodAccessorImpl.java:43)
	at java.base/java.lang.reflect.Method.invoke(Method.java:569)
	at org.springframework.aop.support.AopUtils.invokeJoinpointUsingReflection(AopUtils.java:360)
	at org.springframework.aop.framework.ReflectiveMethodInvocation.invokeJoinpoint(ReflectiveMethodInvocation.java:196)
	at org.springframework.aop.framework.ReflectiveMethodInvocation.proceed(ReflectiveMethodInvocation.java:163)
	at com.baomidou.lock.aop.LockInterceptor.invoke(LockInterceptor.java:81)
	at org.springframework.aop.framework.ReflectiveMethodInvocation.proceed(ReflectiveMethodInvocation.java:184)
	at org.springframework.aop.framework.CglibAopProxy$DynamicAdvisedInterceptor.intercept(CglibAopProxy.java:728)
	at org.dromara.web.service.SysLoginService$$SpringCGLIB$$0.socialRegister(<generated>)
	at org.dromara.web.controller.AuthController.socialCallback(AuthController.java:158)
	at java.base/jdk.internal.reflect.NativeMethodAccessorImpl.invoke0(Native Method)
	at java.base/jdk.internal.reflect.NativeMethodAccessorImpl.invoke(NativeMethodAccessorImpl.java:77)
	at java.base/jdk.internal.reflect.DelegatingMethodAccessorImpl.invoke(DelegatingMethodAccessorImpl.java:43)
	at java.base/java.lang.reflect.Method.invoke(Method.java:569)
	at org.springframework.aop.support.AopUtils.invokeJoinpointUsingReflection(AopUtils.java:360)
	at org.springframework.aop.framework.ReflectiveMethodInvocation.invokeJoinpoint(ReflectiveMethodInvocation.java:196)
	at org.springframework.aop.framework.ReflectiveMethodInvocation.proceed(ReflectiveMethodInvocation.java:163)
	at org.springframework.aop.interceptor.ExposeInvocationInterceptor.invoke(ExposeInvocationInterceptor.java:97)
	at org.springframework.aop.framework.ReflectiveMethodInvocation.proceed(ReflectiveMethodInvocation.java:184)
	at org.springframework.aop.framework.CglibAopProxy$DynamicAdvisedInterceptor.intercept(CglibAopProxy.java:728)
	at org.dromara.web.controller.AuthController$$SpringCGLIB$$0.socialCallback(<generated>)
	at java.base/jdk.internal.reflect.NativeMethodAccessorImpl.invoke0(Native Method)
	at java.base/jdk.internal.reflect.NativeMethodAccessorImpl.invoke(NativeMethodAccessorImpl.java:77)
	at java.base/jdk.internal.reflect.DelegatingMethodAccessorImpl.invoke(DelegatingMethodAccessorImpl.java:43)
	at java.base/java.lang.reflect.Method.invoke(Method.java:569)
	at org.springframework.web.method.support.InvocableHandlerMethod.doInvoke(InvocableHandlerMethod.java:258)
	at org.springframework.web.method.support.InvocableHandlerMethod.invokeForRequest(InvocableHandlerMethod.java:191)
	at org.springframework.web.servlet.mvc.method.annotation.ServletInvocableHandlerMethod.invokeAndHandle(ServletInvocableHandlerMethod.java:118)
	at org.springframework.web.servlet.mvc.method.annotation.RequestMappingHandlerAdapter.invokeHandlerMethod(RequestMappingHandlerAdapter.java:991)
	at org.springframework.web.servlet.mvc.method.annotation.RequestMappingHandlerAdapter.handleInternal(RequestMappingHandlerAdapter.java:896)
	at org.springframework.web.servlet.mvc.method.AbstractHandlerMethodAdapter.handle(AbstractHandlerMethodAdapter.java:87)
	at org.springframework.web.servlet.DispatcherServlet.doDispatch(DispatcherServlet.java:1089)
	at org.springframework.web.servlet.DispatcherServlet.doService(DispatcherServlet.java:979)
	at org.springframework.web.servlet.FrameworkServlet.processRequest(FrameworkServlet.java:1014)
	at org.springframework.web.servlet.FrameworkServlet.doPost(FrameworkServlet.java:914)
	at jakarta.servlet.http.HttpServlet.service(HttpServlet.java:547)
	at org.springframework.web.servlet.FrameworkServlet.service(FrameworkServlet.java:885)
	at jakarta.servlet.http.HttpServlet.service(HttpServlet.java:614)
	at io.undertow.servlet.handlers.ServletHandler.handleRequest(ServletHandler.java:74)
	at io.undertow.servlet.handlers.FilterHandler$FilterChainImpl.doFilter(FilterHandler.java:129)
	at org.springframework.web.filter.CorsFilter.doFilterInternal(CorsFilter.java:91)
	at org.springframework.web.filter.OncePerRequestFilter.doFilter(OncePerRequestFilter.java:116)
	at io.undertow.servlet.core.ManagedFilter.doFilter(ManagedFilter.java:67)
	at io.undertow.servlet.handlers.FilterHandler$FilterChainImpl.doFilter(FilterHandler.java:131)
	at org.dromara.common.web.filter.RepeatableFilter.doFilter(RepeatableFilter.java:32)
	at io.undertow.servlet.core.ManagedFilter.doFilter(ManagedFilter.java:67)
	at io.undertow.servlet.handlers.FilterHandler$FilterChainImpl.doFilter(FilterHandler.java:131)
	at cn.dev33.satoken.filter.SaServletFilter.doFilter(SaServletFilter.java:143)
	at io.undertow.servlet.core.ManagedFilter.doFilter(ManagedFilter.java:67)
	at io.undertow.servlet.handlers.FilterHandler$FilterChainImpl.doFilter(FilterHandler.java:131)
	at cn.dev33.satoken.filter.SaFirewallCheckFilterForJakartaServlet.doFilter(SaFirewallCheckFilterForJakartaServlet.java:69)
	at io.undertow.servlet.core.ManagedFilter.doFilter(ManagedFilter.java:67)
	at io.undertow.servlet.handlers.FilterHandler$FilterChainImpl.doFilter(FilterHandler.java:131)
	at cn.dev33.satoken.filter.SaTokenCorsFilterForJakartaServlet.doFilter(SaTokenCorsFilterForJakartaServlet.java:52)
	at io.undertow.servlet.core.ManagedFilter.doFilter(ManagedFilter.java:67)
	at io.undertow.servlet.handlers.FilterHandler$FilterChainImpl.doFilter(FilterHandler.java:131)
	at cn.dev33.satoken.filter.SaTokenContextFilterForJakartaServlet.doFilter(SaTokenContextFilterForJakartaServlet.java:40)
	at io.undertow.servlet.core.ManagedFilter.doFilter(ManagedFilter.java:67)
	at io.undertow.servlet.handlers.FilterHandler$FilterChainImpl.doFilter(FilterHandler.java:131)
	at org.springframework.web.filter.RequestContextFilter.doFilterInternal(RequestContextFilter.java:100)
	at org.springframework.web.filter.OncePerRequestFilter.doFilter(OncePerRequestFilter.java:116)
	at io.undertow.servlet.core.ManagedFilter.doFilter(ManagedFilter.java:67)
	at io.undertow.servlet.handlers.FilterHandler$FilterChainImpl.doFilter(FilterHandler.java:131)
	at org.springframework.web.filter.FormContentFilter.doFilterInternal(FormContentFilter.java:93)
	at org.springframework.web.filter.OncePerRequestFilter.doFilter(OncePerRequestFilter.java:116)
	at io.undertow.servlet.core.ManagedFilter.doFilter(ManagedFilter.java:67)
	at io.undertow.servlet.handlers.FilterHandler$FilterChainImpl.doFilter(FilterHandler.java:131)
	at org.dromara.common.web.filter.XssFilter.doFilter(XssFilter.java:42)
	at io.undertow.servlet.core.ManagedFilter.doFilter(ManagedFilter.java:67)
	at io.undertow.servlet.handlers.FilterHandler$FilterChainImpl.doFilter(FilterHandler.java:131)
	at org.springframework.web.filter.ServerHttpObservationFilter.doFilterInternal(ServerHttpObservationFilter.java:110)
	at org.springframework.web.filter.OncePerRequestFilter.doFilter(OncePerRequestFilter.java:116)
	at io.undertow.servlet.core.ManagedFilter.doFilter(ManagedFilter.java:67)
	at io.undertow.servlet.handlers.FilterHandler$FilterChainImpl.doFilter(FilterHandler.java:131)
	at org.springframework.web.filter.CharacterEncodingFilter.doFilterInternal(CharacterEncodingFilter.java:201)
	at org.springframework.web.filter.OncePerRequestFilter.doFilter(OncePerRequestFilter.java:116)
	at io.undertow.servlet.core.ManagedFilter.doFilter(ManagedFilter.java:67)
	at io.undertow.servlet.handlers.FilterHandler$FilterChainImpl.doFilter(FilterHandler.java:131)
	at io.undertow.servlet.handlers.FilterHandler.handleRequest(FilterHandler.java:84)
	at io.undertow.servlet.handlers.security.ServletSecurityRoleHandler.handleRequest(ServletSecurityRoleHandler.java:62)
	at io.undertow.servlet.handlers.ServletChain$1.handleRequest(ServletChain.java:68)
	at io.undertow.servlet.handlers.ServletDispatchingHandler.handleRequest(ServletDispatchingHandler.java:36)
	at io.undertow.servlet.handlers.RedirectDirHandler.handleRequest(RedirectDirHandler.java:68)
	at io.undertow.servlet.handlers.security.SSLInformationAssociationHandler.handleRequest(SSLInformationAssociationHandler.java:117)
	at io.undertow.servlet.handlers.security.ServletAuthenticationCallHandler.handleRequest(ServletAuthenticationCallHandler.java:57)
	at io.undertow.server.handlers.PredicateHandler.handleRequest(PredicateHandler.java:43)
	at io.undertow.security.handlers.AbstractConfidentialityHandler.handleRequest(AbstractConfidentialityHandler.java:46)
	at io.undertow.servlet.handlers.security.ServletConfidentialityConstraintHandler.handleRequest(ServletConfidentialityConstraintHandler.java:64)
	at io.undertow.security.handlers.AuthenticationMechanismsHandler.handleRequest(AuthenticationMechanismsHandler.java:60)
	at io.undertow.servlet.handlers.security.CachedAuthenticatedSessionHandler.handleRequest(CachedAuthenticatedSessionHandler.java:75)
	at io.undertow.security.handlers.AbstractSecurityContextAssociationHandler.handleRequest(AbstractSecurityContextAssociationHandler.java:43)
	at io.undertow.server.handlers.PredicateHandler.handleRequest(PredicateHandler.java:43)
	at io.undertow.servlet.handlers.SendErrorPageHandler.handleRequest(SendErrorPageHandler.java:52)
	at io.undertow.server.handlers.PredicateHandler.handleRequest(PredicateHandler.java:43)
	at io.undertow.servlet.handlers.ServletInitialHandler.handleFirstRequest(ServletInitialHandler.java:271)
	at io.undertow.servlet.handlers.ServletInitialHandler$1.call(ServletInitialHandler.java:130)
	at io.undertow.servlet.handlers.ServletInitialHandler$1.call(ServletInitialHandler.java:127)
	at io.undertow.servlet.core.ServletRequestContextThreadSetupAction$1.call(ServletRequestContextThreadSetupAction.java:48)
	at io.undertow.servlet.core.ContextClassLoaderSetupAction$1.call(ContextClassLoaderSetupAction.java:43)
	at io.undertow.servlet.handlers.ServletInitialHandler.dispatchRequest(ServletInitialHandler.java:251)
	at io.undertow.servlet.handlers.ServletInitialHandler.lambda$new$1(ServletInitialHandler.java:99)
	at io.undertow.server.Connectors.executeRootHandler(Connectors.java:395)
	at io.undertow.server.HttpServerExchange$1.run(HttpServerExchange.java:900)
	at org.jboss.threads.ContextHandler$1.runWith(ContextHandler.java:18)
	at org.jboss.threads.EnhancedQueueExecutor$Task.doRunWith(EnhancedQueueExecutor.java:2691)
	at org.jboss.threads.EnhancedQueueExecutor$Task.run(EnhancedQueueExecutor.java:2670)
	at org.jboss.threads.EnhancedQueueExecutor$ThreadBody.run(EnhancedQueueExecutor.java:1615)
	at org.xnio.XnioWorker$WorkerThreadFactory$1$1.run(XnioWorker.java:1282)
	at java.base/java.lang.Thread.run(Thread.java:840)
Caused by: org.postgresql.util.PSQLException: ERROR: column "create_by" is of type bigint but expression is of type character varying
  建议：You will need to rewrite or cast the expression.
  位置：261
	at org.postgresql.core.v3.QueryExecutorImpl.receiveErrorResponse(QueryExecutorImpl.java:2736)
	at org.postgresql.core.v3.QueryExecutorImpl.processResults(QueryExecutorImpl.java:2421)
	at org.postgresql.core.v3.QueryExecutorImpl.execute(QueryExecutorImpl.java:372)
	at org.postgresql.jdbc.PgStatement.executeInternal(PgStatement.java:525)
	at org.postgresql.jdbc.PgStatement.execute(PgStatement.java:435)
	at org.postgresql.jdbc.PgPreparedStatement.executeWithFlags(PgPreparedStatement.java:196)
	at org.postgresql.jdbc.PgPreparedStatement.execute(PgPreparedStatement.java:182)
	at com.zaxxer.hikari.pool.ProxyPreparedStatement.execute(ProxyPreparedStatement.java:44)
	at com.zaxxer.hikari.pool.HikariProxyPreparedStatement.execute(HikariProxyPreparedStatement.java)
	at com.p6spy.engine.wrapper.PreparedStatementWrapper.execute(PreparedStatementWrapper.java:362)
	at org.apache.ibatis.executor.statement.PreparedStatementHandler.update(PreparedStatementHandler.java:48)
	at org.apache.ibatis.executor.statement.RoutingStatementHandler.update(RoutingStatementHandler.java:75)
	at java.base/jdk.internal.reflect.NativeMethodAccessorImpl.invoke0(Native Method)
	at java.base/jdk.internal.reflect.NativeMethodAccessorImpl.invoke(NativeMethodAccessorImpl.java:77)
	at java.base/jdk.internal.reflect.DelegatingMethodAccessorImpl.invoke(DelegatingMethodAccessorImpl.java:43)
	at java.base/java.lang.reflect.Method.invoke(Method.java:569)
	at org.apache.ibatis.plugin.Plugin.invoke(Plugin.java:61)
	at jdk.proxy2/jdk.proxy2.$Proxy256.update(Unknown Source)
	at org.apache.ibatis.executor.SimpleExecutor.doUpdate(SimpleExecutor.java:50)
	at org.apache.ibatis.executor.BaseExecutor.update(BaseExecutor.java:117)
	at org.apache.ibatis.executor.CachingExecutor.update(CachingExecutor.java:76)
	at java.base/jdk.internal.reflect.NativeMethodAccessorImpl.invoke0(Native Method)
	at java.base/jdk.internal.reflect.NativeMethodAccessorImpl.invoke(NativeMethodAccessorImpl.java:77)
	at java.base/jdk.internal.reflect.DelegatingMethodAccessorImpl.invoke(DelegatingMethodAccessorImpl.java:43)
	at java.base/java.lang.reflect.Method.invoke(Method.java:569)
	at org.apache.ibatis.plugin.Invocation.proceed(Invocation.java:61)
	at com.baomidou.mybatisplus.extension.plugins.MybatisPlusInterceptor.intercept(MybatisPlusInterceptor.java:106)
	at org.apache.ibatis.plugin.Plugin.invoke(Plugin.java:59)
	at jdk.proxy2/jdk.proxy2.$Proxy255.update(Unknown Source)
	at org.apache.ibatis.session.defaults.DefaultSqlSession.update(DefaultSqlSession.java:197)
	at org.apache.ibatis.session.defaults.DefaultSqlSession.insert(DefaultSqlSession.java:184)
	at java.base/jdk.internal.reflect.NativeMethodAccessorImpl.invoke0(Native Method)
	at java.base/jdk.internal.reflect.NativeMethodAccessorImpl.invoke(NativeMethodAccessorImpl.java:77)
	at java.base/jdk.internal.reflect.DelegatingMethodAccessorImpl.invoke(DelegatingMethodAccessorImpl.java:43)
	at java.base/java.lang.reflect.Method.invoke(Method.java:569)
	at org.mybatis.spring.SqlSessionTemplate$SqlSessionInterceptor.invoke(SqlSessionTemplate.java:333)
	... 119 common frames omitted
2026-01-04 09:26:25 [XNIO-1 task-3] INFO  o.d.c.w.i.PlusWebInvokeTimeInterceptor - [PLUS]结束请求 => URL[POST /auth/social/callback],耗时:[35]毫秒
2026-01-04 09:26:27 [sj-client-check] WARN  c.a.s.c.c.r.c.g.SnailJobGrpcClient - gRPC channel state=TRANSIENT_FAILURE, try reconnect...
2026-01-04 09:26:28 [XNIO-1 task-3] INFO  o.d.c.w.i.PlusWebInvokeTimeInterceptor - [PLUS]开始请求 => URL[GET /system/user/getInfo],无参数
2026-01-04 09:26:28 [XNIO-1 task-3] INFO  o.d.c.w.i.PlusWebInvokeTimeInterceptor - [PLUS]结束请求 => URL[GET /system/user/getInfo],耗时:[6]毫秒
2026-01-04 09:26:28 [XNIO-1 task-3] INFO  o.d.c.w.i.PlusWebInvokeTimeInterceptor - [PLUS]开始请求 => URL[GET /system/menu/getRouters],无参数
2026-01-04 09:26:28 [XNIO-1 task-3] INFO  o.d.c.w.i.PlusWebInvokeTimeInterceptor - [PLUS]结束请求 => URL[GET /system/menu/getRouters],耗时:[6]毫秒
2026-01-04 09:26:28 [XNIO-1 task-3] INFO  o.d.c.w.i.PlusWebInvokeTimeInterceptor - [PLUS]开始请求 => URL[GET /auth/tenant/list],无参数
2026-01-04 09:26:28 [XNIO-1 task-3] INFO  o.d.c.r.aspectj.RateLimiterAspect - 限制令牌 => 20, 剩余令牌 => 16, 缓存key => 'global:rate_limit:/auth/tenant/list:0:0:0:0:0:0:0:1:'
2026-01-04 09:26:28 [XNIO-1 task-3] INFO  o.d.c.w.i.PlusWebInvokeTimeInterceptor - [PLUS]结束请求 => URL[GET /auth/tenant/list],耗时:[7]毫秒
2026-01-04 09:26:28 [XNIO-1 task-3] INFO  o.d.c.w.i.PlusWebInvokeTimeInterceptor - [PLUS]开始请求 => URL[GET /resource/sse],参数类型[param],参数:[{"Authorization":["Bearer eyJ0eXAiOiJKV1QiLCJhbGciOiJIUzI1NiJ9.eyJsb2dpblR5cGUiOiJsb2dpbiIsImxvZ2luSWQiOiJzeXNfdXNlcjoxIiwicm5TdHIiOiJGbm9mOWZNYlJRWjVHenhxOWpYUHlBZ3A0aVJxbHRPdCIsImNsaWVudGlkIjoiZTVjZDdlNDg5MWJmOTVkMWQxOTIwNmNlMjRhN2IzMmUiLCJ0ZW5hbnRJZCI6IjAwMDAwMCIsInVzZXJJZCI6IjEiLCJ1c2VyTmFtZSI6ImFkbWluIiwiZGVwdElkIjoxLCJkZXB0TmFtZSI6IuW5v-S4nOebiOa1qeW3peiJuuWItuWTgeaciemZkOWFrOWPuCIsImRlcHRDYXRlZ29yeSI6IiJ9.EihSUco_cOwVoTDoHyxiziIeurd7h7YbtILA_AQWQKE"],"clientid":["e5cd7e4891bf95d1d19206ce24a7b32e"]}]
2026-01-04 09:26:28 [XNIO-1 task-4] INFO  o.d.c.w.i.PlusWebInvokeTimeInterceptor - [PLUS]开始请求 => URL[GET /resource/sse],参数类型[param],参数:[{"Authorization":["Bearer eyJ0eXAiOiJKV1QiLCJhbGciOiJIUzI1NiJ9.eyJsb2dpblR5cGUiOiJsb2dpbiIsImxvZ2luSWQiOiJzeXNfdXNlcjoxIiwicm5TdHIiOiJGbm9mOWZNYlJRWjVHenhxOWpYUHlBZ3A0aVJxbHRPdCIsImNsaWVudGlkIjoiZTVjZDdlNDg5MWJmOTVkMWQxOTIwNmNlMjRhN2IzMmUiLCJ0ZW5hbnRJZCI6IjAwMDAwMCIsInVzZXJJZCI6IjEiLCJ1c2VyTmFtZSI6ImFkbWluIiwiZGVwdElkIjoxLCJkZXB0TmFtZSI6IuW5v-S4nOebiOa1qeW3peiJuuWItuWTgeaciemZkOWFrOWPuCIsImRlcHRDYXRlZ29yeSI6IiJ9.EihSUco_cOwVoTDoHyxiziIeurd7h7YbtILA_AQWQKE"],"clientid":["e5cd7e4891bf95d1d19206ce24a7b32e"]}]
2026-01-04 09:26:28 [XNIO-1 task-4] INFO  o.d.c.w.i.PlusWebInvokeTimeInterceptor - [PLUS]结束请求 => URL[GET /resource/sse],耗时:[0]毫秒
2026-01-04 09:26:28 [XNIO-1 task-3] INFO  o.d.c.w.i.PlusWebInvokeTimeInterceptor - [PLUS]开始请求 => URL[GET /resource/sse],参数类型[param],参数:[{"Authorization":["Bearer eyJ0eXAiOiJKV1QiLCJhbGciOiJIUzI1NiJ9.eyJsb2dpblR5cGUiOiJsb2dpbiIsImxvZ2luSWQiOiJzeXNfdXNlcjoxIiwicm5TdHIiOiJGbm9mOWZNYlJRWjVHenhxOWpYUHlBZ3A0aVJxbHRPdCIsImNsaWVudGlkIjoiZTVjZDdlNDg5MWJmOTVkMWQxOTIwNmNlMjRhN2IzMmUiLCJ0ZW5hbnRJZCI6IjAwMDAwMCIsInVzZXJJZCI6IjEiLCJ1c2VyTmFtZSI6ImFkbWluIiwiZGVwdElkIjoxLCJkZXB0TmFtZSI6IuW5v-S4nOebiOa1qeW3peiJuuWItuWTgeaciemZkOWFrOWPuCIsImRlcHRDYXRlZ29yeSI6IiJ9.EihSUco_cOwVoTDoHyxiziIeurd7h7YbtILA_AQWQKE"],"clientid":["e5cd7e4891bf95d1d19206ce24a7b32e"]}]
2026-01-04 09:26:28 [XNIO-1 task-3] INFO  o.d.c.w.i.PlusWebInvokeTimeInterceptor - [PLUS]结束请求 => URL[GET /resource/sse],耗时:[0]毫秒
2026-01-04 09:26:28 [snail-job-grpc-client-executor-127.0.0.1-31] ERROR c.a.s.c.c.handler.ClientRegister - heartbeat check requestId:[31] message:[UNAVAILABLE: io exception]
2026-01-04 09:26:31 [XNIO-1 task-3] INFO  o.d.c.w.i.PlusWebInvokeTimeInterceptor - [PLUS]开始请求 => URL[GET /resource/sse],参数类型[param],参数:[{"Authorization":["Bearer eyJ0eXAiOiJKV1QiLCJhbGciOiJIUzI1NiJ9.eyJsb2dpblR5cGUiOiJsb2dpbiIsImxvZ2luSWQiOiJzeXNfdXNlcjoxIiwicm5TdHIiOiJGbm9mOWZNYlJRWjVHenhxOWpYUHlBZ3A0aVJxbHRPdCIsImNsaWVudGlkIjoiZTVjZDdlNDg5MWJmOTVkMWQxOTIwNmNlMjRhN2IzMmUiLCJ0ZW5hbnRJZCI6IjAwMDAwMCIsInVzZXJJZCI6IjEiLCJ1c2VyTmFtZSI6ImFkbWluIiwiZGVwdElkIjoxLCJkZXB0TmFtZSI6IuW5v-S4nOebiOa1qeW3peiJuuWItuWTgeaciemZkOWFrOWPuCIsImRlcHRDYXRlZ29yeSI6IiJ9.EihSUco_cOwVoTDoHyxiziIeurd7h7YbtILA_AQWQKE"],"clientid":["e5cd7e4891bf95d1d19206ce24a7b32e"]}]
2026-01-04 09:26:31 [XNIO-1 task-3] INFO  o.d.c.w.i.PlusWebInvokeTimeInterceptor - [PLUS]开始请求 => URL[GET /system/dict/data/type/sys_device_type],无参数
2026-01-04 09:26:31 [XNIO-1 task-3] INFO  o.d.c.w.i.PlusWebInvokeTimeInterceptor - [PLUS]结束请求 => URL[GET /system/dict/data/type/sys_device_type],耗时:[2]毫秒
2026-01-04 09:26:31 [XNIO-1 task-3] INFO  o.d.c.w.i.PlusWebInvokeTimeInterceptor - [PLUS]开始请求 => URL[GET /system/user/profile],无参数
2026-01-04 09:26:31 [XNIO-1 task-5] INFO  o.d.c.w.i.PlusWebInvokeTimeInterceptor - [PLUS]开始请求 => URL[GET /monitor/online],无参数
2026-01-04 09:26:31 [XNIO-1 task-4] INFO  o.d.c.w.i.PlusWebInvokeTimeInterceptor - [PLUS]开始请求 => URL[GET /system/social/list],无参数
2026-01-04 09:26:31 [XNIO-1 task-5] INFO  o.d.c.w.i.PlusWebInvokeTimeInterceptor - [PLUS]结束请求 => URL[GET /monitor/online],耗时:[1]毫秒
2026-01-04 09:26:31 [XNIO-1 task-4] INFO  o.d.c.w.i.PlusWebInvokeTimeInterceptor - [PLUS]结束请求 => URL[GET /system/social/list],耗时:[3]毫秒
2026-01-04 09:26:31 [XNIO-1 task-3] INFO  o.d.c.w.i.PlusWebInvokeTimeInterceptor - [PLUS]结束请求 => URL[GET /system/user/profile],耗时:[11]毫秒
2026-01-04 09:26:33 [XNIO-1 task-3] INFO  o.d.c.w.i.PlusWebInvokeTimeInterceptor - [PLUS]开始请求 => URL[GET /auth/binding/maxkey],参数类型[param],参数:[{"domain":["localhost:81"],"tenantId":["000000"]}]
2026-01-04 09:26:33 [XNIO-1 task-3] INFO  o.d.c.w.i.PlusWebInvokeTimeInterceptor - [PLUS]结束请求 => URL[GET /auth/binding/maxkey],耗时:[1]毫秒
2026-01-04 09:26:36 [XNIO-1 task-3] INFO  o.d.c.w.i.PlusWebInvokeTimeInterceptor - [PLUS]开始请求 => URL[POST /auth/social/callback],参数类型[json],参数:[{"socialCode":"89a25bce-2964-4ca5-bfc9-b90c9729f32b","socialState":"eyJkb21haW4iOiJsb2NhbGhvc3Q6ODEiLCJ0ZW5hbnRJZCI6IjAwMDAwMCIsInN0YXRlIjoiODJjODM2MjYyYzkxYTJiYWUzNWY4MjFmYzk1OWZlNDYifQ==","tenantId":"000000","source":"maxkey","clientId":"e5cd7e4891bf95d1d19206ce24a7b32e","grantType":"social"}]
2026-01-04 09:26:36 [XNIO-1 task-3] ERROR o.d.c.w.h.GlobalExceptionHandler - 请求地址'/auth/social/callback',发生未知异常.
org.springframework.jdbc.BadSqlGrammarException: 
### Error updating database.  Cause: org.postgresql.util.PSQLException: ERROR: column "create_by" is of type bigint but expression is of type character varying
  建议：You will need to rewrite or cast the expression.
  位置：261
### The error may exist in org/dromara/system/mapper/SysSocialMapper.java (best guess)
### The error may involve org.dromara.system.mapper.SysSocialMapper.insert-Inline
### The error occurred while setting parameters
### SQL: INSERT INTO sys_social (id, user_id, auth_id, source, access_token, expire_in, open_id, user_name, nick_name, scope, token_type, create_dept, create_by, create_time, update_by, update_time, tenant_id) VALUES (?, ?, ?, ?, ?, ?, ?, ?, ?, ?, ?, ?, ?, ?, ?, ?, '000000')
### Cause: org.postgresql.util.PSQLException: ERROR: column "create_by" is of type bigint but expression is of type character varying
  建议：You will need to rewrite or cast the expression.
  位置：261
; bad SQL grammar []
	at org.springframework.jdbc.support.SQLErrorCodeSQLExceptionTranslator.doTranslate(SQLErrorCodeSQLExceptionTranslator.java:246)
	at org.springframework.jdbc.support.AbstractFallbackSQLExceptionTranslator.translate(AbstractFallbackSQLExceptionTranslator.java:107)
	at org.mybatis.spring.MyBatisExceptionTranslator.translateExceptionIfPossible(MyBatisExceptionTranslator.java:95)
	at org.mybatis.spring.SqlSessionTemplate$SqlSessionInterceptor.invoke(SqlSessionTemplate.java:347)
	at jdk.proxy2/jdk.proxy2.$Proxy149.insert(Unknown Source)
	at org.mybatis.spring.SqlSessionTemplate.insert(SqlSessionTemplate.java:224)
	at com.baomidou.mybatisplus.core.override.MybatisMapperMethod.execute(MybatisMapperMethod.java:59)
	at com.baomidou.mybatisplus.core.override.MybatisMapperProxy$PlainMethodInvoker.invoke(MybatisMapperProxy.java:156)
	at com.baomidou.mybatisplus.core.override.MybatisMapperProxy.invoke(MybatisMapperProxy.java:93)
	at jdk.proxy2/jdk.proxy2.$Proxy165.insert(Unknown Source)
	at org.dromara.system.service.impl.SysSocialServiceImpl.insertByBo(SysSocialServiceImpl.java:63)
	at org.dromara.web.service.SysLoginService.socialRegister(SysLoginService.java:96)
	at java.base/jdk.internal.reflect.NativeMethodAccessorImpl.invoke0(Native Method)
	at java.base/jdk.internal.reflect.NativeMethodAccessorImpl.invoke(NativeMethodAccessorImpl.java:77)
	at java.base/jdk.internal.reflect.DelegatingMethodAccessorImpl.invoke(DelegatingMethodAccessorImpl.java:43)
	at java.base/java.lang.reflect.Method.invoke(Method.java:569)
	at org.springframework.aop.support.AopUtils.invokeJoinpointUsingReflection(AopUtils.java:360)
	at org.springframework.aop.framework.ReflectiveMethodInvocation.invokeJoinpoint(ReflectiveMethodInvocation.java:196)
	at org.springframework.aop.framework.ReflectiveMethodInvocation.proceed(ReflectiveMethodInvocation.java:163)
	at com.baomidou.lock.aop.LockInterceptor.invoke(LockInterceptor.java:81)
	at org.springframework.aop.framework.ReflectiveMethodInvocation.proceed(ReflectiveMethodInvocation.java:184)
	at org.springframework.aop.framework.CglibAopProxy$DynamicAdvisedInterceptor.intercept(CglibAopProxy.java:728)
	at org.dromara.web.service.SysLoginService$$SpringCGLIB$$0.socialRegister(<generated>)
	at org.dromara.web.controller.AuthController.socialCallback(AuthController.java:158)
	at java.base/jdk.internal.reflect.NativeMethodAccessorImpl.invoke0(Native Method)
	at java.base/jdk.internal.reflect.NativeMethodAccessorImpl.invoke(NativeMethodAccessorImpl.java:77)
	at java.base/jdk.internal.reflect.DelegatingMethodAccessorImpl.invoke(DelegatingMethodAccessorImpl.java:43)
	at java.base/java.lang.reflect.Method.invoke(Method.java:569)
	at org.springframework.aop.support.AopUtils.invokeJoinpointUsingReflection(AopUtils.java:360)
	at org.springframework.aop.framework.ReflectiveMethodInvocation.invokeJoinpoint(ReflectiveMethodInvocation.java:196)
	at org.springframework.aop.framework.ReflectiveMethodInvocation.proceed(ReflectiveMethodInvocation.java:163)
	at org.springframework.aop.interceptor.ExposeInvocationInterceptor.invoke(ExposeInvocationInterceptor.java:97)
	at org.springframework.aop.framework.ReflectiveMethodInvocation.proceed(ReflectiveMethodInvocation.java:184)
	at org.springframework.aop.framework.CglibAopProxy$DynamicAdvisedInterceptor.intercept(CglibAopProxy.java:728)
	at org.dromara.web.controller.AuthController$$SpringCGLIB$$0.socialCallback(<generated>)
	at java.base/jdk.internal.reflect.NativeMethodAccessorImpl.invoke0(Native Method)
	at java.base/jdk.internal.reflect.NativeMethodAccessorImpl.invoke(NativeMethodAccessorImpl.java:77)
	at java.base/jdk.internal.reflect.DelegatingMethodAccessorImpl.invoke(DelegatingMethodAccessorImpl.java:43)
	at java.base/java.lang.reflect.Method.invoke(Method.java:569)
	at org.springframework.web.method.support.InvocableHandlerMethod.doInvoke(InvocableHandlerMethod.java:258)
	at org.springframework.web.method.support.InvocableHandlerMethod.invokeForRequest(InvocableHandlerMethod.java:191)
	at org.springframework.web.servlet.mvc.method.annotation.ServletInvocableHandlerMethod.invokeAndHandle(ServletInvocableHandlerMethod.java:118)
	at org.springframework.web.servlet.mvc.method.annotation.RequestMappingHandlerAdapter.invokeHandlerMethod(RequestMappingHandlerAdapter.java:991)
	at org.springframework.web.servlet.mvc.method.annotation.RequestMappingHandlerAdapter.handleInternal(RequestMappingHandlerAdapter.java:896)
	at org.springframework.web.servlet.mvc.method.AbstractHandlerMethodAdapter.handle(AbstractHandlerMethodAdapter.java:87)
	at org.springframework.web.servlet.DispatcherServlet.doDispatch(DispatcherServlet.java:1089)
	at org.springframework.web.servlet.DispatcherServlet.doService(DispatcherServlet.java:979)
	at org.springframework.web.servlet.FrameworkServlet.processRequest(FrameworkServlet.java:1014)
	at org.springframework.web.servlet.FrameworkServlet.doPost(FrameworkServlet.java:914)
	at jakarta.servlet.http.HttpServlet.service(HttpServlet.java:547)
	at org.springframework.web.servlet.FrameworkServlet.service(FrameworkServlet.java:885)
	at jakarta.servlet.http.HttpServlet.service(HttpServlet.java:614)
	at io.undertow.servlet.handlers.ServletHandler.handleRequest(ServletHandler.java:74)
	at io.undertow.servlet.handlers.FilterHandler$FilterChainImpl.doFilter(FilterHandler.java:129)
	at org.springframework.web.filter.CorsFilter.doFilterInternal(CorsFilter.java:91)
	at org.springframework.web.filter.OncePerRequestFilter.doFilter(OncePerRequestFilter.java:116)
	at io.undertow.servlet.core.ManagedFilter.doFilter(ManagedFilter.java:67)
	at io.undertow.servlet.handlers.FilterHandler$FilterChainImpl.doFilter(FilterHandler.java:131)
	at org.dromara.common.web.filter.RepeatableFilter.doFilter(RepeatableFilter.java:32)
	at io.undertow.servlet.core.ManagedFilter.doFilter(ManagedFilter.java:67)
	at io.undertow.servlet.handlers.FilterHandler$FilterChainImpl.doFilter(FilterHandler.java:131)
	at cn.dev33.satoken.filter.SaServletFilter.doFilter(SaServletFilter.java:143)
	at io.undertow.servlet.core.ManagedFilter.doFilter(ManagedFilter.java:67)
	at io.undertow.servlet.handlers.FilterHandler$FilterChainImpl.doFilter(FilterHandler.java:131)
	at cn.dev33.satoken.filter.SaFirewallCheckFilterForJakartaServlet.doFilter(SaFirewallCheckFilterForJakartaServlet.java:69)
	at io.undertow.servlet.core.ManagedFilter.doFilter(ManagedFilter.java:67)
	at io.undertow.servlet.handlers.FilterHandler$FilterChainImpl.doFilter(FilterHandler.java:131)
	at cn.dev33.satoken.filter.SaTokenCorsFilterForJakartaServlet.doFilter(SaTokenCorsFilterForJakartaServlet.java:52)
	at io.undertow.servlet.core.ManagedFilter.doFilter(ManagedFilter.java:67)
	at io.undertow.servlet.handlers.FilterHandler$FilterChainImpl.doFilter(FilterHandler.java:131)
	at cn.dev33.satoken.filter.SaTokenContextFilterForJakartaServlet.doFilter(SaTokenContextFilterForJakartaServlet.java:40)
	at io.undertow.servlet.core.ManagedFilter.doFilter(ManagedFilter.java:67)
	at io.undertow.servlet.handlers.FilterHandler$FilterChainImpl.doFilter(FilterHandler.java:131)
	at org.springframework.web.filter.RequestContextFilter.doFilterInternal(RequestContextFilter.java:100)
	at org.springframework.web.filter.OncePerRequestFilter.doFilter(OncePerRequestFilter.java:116)
	at io.undertow.servlet.core.ManagedFilter.doFilter(ManagedFilter.java:67)
	at io.undertow.servlet.handlers.FilterHandler$FilterChainImpl.doFilter(FilterHandler.java:131)
	at org.springframework.web.filter.FormContentFilter.doFilterInternal(FormContentFilter.java:93)
	at org.springframework.web.filter.OncePerRequestFilter.doFilter(OncePerRequestFilter.java:116)
	at io.undertow.servlet.core.ManagedFilter.doFilter(ManagedFilter.java:67)
	at io.undertow.servlet.handlers.FilterHandler$FilterChainImpl.doFilter(FilterHandler.java:131)
	at org.dromara.common.web.filter.XssFilter.doFilter(XssFilter.java:42)
	at io.undertow.servlet.core.ManagedFilter.doFilter(ManagedFilter.java:67)
	at io.undertow.servlet.handlers.FilterHandler$FilterChainImpl.doFilter(FilterHandler.java:131)
	at org.springframework.web.filter.ServerHttpObservationFilter.doFilterInternal(ServerHttpObservationFilter.java:110)
	at org.springframework.web.filter.OncePerRequestFilter.doFilter(OncePerRequestFilter.java:116)
	at io.undertow.servlet.core.ManagedFilter.doFilter(ManagedFilter.java:67)
	at io.undertow.servlet.handlers.FilterHandler$FilterChainImpl.doFilter(FilterHandler.java:131)
	at org.springframework.web.filter.CharacterEncodingFilter.doFilterInternal(CharacterEncodingFilter.java:201)
	at org.springframework.web.filter.OncePerRequestFilter.doFilter(OncePerRequestFilter.java:116)
	at io.undertow.servlet.core.ManagedFilter.doFilter(ManagedFilter.java:67)
	at io.undertow.servlet.handlers.FilterHandler$FilterChainImpl.doFilter(FilterHandler.java:131)
	at io.undertow.servlet.handlers.FilterHandler.handleRequest(FilterHandler.java:84)
	at io.undertow.servlet.handlers.security.ServletSecurityRoleHandler.handleRequest(ServletSecurityRoleHandler.java:62)
	at io.undertow.servlet.handlers.ServletChain$1.handleRequest(ServletChain.java:68)
	at io.undertow.servlet.handlers.ServletDispatchingHandler.handleRequest(ServletDispatchingHandler.java:36)
	at io.undertow.servlet.handlers.RedirectDirHandler.handleRequest(RedirectDirHandler.java:68)
	at io.undertow.servlet.handlers.security.SSLInformationAssociationHandler.handleRequest(SSLInformationAssociationHandler.java:117)
	at io.undertow.servlet.handlers.security.ServletAuthenticationCallHandler.handleRequest(ServletAuthenticationCallHandler.java:57)
	at io.undertow.server.handlers.PredicateHandler.handleRequest(PredicateHandler.java:43)
	at io.undertow.security.handlers.AbstractConfidentialityHandler.handleRequest(AbstractConfidentialityHandler.java:46)
	at io.undertow.servlet.handlers.security.ServletConfidentialityConstraintHandler.handleRequest(ServletConfidentialityConstraintHandler.java:64)
	at io.undertow.security.handlers.AuthenticationMechanismsHandler.handleRequest(AuthenticationMechanismsHandler.java:60)
	at io.undertow.servlet.handlers.security.CachedAuthenticatedSessionHandler.handleRequest(CachedAuthenticatedSessionHandler.java:75)
	at io.undertow.security.handlers.AbstractSecurityContextAssociationHandler.handleRequest(AbstractSecurityContextAssociationHandler.java:43)
	at io.undertow.server.handlers.PredicateHandler.handleRequest(PredicateHandler.java:43)
	at io.undertow.servlet.handlers.SendErrorPageHandler.handleRequest(SendErrorPageHandler.java:52)
	at io.undertow.server.handlers.PredicateHandler.handleRequest(PredicateHandler.java:43)
	at io.undertow.servlet.handlers.ServletInitialHandler.handleFirstRequest(ServletInitialHandler.java:271)
	at io.undertow.servlet.handlers.ServletInitialHandler$1.call(ServletInitialHandler.java:130)
	at io.undertow.servlet.handlers.ServletInitialHandler$1.call(ServletInitialHandler.java:127)
	at io.undertow.servlet.core.ServletRequestContextThreadSetupAction$1.call(ServletRequestContextThreadSetupAction.java:48)
	at io.undertow.servlet.core.ContextClassLoaderSetupAction$1.call(ContextClassLoaderSetupAction.java:43)
	at io.undertow.servlet.handlers.ServletInitialHandler.dispatchRequest(ServletInitialHandler.java:251)
	at io.undertow.servlet.handlers.ServletInitialHandler.lambda$new$1(ServletInitialHandler.java:99)
	at io.undertow.server.Connectors.executeRootHandler(Connectors.java:395)
	at io.undertow.server.HttpServerExchange$1.run(HttpServerExchange.java:900)
	at org.jboss.threads.ContextHandler$1.runWith(ContextHandler.java:18)
	at org.jboss.threads.EnhancedQueueExecutor$Task.doRunWith(EnhancedQueueExecutor.java:2691)
	at org.jboss.threads.EnhancedQueueExecutor$Task.run(EnhancedQueueExecutor.java:2670)
	at org.jboss.threads.EnhancedQueueExecutor$ThreadBody.run(EnhancedQueueExecutor.java:1615)
	at org.xnio.XnioWorker$WorkerThreadFactory$1$1.run(XnioWorker.java:1282)
	at java.base/java.lang.Thread.run(Thread.java:840)
Caused by: org.postgresql.util.PSQLException: ERROR: column "create_by" is of type bigint but expression is of type character varying
  建议：You will need to rewrite or cast the expression.
  位置：261
	at org.postgresql.core.v3.QueryExecutorImpl.receiveErrorResponse(QueryExecutorImpl.java:2736)
	at org.postgresql.core.v3.QueryExecutorImpl.processResults(QueryExecutorImpl.java:2421)
	at org.postgresql.core.v3.QueryExecutorImpl.execute(QueryExecutorImpl.java:372)
	at org.postgresql.jdbc.PgStatement.executeInternal(PgStatement.java:525)
	at org.postgresql.jdbc.PgStatement.execute(PgStatement.java:435)
	at org.postgresql.jdbc.PgPreparedStatement.executeWithFlags(PgPreparedStatement.java:196)
	at org.postgresql.jdbc.PgPreparedStatement.execute(PgPreparedStatement.java:182)
	at com.zaxxer.hikari.pool.ProxyPreparedStatement.execute(ProxyPreparedStatement.java:44)
	at com.zaxxer.hikari.pool.HikariProxyPreparedStatement.execute(HikariProxyPreparedStatement.java)
	at com.p6spy.engine.wrapper.PreparedStatementWrapper.execute(PreparedStatementWrapper.java:362)
	at org.apache.ibatis.executor.statement.PreparedStatementHandler.update(PreparedStatementHandler.java:48)
	at org.apache.ibatis.executor.statement.RoutingStatementHandler.update(RoutingStatementHandler.java:75)
	at java.base/jdk.internal.reflect.NativeMethodAccessorImpl.invoke0(Native Method)
	at java.base/jdk.internal.reflect.NativeMethodAccessorImpl.invoke(NativeMethodAccessorImpl.java:77)
	at java.base/jdk.internal.reflect.DelegatingMethodAccessorImpl.invoke(DelegatingMethodAccessorImpl.java:43)
	at java.base/java.lang.reflect.Method.invoke(Method.java:569)
	at org.apache.ibatis.plugin.Plugin.invoke(Plugin.java:61)
	at jdk.proxy2/jdk.proxy2.$Proxy256.update(Unknown Source)
	at org.apache.ibatis.executor.SimpleExecutor.doUpdate(SimpleExecutor.java:50)
	at org.apache.ibatis.executor.BaseExecutor.update(BaseExecutor.java:117)
	at org.apache.ibatis.executor.CachingExecutor.update(CachingExecutor.java:76)
	at java.base/jdk.internal.reflect.NativeMethodAccessorImpl.invoke0(Native Method)
	at java.base/jdk.internal.reflect.NativeMethodAccessorImpl.invoke(NativeMethodAccessorImpl.java:77)
	at java.base/jdk.internal.reflect.DelegatingMethodAccessorImpl.invoke(DelegatingMethodAccessorImpl.java:43)
	at java.base/java.lang.reflect.Method.invoke(Method.java:569)
	at org.apache.ibatis.plugin.Invocation.proceed(Invocation.java:61)
	at com.baomidou.mybatisplus.extension.plugins.MybatisPlusInterceptor.intercept(MybatisPlusInterceptor.java:106)
	at org.apache.ibatis.plugin.Plugin.invoke(Plugin.java:59)
	at jdk.proxy2/jdk.proxy2.$Proxy255.update(Unknown Source)
	at org.apache.ibatis.session.defaults.DefaultSqlSession.update(DefaultSqlSession.java:197)
	at org.apache.ibatis.session.defaults.DefaultSqlSession.insert(DefaultSqlSession.java:184)
	at java.base/jdk.internal.reflect.NativeMethodAccessorImpl.invoke0(Native Method)
	at java.base/jdk.internal.reflect.NativeMethodAccessorImpl.invoke(NativeMethodAccessorImpl.java:77)
	at java.base/jdk.internal.reflect.DelegatingMethodAccessorImpl.invoke(DelegatingMethodAccessorImpl.java:43)
	at java.base/java.lang.reflect.Method.invoke(Method.java:569)
	at org.mybatis.spring.SqlSessionTemplate$SqlSessionInterceptor.invoke(SqlSessionTemplate.java:333)
	... 119 common frames omitted
2026-01-04 09:26:36 [XNIO-1 task-3] INFO  o.d.c.w.i.PlusWebInvokeTimeInterceptor - [PLUS]结束请求 => URL[POST /auth/social/callback],耗时:[58]毫秒
2026-01-04 09:26:37 [sj-client-check] WARN  c.a.s.c.c.r.c.g.SnailJobGrpcClient - gRPC channel state=TRANSIENT_FAILURE, try reconnect...
2026-01-04 09:26:38 [XNIO-1 task-3] INFO  o.d.c.w.i.PlusWebInvokeTimeInterceptor - [PLUS]开始请求 => URL[GET /system/user/getInfo],无参数
2026-01-04 09:26:38 [XNIO-1 task-3] INFO  o.d.c.w.i.PlusWebInvokeTimeInterceptor - [PLUS]结束请求 => URL[GET /system/user/getInfo],耗时:[5]毫秒
2026-01-04 09:26:38 [XNIO-1 task-3] INFO  o.d.c.w.i.PlusWebInvokeTimeInterceptor - [PLUS]开始请求 => URL[GET /system/menu/getRouters],无参数
2026-01-04 09:26:38 [XNIO-1 task-3] INFO  o.d.c.w.i.PlusWebInvokeTimeInterceptor - [PLUS]结束请求 => URL[GET /system/menu/getRouters],耗时:[6]毫秒
2026-01-04 09:26:38 [snail-job-grpc-client-executor-127.0.0.1-32] ERROR c.a.s.c.c.handler.ClientRegister - heartbeat check requestId:[32] message:[UNAVAILABLE: io exception]
2026-01-04 09:26:38 [XNIO-1 task-3] INFO  o.d.c.w.i.PlusWebInvokeTimeInterceptor - [PLUS]开始请求 => URL[GET /auth/tenant/list],无参数
2026-01-04 09:26:38 [XNIO-1 task-3] INFO  o.d.c.r.aspectj.RateLimiterAspect - 限制令牌 => 20, 剩余令牌 => 15, 缓存key => 'global:rate_limit:/auth/tenant/list:0:0:0:0:0:0:0:1:'
2026-01-04 09:26:38 [XNIO-1 task-3] INFO  o.d.c.w.i.PlusWebInvokeTimeInterceptor - [PLUS]结束请求 => URL[GET /auth/tenant/list],耗时:[6]毫秒
2026-01-04 09:26:38 [XNIO-1 task-3] INFO  o.d.c.w.i.PlusWebInvokeTimeInterceptor - [PLUS]开始请求 => URL[GET /resource/sse],参数类型[param],参数:[{"Authorization":["Bearer eyJ0eXAiOiJKV1QiLCJhbGciOiJIUzI1NiJ9.eyJsb2dpblR5cGUiOiJsb2dpbiIsImxvZ2luSWQiOiJzeXNfdXNlcjoxIiwicm5TdHIiOiJGbm9mOWZNYlJRWjVHenhxOWpYUHlBZ3A0aVJxbHRPdCIsImNsaWVudGlkIjoiZTVjZDdlNDg5MWJmOTVkMWQxOTIwNmNlMjRhN2IzMmUiLCJ0ZW5hbnRJZCI6IjAwMDAwMCIsInVzZXJJZCI6IjEiLCJ1c2VyTmFtZSI6ImFkbWluIiwiZGVwdElkIjoxLCJkZXB0TmFtZSI6IuW5v-S4nOebiOa1qeW3peiJuuWItuWTgeaciemZkOWFrOWPuCIsImRlcHRDYXRlZ29yeSI6IiJ9.EihSUco_cOwVoTDoHyxiziIeurd7h7YbtILA_AQWQKE"],"clientid":["e5cd7e4891bf95d1d19206ce24a7b32e"]}]
2026-01-04 09:26:38 [XNIO-1 task-4] INFO  o.d.c.w.i.PlusWebInvokeTimeInterceptor - [PLUS]开始请求 => URL[GET /resource/sse],参数类型[param],参数:[{"Authorization":["Bearer eyJ0eXAiOiJKV1QiLCJhbGciOiJIUzI1NiJ9.eyJsb2dpblR5cGUiOiJsb2dpbiIsImxvZ2luSWQiOiJzeXNfdXNlcjoxIiwicm5TdHIiOiJGbm9mOWZNYlJRWjVHenhxOWpYUHlBZ3A0aVJxbHRPdCIsImNsaWVudGlkIjoiZTVjZDdlNDg5MWJmOTVkMWQxOTIwNmNlMjRhN2IzMmUiLCJ0ZW5hbnRJZCI6IjAwMDAwMCIsInVzZXJJZCI6IjEiLCJ1c2VyTmFtZSI6ImFkbWluIiwiZGVwdElkIjoxLCJkZXB0TmFtZSI6IuW5v-S4nOebiOa1qeW3peiJuuWItuWTgeaciemZkOWFrOWPuCIsImRlcHRDYXRlZ29yeSI6IiJ9.EihSUco_cOwVoTDoHyxiziIeurd7h7YbtILA_AQWQKE"],"clientid":["e5cd7e4891bf95d1d19206ce24a7b32e"]}]
2026-01-04 09:26:38 [XNIO-1 task-4] INFO  o.d.c.w.i.PlusWebInvokeTimeInterceptor - [PLUS]结束请求 => URL[GET /resource/sse],耗时:[0]毫秒
2026-01-04 09:26:38 [XNIO-1 task-3] INFO  o.d.c.w.i.PlusWebInvokeTimeInterceptor - [PLUS]开始请求 => URL[GET /resource/sse],参数类型[param],参数:[{"Authorization":["Bearer eyJ0eXAiOiJKV1QiLCJhbGciOiJIUzI1NiJ9.eyJsb2dpblR5cGUiOiJsb2dpbiIsImxvZ2luSWQiOiJzeXNfdXNlcjoxIiwicm5TdHIiOiJGbm9mOWZNYlJRWjVHenhxOWpYUHlBZ3A0aVJxbHRPdCIsImNsaWVudGlkIjoiZTVjZDdlNDg5MWJmOTVkMWQxOTIwNmNlMjRhN2IzMmUiLCJ0ZW5hbnRJZCI6IjAwMDAwMCIsInVzZXJJZCI6IjEiLCJ1c2VyTmFtZSI6ImFkbWluIiwiZGVwdElkIjoxLCJkZXB0TmFtZSI6IuW5v-S4nOebiOa1qeW3peiJuuWItuWTgeaciemZkOWFrOWPuCIsImRlcHRDYXRlZ29yeSI6IiJ9.EihSUco_cOwVoTDoHyxiziIeurd7h7YbtILA_AQWQKE"],"clientid":["e5cd7e4891bf95d1d19206ce24a7b32e"]}]
2026-01-04 09:26:38 [XNIO-1 task-3] INFO  o.d.c.w.i.PlusWebInvokeTimeInterceptor - [PLUS]结束请求 => URL[GET /resource/sse],耗时:[0]毫秒
2026-01-04 09:26:41 [XNIO-1 task-3] INFO  o.d.c.w.i.PlusWebInvokeTimeInterceptor - [PLUS]开始请求 => URL[GET /resource/sse],参数类型[param],参数:[{"Authorization":["Bearer eyJ0eXAiOiJKV1QiLCJhbGciOiJIUzI1NiJ9.eyJsb2dpblR5cGUiOiJsb2dpbiIsImxvZ2luSWQiOiJzeXNfdXNlcjoxIiwicm5TdHIiOiJGbm9mOWZNYlJRWjVHenhxOWpYUHlBZ3A0aVJxbHRPdCIsImNsaWVudGlkIjoiZTVjZDdlNDg5MWJmOTVkMWQxOTIwNmNlMjRhN2IzMmUiLCJ0ZW5hbnRJZCI6IjAwMDAwMCIsInVzZXJJZCI6IjEiLCJ1c2VyTmFtZSI6ImFkbWluIiwiZGVwdElkIjoxLCJkZXB0TmFtZSI6IuW5v-S4nOebiOa1qeW3peiJuuWItuWTgeaciemZkOWFrOWPuCIsImRlcHRDYXRlZ29yeSI6IiJ9.EihSUco_cOwVoTDoHyxiziIeurd7h7YbtILA_AQWQKE"],"clientid":["e5cd7e4891bf95d1d19206ce24a7b32e"]}]
2026-01-04 09:26:47 [sj-client-check] WARN  c.a.s.c.c.r.c.g.SnailJobGrpcClient - gRPC channel state=TRANSIENT_FAILURE, try reconnect...
2026-01-04 09:26:48 [snail-job-grpc-client-executor-127.0.0.1-33] ERROR c.a.s.c.c.handler.ClientRegister - heartbeat check requestId:[33] message:[UNAVAILABLE: io exception]
2026-01-04 09:26:57 [sj-client-check] WARN  c.a.s.c.c.r.c.g.SnailJobGrpcClient - gRPC channel state=TRANSIENT_FAILURE, try reconnect...
2026-01-04 09:26:58 [snail-job-grpc-client-executor-127.0.0.1-34] ERROR c.a.s.c.c.handler.ClientRegister - heartbeat check requestId:[34] message:[UNAVAILABLE: io exception]
2026-01-04 09:27:07 [sj-client-check] WARN  c.a.s.c.c.r.c.g.SnailJobGrpcClient - gRPC channel state=TRANSIENT_FAILURE, try reconnect...
2026-01-04 09:27:08 [snail-job-grpc-client-executor-127.0.0.1-35] ERROR c.a.s.c.c.handler.ClientRegister - heartbeat check requestId:[35] message:[UNAVAILABLE: io exception]
2026-01-04 09:27:17 [sj-client-check] WARN  c.a.s.c.c.r.c.g.SnailJobGrpcClient - gRPC channel state=TRANSIENT_FAILURE, try reconnect...
2026-01-04 09:27:18 [snail-job-grpc-client-executor-127.0.0.1-36] ERROR c.a.s.c.c.handler.ClientRegister - heartbeat check requestId:[36] message:[UNAVAILABLE: io exception]
2026-01-04 09:27:27 [sj-client-check] WARN  c.a.s.c.c.r.c.g.SnailJobGrpcClient - gRPC channel state=TRANSIENT_FAILURE, try reconnect...
2026-01-04 09:27:28 [snail-job-grpc-client-executor-127.0.0.1-38] ERROR c.a.s.c.c.handler.ClientRegister - heartbeat check requestId:[38] message:[UNAVAILABLE: io exception]
2026-01-04 09:27:37 [sj-client-check] WARN  c.a.s.c.c.r.c.g.SnailJobGrpcClient - gRPC channel state=TRANSIENT_FAILURE, try reconnect...
2026-01-04 09:27:38 [snail-job-grpc-client-executor-127.0.0.1-39] ERROR c.a.s.c.c.handler.ClientRegister - heartbeat check requestId:[39] message:[UNAVAILABLE: io exception]
2026-01-04 09:27:47 [sj-client-check] WARN  c.a.s.c.c.r.c.g.SnailJobGrpcClient - gRPC channel state=TRANSIENT_FAILURE, try reconnect...
2026-01-04 09:27:48 [snail-job-grpc-client-executor-127.0.0.1-40] ERROR c.a.s.c.c.handler.ClientRegister - heartbeat check requestId:[40] message:[UNAVAILABLE: io exception]
2026-01-04 09:27:57 [sj-client-check] WARN  c.a.s.c.c.r.c.g.SnailJobGrpcClient - gRPC channel state=TRANSIENT_FAILURE, try reconnect...
2026-01-04 09:27:58 [snail-job-grpc-client-executor-127.0.0.1-41] ERROR c.a.s.c.c.handler.ClientRegister - heartbeat check requestId:[41] message:[UNAVAILABLE: io exception]
2026-01-04 09:28:07 [sj-client-check] WARN  c.a.s.c.c.r.c.g.SnailJobGrpcClient - gRPC channel state=TRANSIENT_FAILURE, try reconnect...
2026-01-04 09:28:08 [snail-job-grpc-client-executor-127.0.0.1-42] ERROR c.a.s.c.c.handler.ClientRegister - heartbeat check requestId:[42] message:[UNAVAILABLE: io exception]
2026-01-04 09:28:17 [sj-client-check] WARN  c.a.s.c.c.r.c.g.SnailJobGrpcClient - gRPC channel state=TRANSIENT_FAILURE, try reconnect...
2026-01-04 09:28:18 [snail-job-grpc-client-executor-127.0.0.1-43] ERROR c.a.s.c.c.handler.ClientRegister - heartbeat check requestId:[44] message:[UNAVAILABLE: io exception]
2026-01-04 09:28:27 [sj-client-check] WARN  c.a.s.c.c.r.c.g.SnailJobGrpcClient - gRPC channel state=TRANSIENT_FAILURE, try reconnect...
2026-01-04 09:28:28 [snail-job-grpc-client-executor-127.0.0.1-45] ERROR c.a.s.c.c.handler.ClientRegister - heartbeat check requestId:[45] message:[UNAVAILABLE: io exception]
2026-01-04 09:28:37 [sj-client-check] WARN  c.a.s.c.c.r.c.g.SnailJobGrpcClient - gRPC channel state=TRANSIENT_FAILURE, try reconnect...
2026-01-04 09:28:38 [snail-job-grpc-client-executor-127.0.0.1-46] ERROR c.a.s.c.c.handler.ClientRegister - heartbeat check requestId:[46] message:[UNAVAILABLE: io exception]
2026-01-04 09:28:47 [sj-client-check] WARN  c.a.s.c.c.r.c.g.SnailJobGrpcClient - gRPC channel state=TRANSIENT_FAILURE, try reconnect...
2026-01-04 09:28:48 [snail-job-grpc-client-executor-127.0.0.1-47] ERROR c.a.s.c.c.handler.ClientRegister - heartbeat check requestId:[47] message:[UNAVAILABLE: io exception]
2026-01-04 09:28:57 [sj-client-check] WARN  c.a.s.c.c.r.c.g.SnailJobGrpcClient - gRPC channel state=TRANSIENT_FAILURE, try reconnect...
2026-01-04 09:28:58 [snail-job-grpc-client-executor-127.0.0.1-48] ERROR c.a.s.c.c.handler.ClientRegister - heartbeat check requestId:[48] message:[UNAVAILABLE: io exception]
2026-01-04 09:29:07 [sj-client-check] WARN  c.a.s.c.c.r.c.g.SnailJobGrpcClient - gRPC channel state=TRANSIENT_FAILURE, try reconnect...
2026-01-04 09:29:08 [snail-job-grpc-client-executor-127.0.0.1-49] ERROR c.a.s.c.c.handler.ClientRegister - heartbeat check requestId:[49] message:[UNAVAILABLE: io exception]
2026-01-04 09:29:17 [sj-client-check] WARN  c.a.s.c.c.r.c.g.SnailJobGrpcClient - gRPC channel state=TRANSIENT_FAILURE, try reconnect...
2026-01-04 09:29:18 [snail-job-grpc-client-executor-127.0.0.1-50] ERROR c.a.s.c.c.handler.ClientRegister - heartbeat check requestId:[51] message:[UNAVAILABLE: io exception]
2026-01-04 09:29:27 [sj-client-check] WARN  c.a.s.c.c.r.c.g.SnailJobGrpcClient - gRPC channel state=TRANSIENT_FAILURE, try reconnect...
2026-01-04 09:29:28 [snail-job-grpc-client-executor-127.0.0.1-52] ERROR c.a.s.c.c.handler.ClientRegister - heartbeat check requestId:[52] message:[UNAVAILABLE: io exception]
2026-01-04 09:29:36 [XNIO-1 task-3] INFO  o.d.c.w.i.PlusWebInvokeTimeInterceptor - [PLUS]开始请求 => URL[GET /system/dict/data/type/sys_device_type],无参数
2026-01-04 09:29:36 [XNIO-1 task-3] INFO  o.d.c.w.i.PlusWebInvokeTimeInterceptor - [PLUS]结束请求 => URL[GET /system/dict/data/type/sys_device_type],耗时:[1]毫秒
2026-01-04 09:29:37 [XNIO-1 task-3] INFO  o.d.c.w.i.PlusWebInvokeTimeInterceptor - [PLUS]开始请求 => URL[GET /system/user/profile],无参数
2026-01-04 09:29:37 [XNIO-1 task-4] INFO  o.d.c.w.i.PlusWebInvokeTimeInterceptor - [PLUS]开始请求 => URL[GET /system/social/list],无参数
2026-01-04 09:29:37 [XNIO-1 task-5] INFO  o.d.c.w.i.PlusWebInvokeTimeInterceptor - [PLUS]开始请求 => URL[GET /monitor/online],无参数
2026-01-04 09:29:37 [XNIO-1 task-5] INFO  o.d.c.w.i.PlusWebInvokeTimeInterceptor - [PLUS]结束请求 => URL[GET /monitor/online],耗时:[2]毫秒
2026-01-04 09:29:37 [XNIO-1 task-4] INFO  o.d.c.w.i.PlusWebInvokeTimeInterceptor - [PLUS]结束请求 => URL[GET /system/social/list],耗时:[6]毫秒
2026-01-04 09:29:37 [XNIO-1 task-3] INFO  o.d.c.w.i.PlusWebInvokeTimeInterceptor - [PLUS]结束请求 => URL[GET /system/user/profile],耗时:[13]毫秒
2026-01-04 09:29:37 [sj-client-check] WARN  c.a.s.c.c.r.c.g.SnailJobGrpcClient - gRPC channel state=TRANSIENT_FAILURE, try reconnect...
2026-01-04 09:29:38 [snail-job-grpc-client-executor-127.0.0.1-53] ERROR c.a.s.c.c.handler.ClientRegister - heartbeat check requestId:[53] message:[UNAVAILABLE: io exception]
2026-01-04 09:29:39 [XNIO-1 task-3] INFO  o.d.c.w.i.PlusWebInvokeTimeInterceptor - [PLUS]开始请求 => URL[GET /auth/binding/maxkey],参数类型[param],参数:[{"domain":["localhost:81"],"tenantId":["000000"]}]
2026-01-04 09:29:39 [XNIO-1 task-3] INFO  o.d.c.w.i.PlusWebInvokeTimeInterceptor - [PLUS]结束请求 => URL[GET /auth/binding/maxkey],耗时:[1]毫秒
2026-01-04 09:29:43 [XNIO-1 task-3] INFO  o.d.c.w.i.PlusWebInvokeTimeInterceptor - [PLUS]开始请求 => URL[POST /auth/social/callback],参数类型[json],参数:[{"socialCode":"3f9d2aba-02f3-4008-9125-9d3c698f0cc2","socialState":"eyJkb21haW4iOiJsb2NhbGhvc3Q6ODEiLCJ0ZW5hbnRJZCI6IjAwMDAwMCIsInN0YXRlIjoiZjczMDVhYjI2YjA0ZjY2ZTY4MmMxNWZiNzA5OGIyMWIifQ==","tenantId":"000000","source":"maxkey","clientId":"e5cd7e4891bf95d1d19206ce24a7b32e","grantType":"social"}]
2026-01-04 09:29:43 [XNIO-1 task-3] INFO  o.d.c.w.i.PlusWebInvokeTimeInterceptor - [PLUS]结束请求 => URL[POST /auth/social/callback],耗时:[61]毫秒
2026-01-04 09:29:46 [XNIO-1 task-3] INFO  o.d.c.w.i.PlusWebInvokeTimeInterceptor - [PLUS]开始请求 => URL[GET /system/user/getInfo],无参数
2026-01-04 09:29:46 [XNIO-1 task-3] INFO  o.d.c.w.i.PlusWebInvokeTimeInterceptor - [PLUS]结束请求 => URL[GET /system/user/getInfo],耗时:[8]毫秒
2026-01-04 09:29:46 [XNIO-1 task-3] INFO  o.d.c.w.i.PlusWebInvokeTimeInterceptor - [PLUS]开始请求 => URL[GET /system/menu/getRouters],无参数
2026-01-04 09:29:46 [XNIO-1 task-3] INFO  o.d.c.w.i.PlusWebInvokeTimeInterceptor - [PLUS]结束请求 => URL[GET /system/menu/getRouters],耗时:[5]毫秒
2026-01-04 09:29:46 [XNIO-1 task-3] INFO  o.d.c.w.i.PlusWebInvokeTimeInterceptor - [PLUS]开始请求 => URL[GET /auth/tenant/list],无参数
2026-01-04 09:29:46 [XNIO-1 task-3] INFO  o.d.c.r.aspectj.RateLimiterAspect - 限制令牌 => 20, 剩余令牌 => 19, 缓存key => 'global:rate_limit:/auth/tenant/list:0:0:0:0:0:0:0:1:'
2026-01-04 09:29:46 [XNIO-1 task-3] INFO  o.d.c.w.i.PlusWebInvokeTimeInterceptor - [PLUS]结束请求 => URL[GET /auth/tenant/list],耗时:[6]毫秒
2026-01-04 09:29:46 [XNIO-1 task-3] INFO  o.d.c.w.i.PlusWebInvokeTimeInterceptor - [PLUS]开始请求 => URL[GET /resource/sse],参数类型[param],参数:[{"Authorization":["Bearer eyJ0eXAiOiJKV1QiLCJhbGciOiJIUzI1NiJ9.eyJsb2dpblR5cGUiOiJsb2dpbiIsImxvZ2luSWQiOiJzeXNfdXNlcjoxIiwicm5TdHIiOiJGbm9mOWZNYlJRWjVHenhxOWpYUHlBZ3A0aVJxbHRPdCIsImNsaWVudGlkIjoiZTVjZDdlNDg5MWJmOTVkMWQxOTIwNmNlMjRhN2IzMmUiLCJ0ZW5hbnRJZCI6IjAwMDAwMCIsInVzZXJJZCI6IjEiLCJ1c2VyTmFtZSI6ImFkbWluIiwiZGVwdElkIjoxLCJkZXB0TmFtZSI6IuW5v-S4nOebiOa1qeW3peiJuuWItuWTgeaciemZkOWFrOWPuCIsImRlcHRDYXRlZ29yeSI6IiJ9.EihSUco_cOwVoTDoHyxiziIeurd7h7YbtILA_AQWQKE"],"clientid":["e5cd7e4891bf95d1d19206ce24a7b32e"]}]
2026-01-04 09:29:46 [XNIO-1 task-4] INFO  o.d.c.w.i.PlusWebInvokeTimeInterceptor - [PLUS]开始请求 => URL[GET /resource/sse],参数类型[param],参数:[{"Authorization":["Bearer eyJ0eXAiOiJKV1QiLCJhbGciOiJIUzI1NiJ9.eyJsb2dpblR5cGUiOiJsb2dpbiIsImxvZ2luSWQiOiJzeXNfdXNlcjoxIiwicm5TdHIiOiJGbm9mOWZNYlJRWjVHenhxOWpYUHlBZ3A0aVJxbHRPdCIsImNsaWVudGlkIjoiZTVjZDdlNDg5MWJmOTVkMWQxOTIwNmNlMjRhN2IzMmUiLCJ0ZW5hbnRJZCI6IjAwMDAwMCIsInVzZXJJZCI6IjEiLCJ1c2VyTmFtZSI6ImFkbWluIiwiZGVwdElkIjoxLCJkZXB0TmFtZSI6IuW5v-S4nOebiOa1qeW3peiJuuWItuWTgeaciemZkOWFrOWPuCIsImRlcHRDYXRlZ29yeSI6IiJ9.EihSUco_cOwVoTDoHyxiziIeurd7h7YbtILA_AQWQKE"],"clientid":["e5cd7e4891bf95d1d19206ce24a7b32e"]}]
2026-01-04 09:29:46 [XNIO-1 task-4] INFO  o.d.c.w.i.PlusWebInvokeTimeInterceptor - [PLUS]结束请求 => URL[GET /resource/sse],耗时:[0]毫秒
2026-01-04 09:29:46 [XNIO-1 task-3] INFO  o.d.c.w.i.PlusWebInvokeTimeInterceptor - [PLUS]开始请求 => URL[GET /resource/sse],参数类型[param],参数:[{"Authorization":["Bearer eyJ0eXAiOiJKV1QiLCJhbGciOiJIUzI1NiJ9.eyJsb2dpblR5cGUiOiJsb2dpbiIsImxvZ2luSWQiOiJzeXNfdXNlcjoxIiwicm5TdHIiOiJGbm9mOWZNYlJRWjVHenhxOWpYUHlBZ3A0aVJxbHRPdCIsImNsaWVudGlkIjoiZTVjZDdlNDg5MWJmOTVkMWQxOTIwNmNlMjRhN2IzMmUiLCJ0ZW5hbnRJZCI6IjAwMDAwMCIsInVzZXJJZCI6IjEiLCJ1c2VyTmFtZSI6ImFkbWluIiwiZGVwdElkIjoxLCJkZXB0TmFtZSI6IuW5v-S4nOebiOa1qeW3peiJuuWItuWTgeaciemZkOWFrOWPuCIsImRlcHRDYXRlZ29yeSI6IiJ9.EihSUco_cOwVoTDoHyxiziIeurd7h7YbtILA_AQWQKE"],"clientid":["e5cd7e4891bf95d1d19206ce24a7b32e"]}]
2026-01-04 09:29:46 [XNIO-1 task-3] INFO  o.d.c.w.i.PlusWebInvokeTimeInterceptor - [PLUS]结束请求 => URL[GET /resource/sse],耗时:[0]毫秒
2026-01-04 09:29:47 [sj-client-check] WARN  c.a.s.c.c.r.c.g.SnailJobGrpcClient - gRPC channel state=TRANSIENT_FAILURE, try reconnect...
2026-01-04 09:29:48 [snail-job-grpc-client-executor-127.0.0.1-54] ERROR c.a.s.c.c.handler.ClientRegister - heartbeat check requestId:[54] message:[UNAVAILABLE: io exception]
2026-01-04 09:29:48 [XNIO-1 task-4] INFO  o.d.c.w.i.PlusWebInvokeTimeInterceptor - [PLUS]开始请求 => URL[GET /system/user/profile],无参数
2026-01-04 09:29:48 [XNIO-1 task-3] INFO  o.d.c.w.i.PlusWebInvokeTimeInterceptor - [PLUS]开始请求 => URL[GET /system/dict/data/type/sys_device_type],无参数
2026-01-04 09:29:48 [XNIO-1 task-3] INFO  o.d.c.w.i.PlusWebInvokeTimeInterceptor - [PLUS]结束请求 => URL[GET /system/dict/data/type/sys_device_type],耗时:[1]毫秒
2026-01-04 09:29:48 [XNIO-1 task-4] INFO  o.d.c.w.i.PlusWebInvokeTimeInterceptor - [PLUS]结束请求 => URL[GET /system/user/profile],耗时:[22]毫秒
2026-01-04 09:29:49 [XNIO-1 task-3] INFO  o.d.c.w.i.PlusWebInvokeTimeInterceptor - [PLUS]开始请求 => URL[GET /monitor/online],无参数
2026-01-04 09:29:49 [XNIO-1 task-4] INFO  o.d.c.w.i.PlusWebInvokeTimeInterceptor - [PLUS]开始请求 => URL[GET /system/social/list],无参数
2026-01-04 09:29:49 [XNIO-1 task-3] INFO  o.d.c.w.i.PlusWebInvokeTimeInterceptor - [PLUS]结束请求 => URL[GET /monitor/online],耗时:[1]毫秒
2026-01-04 09:29:49 [XNIO-1 task-4] INFO  o.d.c.w.i.PlusWebInvokeTimeInterceptor - [PLUS]结束请求 => URL[GET /system/social/list],耗时:[16]毫秒
2026-01-04 09:29:49 [XNIO-1 task-4] INFO  o.d.c.w.i.PlusWebInvokeTimeInterceptor - [PLUS]开始请求 => URL[GET /resource/sse],参数类型[param],参数:[{"Authorization":["Bearer eyJ0eXAiOiJKV1QiLCJhbGciOiJIUzI1NiJ9.eyJsb2dpblR5cGUiOiJsb2dpbiIsImxvZ2luSWQiOiJzeXNfdXNlcjoxIiwicm5TdHIiOiJGbm9mOWZNYlJRWjVHenhxOWpYUHlBZ3A0aVJxbHRPdCIsImNsaWVudGlkIjoiZTVjZDdlNDg5MWJmOTVkMWQxOTIwNmNlMjRhN2IzMmUiLCJ0ZW5hbnRJZCI6IjAwMDAwMCIsInVzZXJJZCI6IjEiLCJ1c2VyTmFtZSI6ImFkbWluIiwiZGVwdElkIjoxLCJkZXB0TmFtZSI6IuW5v-S4nOebiOa1qeW3peiJuuWItuWTgeaciemZkOWFrOWPuCIsImRlcHRDYXRlZ29yeSI6IiJ9.EihSUco_cOwVoTDoHyxiziIeurd7h7YbtILA_AQWQKE"],"clientid":["e5cd7e4891bf95d1d19206ce24a7b32e"]}]
2026-01-04 09:29:57 [sj-client-check] WARN  c.a.s.c.c.r.c.g.SnailJobGrpcClient - gRPC channel state=TRANSIENT_FAILURE, try reconnect...
2026-01-04 09:29:58 [snail-job-grpc-client-executor-127.0.0.1-55] ERROR c.a.s.c.c.handler.ClientRegister - heartbeat check requestId:[55] message:[UNAVAILABLE: io exception]
2026-01-04 09:30:07 [sj-client-check] WARN  c.a.s.c.c.r.c.g.SnailJobGrpcClient - gRPC channel state=TRANSIENT_FAILURE, try reconnect...
2026-01-04 09:30:08 [snail-job-grpc-client-executor-127.0.0.1-56] ERROR c.a.s.c.c.handler.ClientRegister - heartbeat check requestId:[56] message:[UNAVAILABLE: io exception]
2026-01-04 09:30:09 [XNIO-1 task-4] INFO  o.d.c.w.i.PlusWebInvokeTimeInterceptor - [PLUS]开始请求 => URL[POST /auth/logout],无参数
2026-01-04 09:30:09 [async-3] INFO  o.d.s.s.i.SysLogininforServiceImpl - [0:0:0:0:0:0:0:1]内网IP[admin][Logout][退出成功]
2026-01-04 09:30:09 [XNIO-1 task-4] INFO  o.d.web.listener.UserActionListener - user doLogout, userId:sys_user:1, token:eyJ0eXAiOiJKV1QiLCJhbGciOiJIUzI1NiJ9.eyJsb2dpblR5cGUiOiJsb2dpbiIsImxvZ2luSWQiOiJzeXNfdXNlcjoxIiwicm5TdHIiOiJGbm9mOWZNYlJRWjVHenhxOWpYUHlBZ3A0aVJxbHRPdCIsImNsaWVudGlkIjoiZTVjZDdlNDg5MWJmOTVkMWQxOTIwNmNlMjRhN2IzMmUiLCJ0ZW5hbnRJZCI6IjAwMDAwMCIsInVzZXJJZCI6IjEiLCJ1c2VyTmFtZSI6ImFkbWluIiwiZGVwdElkIjoxLCJkZXB0TmFtZSI6IuW5v-S4nOebiOa1qeW3peiJuuWItuWTgeaciemZkOWFrOWPuCIsImRlcHRDYXRlZ29yeSI6IiJ9.EihSUco_cOwVoTDoHyxiziIeurd7h7YbtILA_AQWQKE
2026-01-04 09:30:09 [XNIO-1 task-4] INFO  o.d.c.w.i.PlusWebInvokeTimeInterceptor - [PLUS]结束请求 => URL[POST /auth/logout],耗时:[5]毫秒
2026-01-04 09:30:09 [XNIO-1 task-4] INFO  o.d.c.w.i.PlusWebInvokeTimeInterceptor - [PLUS]开始请求 => URL[GET /resource/sse/close],无参数
2026-01-04 09:30:09 [XNIO-1 task-3] INFO  o.d.c.w.i.PlusWebInvokeTimeInterceptor - [PLUS]开始请求 => URL[GET /resource/sse],参数类型[param],参数:[{"Authorization":["Bearer eyJ0eXAiOiJKV1QiLCJhbGciOiJIUzI1NiJ9.eyJsb2dpblR5cGUiOiJsb2dpbiIsImxvZ2luSWQiOiJzeXNfdXNlcjoxIiwicm5TdHIiOiJGbm9mOWZNYlJRWjVHenhxOWpYUHlBZ3A0aVJxbHRPdCIsImNsaWVudGlkIjoiZTVjZDdlNDg5MWJmOTVkMWQxOTIwNmNlMjRhN2IzMmUiLCJ0ZW5hbnRJZCI6IjAwMDAwMCIsInVzZXJJZCI6IjEiLCJ1c2VyTmFtZSI6ImFkbWluIiwiZGVwdElkIjoxLCJkZXB0TmFtZSI6IuW5v-S4nOebiOa1qeW3peiJuuWItuWTgeaciemZkOWFrOWPuCIsImRlcHRDYXRlZ29yeSI6IiJ9.EihSUco_cOwVoTDoHyxiziIeurd7h7YbtILA_AQWQKE"],"clientid":["e5cd7e4891bf95d1d19206ce24a7b32e"]}]
2026-01-04 09:30:09 [XNIO-1 task-4] INFO  o.d.c.w.i.PlusWebInvokeTimeInterceptor - [PLUS]结束请求 => URL[GET /resource/sse/close],耗时:[1]毫秒
2026-01-04 09:30:09 [XNIO-1 task-3] INFO  o.d.c.w.i.PlusWebInvokeTimeInterceptor - [PLUS]结束请求 => URL[GET /resource/sse],耗时:[0]毫秒
2026-01-04 09:30:09 [XNIO-1 task-4] INFO  o.d.c.w.i.PlusWebInvokeTimeInterceptor - [PLUS]开始请求 => URL[GET /auth/code],无参数
2026-01-04 09:30:09 [XNIO-1 task-4] INFO  o.d.c.r.aspectj.RateLimiterAspect - 限制令牌 => 10, 剩余令牌 => 9, 缓存key => 'global:rate_limit:/auth/code:0:0:0:0:0:0:0:1:'
2026-01-04 09:30:09 [XNIO-1 task-4] INFO  o.d.c.w.i.PlusWebInvokeTimeInterceptor - [PLUS]结束请求 => URL[GET /auth/code],耗时:[10]毫秒
2026-01-04 09:30:10 [XNIO-1 task-4] INFO  o.d.c.w.i.PlusWebInvokeTimeInterceptor - [PLUS]开始请求 => URL[GET /auth/tenant/list],无参数
2026-01-04 09:30:10 [XNIO-1 task-4] INFO  o.d.c.r.aspectj.RateLimiterAspect - 限制令牌 => 20, 剩余令牌 => 18, 缓存key => 'global:rate_limit:/auth/tenant/list:0:0:0:0:0:0:0:1:'
2026-01-04 09:30:10 [XNIO-1 task-4] INFO  o.d.c.w.i.PlusWebInvokeTimeInterceptor - [PLUS]结束请求 => URL[GET /auth/tenant/list],耗时:[4]毫秒
2026-01-04 09:30:12 [XNIO-1 task-3] INFO  o.d.c.w.i.PlusWebInvokeTimeInterceptor - [PLUS]开始请求 => URL[GET /auth/tenant/list],无参数
2026-01-04 09:30:12 [XNIO-1 task-4] INFO  o.d.c.w.i.PlusWebInvokeTimeInterceptor - [PLUS]开始请求 => URL[GET /auth/code],无参数
2026-01-04 09:30:12 [XNIO-1 task-4] INFO  o.d.c.r.aspectj.RateLimiterAspect - 限制令牌 => 10, 剩余令牌 => 8, 缓存key => 'global:rate_limit:/auth/code:0:0:0:0:0:0:0:1:'
2026-01-04 09:30:12 [XNIO-1 task-3] INFO  o.d.c.r.aspectj.RateLimiterAspect - 限制令牌 => 20, 剩余令牌 => 17, 缓存key => 'global:rate_limit:/auth/tenant/list:0:0:0:0:0:0:0:1:'
2026-01-04 09:30:12 [XNIO-1 task-3] INFO  o.d.c.w.i.PlusWebInvokeTimeInterceptor - [PLUS]结束请求 => URL[GET /auth/tenant/list],耗时:[4]毫秒
2026-01-04 09:30:12 [XNIO-1 task-4] INFO  o.d.c.w.i.PlusWebInvokeTimeInterceptor - [PLUS]结束请求 => URL[GET /auth/code],耗时:[5]毫秒
2026-01-04 09:30:12 [XNIO-1 task-4] INFO  o.d.c.w.i.PlusWebInvokeTimeInterceptor - [PLUS]开始请求 => URL[GET /auth/binding/maxkey],参数类型[param],参数:[{"domain":["localhost:81"],"tenantId":["000000"]}]
2026-01-04 09:30:12 [XNIO-1 task-4] INFO  o.d.c.w.i.PlusWebInvokeTimeInterceptor - [PLUS]结束请求 => URL[GET /auth/binding/maxkey],耗时:[1]毫秒
2026-01-04 09:30:17 [sj-client-check] WARN  c.a.s.c.c.r.c.g.SnailJobGrpcClient - gRPC channel state=TRANSIENT_FAILURE, try reconnect...
2026-01-04 09:30:18 [snail-job-grpc-client-executor-127.0.0.1-57] ERROR c.a.s.c.c.handler.ClientRegister - heartbeat check requestId:[58] message:[UNAVAILABLE: io exception]
2026-01-04 09:30:21 [XNIO-1 task-4] INFO  o.d.c.w.i.PlusWebInvokeTimeInterceptor - [PLUS]开始请求 => URL[POST /auth/login],参数类型[json],参数:[{"socialCode":"7e82f2cf-67a5-4c7f-ae6e-9cfce36737b9","socialState":"eyJkb21haW4iOiJsb2NhbGhvc3Q6ODEiLCJ0ZW5hbnRJZCI6IjAwMDAwMCIsInN0YXRlIjoiZjhlNWNlMTQ0OTIwN2Q3MjJmZTY5M2YyM2RiOGRlMzUifQ==","tenantId":"000000","source":"maxkey","clientId":"e5cd7e4891bf95d1d19206ce24a7b32e","grantType":"social"}]
2026-01-04 09:30:21 [async-4] INFO  o.d.s.s.i.SysLogininforServiceImpl - [0:0:0:0:0:0:0:1]内网IP[admin][Success][登录成功]
2026-01-04 09:30:21 [XNIO-1 task-4] INFO  o.d.web.listener.UserActionListener - user doLogin, userId:sys_user:1, token:eyJ0eXAiOiJKV1QiLCJhbGciOiJIUzI1NiJ9.eyJsb2dpblR5cGUiOiJsb2dpbiIsImxvZ2luSWQiOiJzeXNfdXNlcjoxIiwicm5TdHIiOiJaTDQ5cE5MZ2t6aUxocUJRc0pCbkJnUXI2cmhVek9TUyIsImNsaWVudGlkIjoiZTVjZDdlNDg5MWJmOTVkMWQxOTIwNmNlMjRhN2IzMmUiLCJ0ZW5hbnRJZCI6IjAwMDAwMCIsInVzZXJJZCI6IjEiLCJ1c2VyTmFtZSI6ImFkbWluIiwiZGVwdElkIjoxLCJkZXB0TmFtZSI6IuW5v-S4nOebiOa1qeW3peiJuuWItuWTgeaciemZkOWFrOWPuCIsImRlcHRDYXRlZ29yeSI6IiJ9.kuqPb9Fhn6MN9IIoIl-IkuMZtdXpJa2xcSDF3KsYXxE
2026-01-04 09:30:21 [XNIO-1 task-4] INFO  o.d.c.w.i.PlusWebInvokeTimeInterceptor - [PLUS]结束请求 => URL[POST /auth/login],耗时:[46]毫秒
2026-01-04 09:30:23 [XNIO-1 task-4] INFO  o.d.c.w.i.PlusWebInvokeTimeInterceptor - [PLUS]开始请求 => URL[GET /system/user/getInfo],无参数
2026-01-04 09:30:23 [XNIO-1 task-4] INFO  o.d.c.w.i.PlusWebInvokeTimeInterceptor - [PLUS]结束请求 => URL[GET /system/user/getInfo],耗时:[7]毫秒
2026-01-04 09:30:23 [XNIO-1 task-4] INFO  o.d.c.w.i.PlusWebInvokeTimeInterceptor - [PLUS]开始请求 => URL[GET /system/menu/getRouters],无参数
2026-01-04 09:30:23 [XNIO-1 task-4] INFO  o.d.c.w.i.PlusWebInvokeTimeInterceptor - [PLUS]结束请求 => URL[GET /system/menu/getRouters],耗时:[7]毫秒
2026-01-04 09:30:23 [XNIO-1 task-4] INFO  o.d.c.w.i.PlusWebInvokeTimeInterceptor - [PLUS]开始请求 => URL[GET /auth/tenant/list],无参数
2026-01-04 09:30:23 [XNIO-1 task-4] INFO  o.d.c.r.aspectj.RateLimiterAspect - 限制令牌 => 20, 剩余令牌 => 16, 缓存key => 'global:rate_limit:/auth/tenant/list:0:0:0:0:0:0:0:1:'
2026-01-04 09:30:23 [XNIO-1 task-4] INFO  o.d.c.w.i.PlusWebInvokeTimeInterceptor - [PLUS]结束请求 => URL[GET /auth/tenant/list],耗时:[5]毫秒
2026-01-04 09:30:23 [XNIO-1 task-4] INFO  o.d.c.w.i.PlusWebInvokeTimeInterceptor - [PLUS]开始请求 => URL[GET /resource/sse],参数类型[param],参数:[{"Authorization":["Bearer eyJ0eXAiOiJKV1QiLCJhbGciOiJIUzI1NiJ9.eyJsb2dpblR5cGUiOiJsb2dpbiIsImxvZ2luSWQiOiJzeXNfdXNlcjoxIiwicm5TdHIiOiJaTDQ5cE5MZ2t6aUxocUJRc0pCbkJnUXI2cmhVek9TUyIsImNsaWVudGlkIjoiZTVjZDdlNDg5MWJmOTVkMWQxOTIwNmNlMjRhN2IzMmUiLCJ0ZW5hbnRJZCI6IjAwMDAwMCIsInVzZXJJZCI6IjEiLCJ1c2VyTmFtZSI6ImFkbWluIiwiZGVwdElkIjoxLCJkZXB0TmFtZSI6IuW5v-S4nOebiOa1qeW3peiJuuWItuWTgeaciemZkOWFrOWPuCIsImRlcHRDYXRlZ29yeSI6IiJ9.kuqPb9Fhn6MN9IIoIl-IkuMZtdXpJa2xcSDF3KsYXxE"],"clientid":["e5cd7e4891bf95d1d19206ce24a7b32e"]}]
2026-01-04 09:30:26 [schedule-pool-6] INFO  o.d.c.sse.core.SseEmitterManager - SSE发送主题订阅消息topic:global:sse session keys:[1] message:欢迎登录RuoYi-Vue-Plus后台管理系统
2026-01-04 09:30:26 [redisson-3-3] INFO  o.d.c.sse.listener.SseTopicListener - SSE主题订阅收到消息session keys=[1] message=欢迎登录RuoYi-Vue-Plus后台管理系统
2026-01-04 09:30:27 [sj-client-check] WARN  c.a.s.c.c.r.c.g.SnailJobGrpcClient - gRPC channel state=TRANSIENT_FAILURE, try reconnect...
2026-01-04 09:30:28 [snail-job-grpc-client-executor-127.0.0.1-59] ERROR c.a.s.c.c.handler.ClientRegister - heartbeat check requestId:[59] message:[UNAVAILABLE: io exception]
2026-01-04 09:30:31 [XNIO-1 task-4] INFO  o.d.c.w.i.PlusWebInvokeTimeInterceptor - [PLUS]开始请求 => URL[POST /auth/logout],无参数
2026-01-04 09:30:31 [async-5] INFO  o.d.s.s.i.SysLogininforServiceImpl - [0:0:0:0:0:0:0:1]内网IP[admin][Logout][退出成功]
2026-01-04 09:30:31 [XNIO-1 task-4] INFO  o.d.web.listener.UserActionListener - user doLogout, userId:sys_user:1, token:eyJ0eXAiOiJKV1QiLCJhbGciOiJIUzI1NiJ9.eyJsb2dpblR5cGUiOiJsb2dpbiIsImxvZ2luSWQiOiJzeXNfdXNlcjoxIiwicm5TdHIiOiJaTDQ5cE5MZ2t6aUxocUJRc0pCbkJnUXI2cmhVek9TUyIsImNsaWVudGlkIjoiZTVjZDdlNDg5MWJmOTVkMWQxOTIwNmNlMjRhN2IzMmUiLCJ0ZW5hbnRJZCI6IjAwMDAwMCIsInVzZXJJZCI6IjEiLCJ1c2VyTmFtZSI6ImFkbWluIiwiZGVwdElkIjoxLCJkZXB0TmFtZSI6IuW5v-S4nOebiOa1qeW3peiJuuWItuWTgeaciemZkOWFrOWPuCIsImRlcHRDYXRlZ29yeSI6IiJ9.kuqPb9Fhn6MN9IIoIl-IkuMZtdXpJa2xcSDF3KsYXxE
2026-01-04 09:30:31 [XNIO-1 task-4] INFO  o.d.c.w.i.PlusWebInvokeTimeInterceptor - [PLUS]结束请求 => URL[POST /auth/logout],耗时:[5]毫秒
2026-01-04 09:30:32 [XNIO-1 task-4] INFO  o.d.c.w.i.PlusWebInvokeTimeInterceptor - [PLUS]开始请求 => URL[GET /resource/sse/close],无参数
2026-01-04 09:30:32 [XNIO-1 task-3] INFO  o.d.c.w.i.PlusWebInvokeTimeInterceptor - [PLUS]开始请求 => URL[GET /resource/sse],参数类型[param],参数:[{"Authorization":["Bearer eyJ0eXAiOiJKV1QiLCJhbGciOiJIUzI1NiJ9.eyJsb2dpblR5cGUiOiJsb2dpbiIsImxvZ2luSWQiOiJzeXNfdXNlcjoxIiwicm5TdHIiOiJaTDQ5cE5MZ2t6aUxocUJRc0pCbkJnUXI2cmhVek9TUyIsImNsaWVudGlkIjoiZTVjZDdlNDg5MWJmOTVkMWQxOTIwNmNlMjRhN2IzMmUiLCJ0ZW5hbnRJZCI6IjAwMDAwMCIsInVzZXJJZCI6IjEiLCJ1c2VyTmFtZSI6ImFkbWluIiwiZGVwdElkIjoxLCJkZXB0TmFtZSI6IuW5v-S4nOebiOa1qeW3peiJuuWItuWTgeaciemZkOWFrOWPuCIsImRlcHRDYXRlZ29yeSI6IiJ9.kuqPb9Fhn6MN9IIoIl-IkuMZtdXpJa2xcSDF3KsYXxE"],"clientid":["e5cd7e4891bf95d1d19206ce24a7b32e"]}]
2026-01-04 09:30:32 [XNIO-1 task-4] INFO  o.d.c.w.i.PlusWebInvokeTimeInterceptor - [PLUS]结束请求 => URL[GET /resource/sse/close],耗时:[1]毫秒
2026-01-04 09:30:32 [XNIO-1 task-3] INFO  o.d.c.w.i.PlusWebInvokeTimeInterceptor - [PLUS]结束请求 => URL[GET /resource/sse],耗时:[0]毫秒
2026-01-04 09:30:32 [XNIO-1 task-3] INFO  o.d.c.w.i.PlusWebInvokeTimeInterceptor - [PLUS]开始请求 => URL[GET /auth/code],无参数
2026-01-04 09:30:32 [XNIO-1 task-3] INFO  o.d.c.r.aspectj.RateLimiterAspect - 限制令牌 => 10, 剩余令牌 => 7, 缓存key => 'global:rate_limit:/auth/code:0:0:0:0:0:0:0:1:'
2026-01-04 09:30:32 [XNIO-1 task-3] INFO  o.d.c.w.i.PlusWebInvokeTimeInterceptor - [PLUS]结束请求 => URL[GET /auth/code],耗时:[4]毫秒
2026-01-04 09:30:32 [XNIO-1 task-3] INFO  o.d.c.w.i.PlusWebInvokeTimeInterceptor - [PLUS]开始请求 => URL[GET /auth/tenant/list],无参数
2026-01-04 09:30:32 [XNIO-1 task-3] INFO  o.d.c.r.aspectj.RateLimiterAspect - 限制令牌 => 20, 剩余令牌 => 15, 缓存key => 'global:rate_limit:/auth/tenant/list:0:0:0:0:0:0:0:1:'
2026-01-04 09:30:32 [XNIO-1 task-3] INFO  o.d.c.w.i.PlusWebInvokeTimeInterceptor - [PLUS]结束请求 => URL[GET /auth/tenant/list],耗时:[3]毫秒
2026-01-04 09:30:34 [XNIO-1 task-3] INFO  o.d.c.w.i.PlusWebInvokeTimeInterceptor - [PLUS]开始请求 => URL[GET /auth/code],无参数
2026-01-04 09:30:34 [XNIO-1 task-4] INFO  o.d.c.w.i.PlusWebInvokeTimeInterceptor - [PLUS]开始请求 => URL[GET /auth/tenant/list],无参数
2026-01-04 09:30:34 [XNIO-1 task-3] INFO  o.d.c.r.aspectj.RateLimiterAspect - 限制令牌 => 10, 剩余令牌 => 6, 缓存key => 'global:rate_limit:/auth/code:0:0:0:0:0:0:0:1:'
2026-01-04 09:30:34 [XNIO-1 task-4] INFO  o.d.c.r.aspectj.RateLimiterAspect - 限制令牌 => 20, 剩余令牌 => 14, 缓存key => 'global:rate_limit:/auth/tenant/list:0:0:0:0:0:0:0:1:'
2026-01-04 09:30:34 [XNIO-1 task-4] INFO  o.d.c.w.i.PlusWebInvokeTimeInterceptor - [PLUS]结束请求 => URL[GET /auth/tenant/list],耗时:[5]毫秒
2026-01-04 09:30:34 [XNIO-1 task-3] INFO  o.d.c.w.i.PlusWebInvokeTimeInterceptor - [PLUS]结束请求 => URL[GET /auth/code],耗时:[6]毫秒
2026-01-04 09:30:34 [XNIO-1 task-3] INFO  o.d.c.w.i.PlusWebInvokeTimeInterceptor - [PLUS]开始请求 => URL[GET /auth/binding/maxkey],参数类型[param],参数:[{"domain":["localhost:81"],"tenantId":["000000"]}]
2026-01-04 09:30:34 [XNIO-1 task-3] INFO  o.d.c.w.i.PlusWebInvokeTimeInterceptor - [PLUS]结束请求 => URL[GET /auth/binding/maxkey],耗时:[1]毫秒
2026-01-04 09:30:37 [sj-client-check] WARN  c.a.s.c.c.r.c.g.SnailJobGrpcClient - gRPC channel state=TRANSIENT_FAILURE, try reconnect...
2026-01-04 09:30:38 [snail-job-grpc-client-executor-127.0.0.1-60] ERROR c.a.s.c.c.handler.ClientRegister - heartbeat check requestId:[60] message:[UNAVAILABLE: io exception]
2026-01-04 09:30:47 [sj-client-check] WARN  c.a.s.c.c.r.c.g.SnailJobGrpcClient - gRPC channel state=TRANSIENT_FAILURE, try reconnect...
2026-01-04 09:30:48 [snail-job-grpc-client-executor-127.0.0.1-61] ERROR c.a.s.c.c.handler.ClientRegister - heartbeat check requestId:[61] message:[UNAVAILABLE: io exception]
2026-01-04 09:30:54 [XNIO-1 task-3] INFO  o.d.c.w.i.PlusWebInvokeTimeInterceptor - [PLUS]开始请求 => URL[POST /auth/login],参数类型[json],参数:[{"socialCode":"569f4b9c-ff7d-4dc6-bfbd-223460d408b7","socialState":"eyJkb21haW4iOiJsb2NhbGhvc3Q6ODEiLCJ0ZW5hbnRJZCI6IjAwMDAwMCIsInN0YXRlIjoiNzZmMTU5MmY5OTZjY2RkNzA1YjkxNzE5ZWFiYzBhY2UifQ==","tenantId":"000000","source":"maxkey","clientId":"e5cd7e4891bf95d1d19206ce24a7b32e","grantType":"social"}]
2026-01-04 09:30:54 [async-6] INFO  o.d.s.s.i.SysLogininforServiceImpl - [0:0:0:0:0:0:0:1]内网IP[admin][Success][登录成功]
2026-01-04 09:30:54 [XNIO-1 task-3] INFO  o.d.web.listener.UserActionListener - user doLogin, userId:sys_user:1, token:eyJ0eXAiOiJKV1QiLCJhbGciOiJIUzI1NiJ9.eyJsb2dpblR5cGUiOiJsb2dpbiIsImxvZ2luSWQiOiJzeXNfdXNlcjoxIiwicm5TdHIiOiJHdEFyeDBkWlJ0bU5zZWRKTWJlMktrNTE3VGtYS2ZIQiIsImNsaWVudGlkIjoiZTVjZDdlNDg5MWJmOTVkMWQxOTIwNmNlMjRhN2IzMmUiLCJ0ZW5hbnRJZCI6IjAwMDAwMCIsInVzZXJJZCI6IjEiLCJ1c2VyTmFtZSI6ImFkbWluIiwiZGVwdElkIjoxLCJkZXB0TmFtZSI6IuW5v-S4nOebiOa1qeW3peiJuuWItuWTgeaciemZkOWFrOWPuCIsImRlcHRDYXRlZ29yeSI6IiJ9.H1sfn8QBYeiesCDUQYrKhkvZU50q5LJKD5A9_D5vYMk
2026-01-04 09:30:54 [XNIO-1 task-3] INFO  o.d.c.w.i.PlusWebInvokeTimeInterceptor - [PLUS]结束请求 => URL[POST /auth/login],耗时:[61]毫秒
2026-01-04 09:30:57 [XNIO-1 task-3] INFO  o.d.c.w.i.PlusWebInvokeTimeInterceptor - [PLUS]开始请求 => URL[GET /system/user/getInfo],无参数
2026-01-04 09:30:57 [XNIO-1 task-3] INFO  o.d.c.w.i.PlusWebInvokeTimeInterceptor - [PLUS]结束请求 => URL[GET /system/user/getInfo],耗时:[8]毫秒
2026-01-04 09:30:57 [XNIO-1 task-3] INFO  o.d.c.w.i.PlusWebInvokeTimeInterceptor - [PLUS]开始请求 => URL[GET /system/menu/getRouters],无参数
2026-01-04 09:30:57 [XNIO-1 task-3] INFO  o.d.c.w.i.PlusWebInvokeTimeInterceptor - [PLUS]结束请求 => URL[GET /system/menu/getRouters],耗时:[7]毫秒
2026-01-04 09:30:57 [XNIO-1 task-3] INFO  o.d.c.w.i.PlusWebInvokeTimeInterceptor - [PLUS]开始请求 => URL[GET /auth/tenant/list],无参数
2026-01-04 09:30:57 [XNIO-1 task-3] INFO  o.d.c.r.aspectj.RateLimiterAspect - 限制令牌 => 20, 剩余令牌 => 14, 缓存key => 'global:rate_limit:/auth/tenant/list:0:0:0:0:0:0:0:1:'
2026-01-04 09:30:57 [XNIO-1 task-3] INFO  o.d.c.w.i.PlusWebInvokeTimeInterceptor - [PLUS]结束请求 => URL[GET /auth/tenant/list],耗时:[4]毫秒
2026-01-04 09:30:57 [XNIO-1 task-3] INFO  o.d.c.w.i.PlusWebInvokeTimeInterceptor - [PLUS]开始请求 => URL[GET /resource/sse],参数类型[param],参数:[{"Authorization":["Bearer eyJ0eXAiOiJKV1QiLCJhbGciOiJIUzI1NiJ9.eyJsb2dpblR5cGUiOiJsb2dpbiIsImxvZ2luSWQiOiJzeXNfdXNlcjoxIiwicm5TdHIiOiJHdEFyeDBkWlJ0bU5zZWRKTWJlMktrNTE3VGtYS2ZIQiIsImNsaWVudGlkIjoiZTVjZDdlNDg5MWJmOTVkMWQxOTIwNmNlMjRhN2IzMmUiLCJ0ZW5hbnRJZCI6IjAwMDAwMCIsInVzZXJJZCI6IjEiLCJ1c2VyTmFtZSI6ImFkbWluIiwiZGVwdElkIjoxLCJkZXB0TmFtZSI6IuW5v-S4nOebiOa1qeW3peiJuuWItuWTgeaciemZkOWFrOWPuCIsImRlcHRDYXRlZ29yeSI6IiJ9.H1sfn8QBYeiesCDUQYrKhkvZU50q5LJKD5A9_D5vYMk"],"clientid":["e5cd7e4891bf95d1d19206ce24a7b32e"]}]
2026-01-04 09:30:57 [sj-client-check] WARN  c.a.s.c.c.r.c.g.SnailJobGrpcClient - gRPC channel state=TRANSIENT_FAILURE, try reconnect...
2026-01-04 09:30:58 [snail-job-grpc-client-executor-127.0.0.1-62] ERROR c.a.s.c.c.handler.ClientRegister - heartbeat check requestId:[62] message:[UNAVAILABLE: io exception]
2026-01-04 09:30:59 [schedule-pool-7] INFO  o.d.c.sse.core.SseEmitterManager - SSE发送主题订阅消息topic:global:sse session keys:[1] message:欢迎登录RuoYi-Vue-Plus后台管理系统
2026-01-04 09:30:59 [redisson-3-4] INFO  o.d.c.sse.listener.SseTopicListener - SSE主题订阅收到消息session keys=[1] message=欢迎登录RuoYi-Vue-Plus后台管理系统
2026-01-04 09:31:07 [sj-client-check] WARN  c.a.s.c.c.r.c.g.SnailJobGrpcClient - gRPC channel state=TRANSIENT_FAILURE, try reconnect...
2026-01-04 09:31:08 [snail-job-grpc-client-executor-127.0.0.1-63] ERROR c.a.s.c.c.handler.ClientRegister - heartbeat check requestId:[63] message:[UNAVAILABLE: io exception]
2026-01-04 09:31:17 [sj-client-check] WARN  c.a.s.c.c.r.c.g.SnailJobGrpcClient - gRPC channel state=TRANSIENT_FAILURE, try reconnect...
2026-01-04 09:31:18 [snail-job-grpc-client-executor-127.0.0.1-64] ERROR c.a.s.c.c.handler.ClientRegister - heartbeat check requestId:[64] message:[UNAVAILABLE: io exception]
2026-01-04 09:31:27 [sj-client-check] WARN  c.a.s.c.c.r.c.g.SnailJobGrpcClient - gRPC channel state=TRANSIENT_FAILURE, try reconnect...
2026-01-04 09:31:28 [snail-job-grpc-client-executor-127.0.0.1-66] ERROR c.a.s.c.c.handler.ClientRegister - heartbeat check requestId:[66] message:[UNAVAILABLE: io exception]
2026-01-04 09:31:37 [sj-client-check] WARN  c.a.s.c.c.r.c.g.SnailJobGrpcClient - gRPC channel state=TRANSIENT_FAILURE, try reconnect...
2026-01-04 09:31:38 [XNIO-1 task-3] INFO  o.d.c.w.i.PlusWebInvokeTimeInterceptor - [PLUS]开始请求 => URL[POST /auth/logout],无参数
2026-01-04 09:31:38 [XNIO-1 task-3] INFO  o.d.web.listener.UserActionListener - user doLogout, userId:sys_user:1, token:eyJ0eXAiOiJKV1QiLCJhbGciOiJIUzI1NiJ9.eyJsb2dpblR5cGUiOiJsb2dpbiIsImxvZ2luSWQiOiJzeXNfdXNlcjoxIiwicm5TdHIiOiJHdEFyeDBkWlJ0bU5zZWRKTWJlMktrNTE3VGtYS2ZIQiIsImNsaWVudGlkIjoiZTVjZDdlNDg5MWJmOTVkMWQxOTIwNmNlMjRhN2IzMmUiLCJ0ZW5hbnRJZCI6IjAwMDAwMCIsInVzZXJJZCI6IjEiLCJ1c2VyTmFtZSI6ImFkbWluIiwiZGVwdElkIjoxLCJkZXB0TmFtZSI6IuW5v-S4nOebiOa1qeW3peiJuuWItuWTgeaciemZkOWFrOWPuCIsImRlcHRDYXRlZ29yeSI6IiJ9.H1sfn8QBYeiesCDUQYrKhkvZU50q5LJKD5A9_D5vYMk
2026-01-04 09:31:38 [async-7] INFO  o.d.s.s.i.SysLogininforServiceImpl - [0:0:0:0:0:0:0:1]内网IP[admin][Logout][退出成功]
2026-01-04 09:31:38 [XNIO-1 task-3] INFO  o.d.c.w.i.PlusWebInvokeTimeInterceptor - [PLUS]结束请求 => URL[POST /auth/logout],耗时:[5]毫秒
2026-01-04 09:31:38 [snail-job-grpc-client-executor-127.0.0.1-67] ERROR c.a.s.c.c.handler.ClientRegister - heartbeat check requestId:[67] message:[UNAVAILABLE: io exception]
2026-01-04 09:31:38 [XNIO-1 task-3] INFO  o.d.c.w.i.PlusWebInvokeTimeInterceptor - [PLUS]开始请求 => URL[GET /resource/sse/close],无参数
2026-01-04 09:31:38 [XNIO-1 task-4] INFO  o.d.c.w.i.PlusWebInvokeTimeInterceptor - [PLUS]开始请求 => URL[GET /resource/sse],参数类型[param],参数:[{"Authorization":["Bearer eyJ0eXAiOiJKV1QiLCJhbGciOiJIUzI1NiJ9.eyJsb2dpblR5cGUiOiJsb2dpbiIsImxvZ2luSWQiOiJzeXNfdXNlcjoxIiwicm5TdHIiOiJHdEFyeDBkWlJ0bU5zZWRKTWJlMktrNTE3VGtYS2ZIQiIsImNsaWVudGlkIjoiZTVjZDdlNDg5MWJmOTVkMWQxOTIwNmNlMjRhN2IzMmUiLCJ0ZW5hbnRJZCI6IjAwMDAwMCIsInVzZXJJZCI6IjEiLCJ1c2VyTmFtZSI6ImFkbWluIiwiZGVwdElkIjoxLCJkZXB0TmFtZSI6IuW5v-S4nOebiOa1qeW3peiJuuWItuWTgeaciemZkOWFrOWPuCIsImRlcHRDYXRlZ29yeSI6IiJ9.H1sfn8QBYeiesCDUQYrKhkvZU50q5LJKD5A9_D5vYMk"],"clientid":["e5cd7e4891bf95d1d19206ce24a7b32e"]}]
2026-01-04 09:31:38 [XNIO-1 task-3] INFO  o.d.c.w.i.PlusWebInvokeTimeInterceptor - [PLUS]结束请求 => URL[GET /resource/sse/close],耗时:[0]毫秒
2026-01-04 09:31:38 [XNIO-1 task-4] INFO  o.d.c.w.i.PlusWebInvokeTimeInterceptor - [PLUS]结束请求 => URL[GET /resource/sse],耗时:[0]毫秒
2026-01-04 09:31:38 [XNIO-1 task-3] INFO  o.d.c.w.i.PlusWebInvokeTimeInterceptor - [PLUS]开始请求 => URL[GET /auth/code],无参数
2026-01-04 09:31:38 [XNIO-1 task-3] INFO  o.d.c.r.aspectj.RateLimiterAspect - 限制令牌 => 10, 剩余令牌 => 9, 缓存key => 'global:rate_limit:/auth/code:0:0:0:0:0:0:0:1:'
2026-01-04 09:31:38 [XNIO-1 task-3] INFO  o.d.c.w.i.PlusWebInvokeTimeInterceptor - [PLUS]结束请求 => URL[GET /auth/code],耗时:[6]毫秒
2026-01-04 09:31:38 [XNIO-1 task-3] INFO  o.d.c.w.i.PlusWebInvokeTimeInterceptor - [PLUS]开始请求 => URL[GET /auth/tenant/list],无参数
2026-01-04 09:31:38 [XNIO-1 task-3] INFO  o.d.c.r.aspectj.RateLimiterAspect - 限制令牌 => 20, 剩余令牌 => 18, 缓存key => 'global:rate_limit:/auth/tenant/list:0:0:0:0:0:0:0:1:'
2026-01-04 09:31:39 [XNIO-1 task-3] INFO  o.d.c.w.i.PlusWebInvokeTimeInterceptor - [PLUS]结束请求 => URL[GET /auth/tenant/list],耗时:[3]毫秒
2026-01-04 09:31:47 [sj-client-check] WARN  c.a.s.c.c.r.c.g.SnailJobGrpcClient - gRPC channel state=TRANSIENT_FAILURE, try reconnect...
2026-01-04 09:31:48 [snail-job-grpc-client-executor-127.0.0.1-68] ERROR c.a.s.c.c.handler.ClientRegister - heartbeat check requestId:[68] message:[UNAVAILABLE: io exception]
2026-01-04 09:31:57 [sj-client-check] WARN  c.a.s.c.c.r.c.g.SnailJobGrpcClient - gRPC channel state=TRANSIENT_FAILURE, try reconnect...
2026-01-04 09:31:58 [snail-job-grpc-client-executor-127.0.0.1-69] ERROR c.a.s.c.c.handler.ClientRegister - heartbeat check requestId:[69] message:[UNAVAILABLE: io exception]
2026-01-04 09:32:07 [sj-client-check] WARN  c.a.s.c.c.r.c.g.SnailJobGrpcClient - gRPC channel state=TRANSIENT_FAILURE, try reconnect...
2026-01-04 09:32:08 [snail-job-grpc-client-executor-127.0.0.1-70] ERROR c.a.s.c.c.handler.ClientRegister - heartbeat check requestId:[70] message:[UNAVAILABLE: io exception]
2026-01-04 09:32:17 [sj-client-check] WARN  c.a.s.c.c.r.c.g.SnailJobGrpcClient - gRPC channel state=TRANSIENT_FAILURE, try reconnect...
2026-01-04 09:32:18 [snail-job-grpc-client-executor-127.0.0.1-71] ERROR c.a.s.c.c.handler.ClientRegister - heartbeat check requestId:[71] message:[UNAVAILABLE: io exception]
2026-01-04 09:32:27 [sj-client-check] WARN  c.a.s.c.c.r.c.g.SnailJobGrpcClient - gRPC channel state=TRANSIENT_FAILURE, try reconnect...
2026-01-04 09:32:28 [snail-job-grpc-client-executor-127.0.0.1-73] ERROR c.a.s.c.c.handler.ClientRegister - heartbeat check requestId:[73] message:[UNAVAILABLE: io exception]
2026-01-04 09:32:37 [sj-client-check] WARN  c.a.s.c.c.r.c.g.SnailJobGrpcClient - gRPC channel state=TRANSIENT_FAILURE, try reconnect...
2026-01-04 09:32:38 [snail-job-grpc-client-executor-127.0.0.1-74] ERROR c.a.s.c.c.handler.ClientRegister - heartbeat check requestId:[74] message:[UNAVAILABLE: io exception]
2026-01-04 09:32:47 [sj-client-check] WARN  c.a.s.c.c.r.c.g.SnailJobGrpcClient - gRPC channel state=TRANSIENT_FAILURE, try reconnect...
2026-01-04 09:32:48 [snail-job-grpc-client-executor-127.0.0.1-75] ERROR c.a.s.c.c.handler.ClientRegister - heartbeat check requestId:[75] message:[UNAVAILABLE: io exception]
2026-01-04 09:32:57 [sj-client-check] WARN  c.a.s.c.c.r.c.g.SnailJobGrpcClient - gRPC channel state=TRANSIENT_FAILURE, try reconnect...
2026-01-04 09:32:58 [snail-job-grpc-client-executor-127.0.0.1-76] ERROR c.a.s.c.c.handler.ClientRegister - heartbeat check requestId:[76] message:[UNAVAILABLE: io exception]
2026-01-04 09:33:07 [sj-client-check] WARN  c.a.s.c.c.r.c.g.SnailJobGrpcClient - gRPC channel state=TRANSIENT_FAILURE, try reconnect...
2026-01-04 09:33:08 [snail-job-grpc-client-executor-127.0.0.1-77] ERROR c.a.s.c.c.handler.ClientRegister - heartbeat check requestId:[77] message:[UNAVAILABLE: io exception]
2026-01-04 09:33:17 [sj-client-check] WARN  c.a.s.c.c.r.c.g.SnailJobGrpcClient - gRPC channel state=TRANSIENT_FAILURE, try reconnect...
2026-01-04 09:33:18 [snail-job-grpc-client-executor-127.0.0.1-78] ERROR c.a.s.c.c.handler.ClientRegister - heartbeat check requestId:[79] message:[UNAVAILABLE: io exception]
2026-01-04 09:33:27 [sj-client-check] WARN  c.a.s.c.c.r.c.g.SnailJobGrpcClient - gRPC channel state=TRANSIENT_FAILURE, try reconnect...
2026-01-04 09:33:28 [snail-job-grpc-client-executor-127.0.0.1-80] ERROR c.a.s.c.c.handler.ClientRegister - heartbeat check requestId:[80] message:[UNAVAILABLE: io exception]
2026-01-04 09:33:37 [sj-client-check] WARN  c.a.s.c.c.r.c.g.SnailJobGrpcClient - gRPC channel state=TRANSIENT_FAILURE, try reconnect...
2026-01-04 09:33:38 [snail-job-grpc-client-executor-127.0.0.1-81] ERROR c.a.s.c.c.handler.ClientRegister - heartbeat check requestId:[81] message:[UNAVAILABLE: io exception]
2026-01-04 09:33:47 [sj-client-check] WARN  c.a.s.c.c.r.c.g.SnailJobGrpcClient - gRPC channel state=TRANSIENT_FAILURE, try reconnect...
2026-01-04 09:33:48 [snail-job-grpc-client-executor-127.0.0.1-82] ERROR c.a.s.c.c.handler.ClientRegister - heartbeat check requestId:[82] message:[UNAVAILABLE: io exception]
2026-01-04 09:33:54 [XNIO-1 task-4] INFO  o.d.c.w.i.PlusWebInvokeTimeInterceptor - [PLUS]开始请求 => URL[GET /auth/tenant/list],无参数
2026-01-04 09:33:54 [XNIO-1 task-3] INFO  o.d.c.w.i.PlusWebInvokeTimeInterceptor - [PLUS]开始请求 => URL[GET /auth/code],无参数
2026-01-04 09:33:54 [XNIO-1 task-4] INFO  o.d.c.r.aspectj.RateLimiterAspect - 限制令牌 => 20, 剩余令牌 => 19, 缓存key => 'global:rate_limit:/auth/tenant/list:0:0:0:0:0:0:0:1:'
2026-01-04 09:33:54 [XNIO-1 task-3] INFO  o.d.c.r.aspectj.RateLimiterAspect - 限制令牌 => 10, 剩余令牌 => 9, 缓存key => 'global:rate_limit:/auth/code:0:0:0:0:0:0:0:1:'
2026-01-04 09:33:54 [XNIO-1 task-3] INFO  o.d.c.w.i.PlusWebInvokeTimeInterceptor - [PLUS]结束请求 => URL[GET /auth/code],耗时:[5]毫秒
2026-01-04 09:33:54 [XNIO-1 task-4] INFO  o.d.c.w.i.PlusWebInvokeTimeInterceptor - [PLUS]结束请求 => URL[GET /auth/tenant/list],耗时:[7]毫秒
2026-01-04 09:33:54 [XNIO-1 task-4] INFO  o.d.c.w.i.PlusWebInvokeTimeInterceptor - [PLUS]开始请求 => URL[GET /auth/binding/maxkey],参数类型[param],参数:[{"domain":["localhost:81"],"tenantId":["000000"]}]
2026-01-04 09:33:54 [XNIO-1 task-4] INFO  o.d.c.w.i.PlusWebInvokeTimeInterceptor - [PLUS]结束请求 => URL[GET /auth/binding/maxkey],耗时:[1]毫秒
2026-01-04 09:33:57 [sj-client-check] WARN  c.a.s.c.c.r.c.g.SnailJobGrpcClient - gRPC channel state=TRANSIENT_FAILURE, try reconnect...
2026-01-04 09:33:58 [snail-job-grpc-client-executor-127.0.0.1-83] ERROR c.a.s.c.c.handler.ClientRegister - heartbeat check requestId:[83] message:[UNAVAILABLE: io exception]
2026-01-04 09:34:07 [sj-client-check] WARN  c.a.s.c.c.r.c.g.SnailJobGrpcClient - gRPC channel state=TRANSIENT_FAILURE, try reconnect...
2026-01-04 09:34:08 [snail-job-grpc-client-executor-127.0.0.1-84] ERROR c.a.s.c.c.handler.ClientRegister - heartbeat check requestId:[84] message:[UNAVAILABLE: io exception]
2026-01-04 09:34:17 [sj-client-check] WARN  c.a.s.c.c.r.c.g.SnailJobGrpcClient - gRPC channel state=TRANSIENT_FAILURE, try reconnect...
2026-01-04 09:34:18 [snail-job-grpc-client-executor-127.0.0.1-85] ERROR c.a.s.c.c.handler.ClientRegister - heartbeat check requestId:[86] message:[UNAVAILABLE: io exception]
2026-01-04 09:34:27 [sj-client-check] WARN  c.a.s.c.c.r.c.g.SnailJobGrpcClient - gRPC channel state=TRANSIENT_FAILURE, try reconnect...
2026-01-04 09:34:28 [snail-job-grpc-client-executor-127.0.0.1-87] ERROR c.a.s.c.c.handler.ClientRegister - heartbeat check requestId:[87] message:[UNAVAILABLE: io exception]
2026-01-04 09:34:37 [sj-client-check] WARN  c.a.s.c.c.r.c.g.SnailJobGrpcClient - gRPC channel state=TRANSIENT_FAILURE, try reconnect...
2026-01-04 09:34:38 [snail-job-grpc-client-executor-127.0.0.1-88] ERROR c.a.s.c.c.handler.ClientRegister - heartbeat check requestId:[88] message:[UNAVAILABLE: io exception]
2026-01-04 09:34:46 [XNIO-1 task-4] INFO  o.d.c.w.i.PlusWebInvokeTimeInterceptor - [PLUS]开始请求 => URL[POST /auth/login],参数类型[json],参数:[{"socialCode":"23e8a6be-261b-4c5d-8680-764d9849313b","socialState":"eyJkb21haW4iOiJsb2NhbGhvc3Q6ODEiLCJ0ZW5hbnRJZCI6IjAwMDAwMCIsInN0YXRlIjoiZTViYTZlMDUxOTBhMTdjMDE2MzA2YjYwZmIzMWNlYWQifQ==","tenantId":"000000","source":"maxkey","clientId":"e5cd7e4891bf95d1d19206ce24a7b32e","grantType":"social"}]
2026-01-04 09:34:46 [async-8] INFO  o.d.s.s.i.SysLogininforServiceImpl - [0:0:0:0:0:0:0:1]内网IP[admin][Success][登录成功]
2026-01-04 09:34:46 [XNIO-1 task-4] INFO  o.d.web.listener.UserActionListener - user doLogin, userId:sys_user:1, token:eyJ0eXAiOiJKV1QiLCJhbGciOiJIUzI1NiJ9.eyJsb2dpblR5cGUiOiJsb2dpbiIsImxvZ2luSWQiOiJzeXNfdXNlcjoxIiwicm5TdHIiOiJPR2tibGdoSXpqT2xINFJrT3N4Mmc4bTluTGE0d0JCQyIsImNsaWVudGlkIjoiZTVjZDdlNDg5MWJmOTVkMWQxOTIwNmNlMjRhN2IzMmUiLCJ0ZW5hbnRJZCI6IjAwMDAwMCIsInVzZXJJZCI6IjEiLCJ1c2VyTmFtZSI6ImFkbWluIiwiZGVwdElkIjoxLCJkZXB0TmFtZSI6IuW5v-S4nOebiOa1qeW3peiJuuWItuWTgeaciemZkOWFrOWPuCIsImRlcHRDYXRlZ29yeSI6IiJ9.fc0Ue1aXQ9S-jkS1tfb6U_9vtyHizhkxV2EXoWY6gqk
2026-01-04 09:34:46 [XNIO-1 task-4] INFO  o.d.c.w.i.PlusWebInvokeTimeInterceptor - [PLUS]结束请求 => URL[POST /auth/login],耗时:[41]毫秒
2026-01-04 09:34:47 [sj-client-check] WARN  c.a.s.c.c.r.c.g.SnailJobGrpcClient - gRPC channel state=TRANSIENT_FAILURE, try reconnect...
2026-01-04 09:34:48 [snail-job-grpc-client-executor-127.0.0.1-89] ERROR c.a.s.c.c.handler.ClientRegister - heartbeat check requestId:[89] message:[UNAVAILABLE: io exception]
2026-01-04 09:34:49 [XNIO-1 task-4] INFO  o.d.c.w.i.PlusWebInvokeTimeInterceptor - [PLUS]开始请求 => URL[GET /system/user/getInfo],无参数
2026-01-04 09:34:49 [XNIO-1 task-4] INFO  o.d.c.w.i.PlusWebInvokeTimeInterceptor - [PLUS]结束请求 => URL[GET /system/user/getInfo],耗时:[7]毫秒
2026-01-04 09:34:49 [XNIO-1 task-4] INFO  o.d.c.w.i.PlusWebInvokeTimeInterceptor - [PLUS]开始请求 => URL[GET /system/menu/getRouters],无参数
2026-01-04 09:34:49 [XNIO-1 task-4] INFO  o.d.c.w.i.PlusWebInvokeTimeInterceptor - [PLUS]结束请求 => URL[GET /system/menu/getRouters],耗时:[4]毫秒
2026-01-04 09:34:49 [XNIO-1 task-4] INFO  o.d.c.w.i.PlusWebInvokeTimeInterceptor - [PLUS]开始请求 => URL[GET /auth/tenant/list],无参数
2026-01-04 09:34:49 [XNIO-1 task-4] INFO  o.d.c.r.aspectj.RateLimiterAspect - 限制令牌 => 20, 剩余令牌 => 18, 缓存key => 'global:rate_limit:/auth/tenant/list:0:0:0:0:0:0:0:1:'
2026-01-04 09:34:49 [XNIO-1 task-4] INFO  o.d.c.w.i.PlusWebInvokeTimeInterceptor - [PLUS]结束请求 => URL[GET /auth/tenant/list],耗时:[4]毫秒
2026-01-04 09:34:49 [XNIO-1 task-4] INFO  o.d.c.w.i.PlusWebInvokeTimeInterceptor - [PLUS]开始请求 => URL[GET /resource/sse],参数类型[param],参数:[{"Authorization":["Bearer eyJ0eXAiOiJKV1QiLCJhbGciOiJIUzI1NiJ9.eyJsb2dpblR5cGUiOiJsb2dpbiIsImxvZ2luSWQiOiJzeXNfdXNlcjoxIiwicm5TdHIiOiJPR2tibGdoSXpqT2xINFJrT3N4Mmc4bTluTGE0d0JCQyIsImNsaWVudGlkIjoiZTVjZDdlNDg5MWJmOTVkMWQxOTIwNmNlMjRhN2IzMmUiLCJ0ZW5hbnRJZCI6IjAwMDAwMCIsInVzZXJJZCI6IjEiLCJ1c2VyTmFtZSI6ImFkbWluIiwiZGVwdElkIjoxLCJkZXB0TmFtZSI6IuW5v-S4nOebiOa1qeW3peiJuuWItuWTgeaciemZkOWFrOWPuCIsImRlcHRDYXRlZ29yeSI6IiJ9.fc0Ue1aXQ9S-jkS1tfb6U_9vtyHizhkxV2EXoWY6gqk"],"clientid":["e5cd7e4891bf95d1d19206ce24a7b32e"]}]
2026-01-04 09:34:51 [schedule-pool-10] INFO  o.d.c.sse.core.SseEmitterManager - SSE发送主题订阅消息topic:global:sse session keys:[1] message:欢迎登录RuoYi-Vue-Plus后台管理系统
2026-01-04 09:34:51 [redisson-3-1] INFO  o.d.c.sse.listener.SseTopicListener - SSE主题订阅收到消息session keys=[1] message=欢迎登录RuoYi-Vue-Plus后台管理系统
2026-01-04 09:34:57 [sj-client-check] WARN  c.a.s.c.c.r.c.g.SnailJobGrpcClient - gRPC channel state=TRANSIENT_FAILURE, try reconnect...
2026-01-04 09:34:58 [snail-job-grpc-client-executor-127.0.0.1-90] ERROR c.a.s.c.c.handler.ClientRegister - heartbeat check requestId:[90] message:[UNAVAILABLE: io exception]
2026-01-04 09:35:07 [sj-client-check] WARN  c.a.s.c.c.r.c.g.SnailJobGrpcClient - gRPC channel state=TRANSIENT_FAILURE, try reconnect...
2026-01-04 09:35:08 [snail-job-grpc-client-executor-127.0.0.1-91] ERROR c.a.s.c.c.handler.ClientRegister - heartbeat check requestId:[91] message:[UNAVAILABLE: io exception]
2026-01-04 09:35:17 [sj-client-check] WARN  c.a.s.c.c.r.c.g.SnailJobGrpcClient - gRPC channel state=TRANSIENT_FAILURE, try reconnect...
2026-01-04 09:35:18 [snail-job-grpc-client-executor-127.0.0.1-92] ERROR c.a.s.c.c.handler.ClientRegister - heartbeat check requestId:[93] message:[UNAVAILABLE: io exception]
2026-01-04 09:35:27 [sj-client-check] WARN  c.a.s.c.c.r.c.g.SnailJobGrpcClient - gRPC channel state=TRANSIENT_FAILURE, try reconnect...
2026-01-04 09:35:28 [snail-job-grpc-client-executor-127.0.0.1-94] ERROR c.a.s.c.c.handler.ClientRegister - heartbeat check requestId:[94] message:[UNAVAILABLE: io exception]
2026-01-04 09:35:37 [sj-client-check] WARN  c.a.s.c.c.r.c.g.SnailJobGrpcClient - gRPC channel state=TRANSIENT_FAILURE, try reconnect...
2026-01-04 09:35:38 [snail-job-grpc-client-executor-127.0.0.1-95] ERROR c.a.s.c.c.handler.ClientRegister - heartbeat check requestId:[95] message:[UNAVAILABLE: io exception]
2026-01-04 09:35:47 [sj-client-check] WARN  c.a.s.c.c.r.c.g.SnailJobGrpcClient - gRPC channel state=TRANSIENT_FAILURE, try reconnect...
2026-01-04 09:35:48 [snail-job-grpc-client-executor-127.0.0.1-96] ERROR c.a.s.c.c.handler.ClientRegister - heartbeat check requestId:[96] message:[UNAVAILABLE: io exception]
2026-01-04 09:35:57 [sj-client-check] WARN  c.a.s.c.c.r.c.g.SnailJobGrpcClient - gRPC channel state=TRANSIENT_FAILURE, try reconnect...
2026-01-04 09:35:58 [snail-job-grpc-client-executor-127.0.0.1-97] ERROR c.a.s.c.c.handler.ClientRegister - heartbeat check requestId:[97] message:[UNAVAILABLE: io exception]
2026-01-04 09:36:07 [sj-client-check] WARN  c.a.s.c.c.r.c.g.SnailJobGrpcClient - gRPC channel state=TRANSIENT_FAILURE, try reconnect...
2026-01-04 09:36:08 [snail-job-grpc-client-executor-127.0.0.1-98] ERROR c.a.s.c.c.handler.ClientRegister - heartbeat check requestId:[98] message:[UNAVAILABLE: io exception]
2026-01-04 09:36:17 [sj-client-check] WARN  c.a.s.c.c.r.c.g.SnailJobGrpcClient - gRPC channel state=TRANSIENT_FAILURE, try reconnect...
2026-01-04 09:36:18 [snail-job-grpc-client-executor-127.0.0.1-99] ERROR c.a.s.c.c.handler.ClientRegister - heartbeat check requestId:[99] message:[UNAVAILABLE: io exception]
2026-01-04 09:36:27 [sj-client-check] WARN  c.a.s.c.c.r.c.g.SnailJobGrpcClient - gRPC channel state=TRANSIENT_FAILURE, try reconnect...
2026-01-04 09:36:28 [snail-job-grpc-client-executor-127.0.0.1-101] ERROR c.a.s.c.c.handler.ClientRegister - heartbeat check requestId:[101] message:[UNAVAILABLE: io exception]
2026-01-04 09:36:37 [sj-client-check] WARN  c.a.s.c.c.r.c.g.SnailJobGrpcClient - gRPC channel state=TRANSIENT_FAILURE, try reconnect...
2026-01-04 09:36:38 [snail-job-grpc-client-executor-127.0.0.1-102] ERROR c.a.s.c.c.handler.ClientRegister - heartbeat check requestId:[102] message:[UNAVAILABLE: io exception]
2026-01-04 09:36:47 [sj-client-check] WARN  c.a.s.c.c.r.c.g.SnailJobGrpcClient - gRPC channel state=TRANSIENT_FAILURE, try reconnect...
2026-01-04 09:36:48 [snail-job-grpc-client-executor-127.0.0.1-103] ERROR c.a.s.c.c.handler.ClientRegister - heartbeat check requestId:[103] message:[UNAVAILABLE: io exception]
2026-01-04 09:36:57 [sj-client-check] WARN  c.a.s.c.c.r.c.g.SnailJobGrpcClient - gRPC channel state=TRANSIENT_FAILURE, try reconnect...
2026-01-04 09:36:58 [snail-job-grpc-client-executor-127.0.0.1-104] ERROR c.a.s.c.c.handler.ClientRegister - heartbeat check requestId:[104] message:[UNAVAILABLE: io exception]
2026-01-04 09:37:07 [sj-client-check] WARN  c.a.s.c.c.r.c.g.SnailJobGrpcClient - gRPC channel state=TRANSIENT_FAILURE, try reconnect...
2026-01-04 09:37:08 [snail-job-grpc-client-executor-127.0.0.1-105] ERROR c.a.s.c.c.handler.ClientRegister - heartbeat check requestId:[105] message:[UNAVAILABLE: io exception]
2026-01-04 09:37:17 [sj-client-check] WARN  c.a.s.c.c.r.c.g.SnailJobGrpcClient - gRPC channel state=TRANSIENT_FAILURE, try reconnect...
2026-01-04 09:37:18 [snail-job-grpc-client-executor-127.0.0.1-107] ERROR c.a.s.c.c.handler.ClientRegister - heartbeat check requestId:[107] message:[UNAVAILABLE: io exception]
2026-01-04 09:37:27 [sj-client-check] WARN  c.a.s.c.c.r.c.g.SnailJobGrpcClient - gRPC channel state=TRANSIENT_FAILURE, try reconnect...
2026-01-04 09:37:28 [snail-job-grpc-client-executor-127.0.0.1-108] ERROR c.a.s.c.c.handler.ClientRegister - heartbeat check requestId:[108] message:[UNAVAILABLE: io exception]
2026-01-04 09:37:29 [XNIO-1 task-3] INFO  o.d.c.w.i.PlusWebInvokeTimeInterceptor - [PLUS]开始请求 => URL[GET /resource/sse/close],无参数
2026-01-04 09:37:29 [XNIO-1 task-4] INFO  o.d.c.w.i.PlusWebInvokeTimeInterceptor - [PLUS]开始请求 => URL[POST /auth/logout],无参数
2026-01-04 09:37:29 [XNIO-1 task-5] INFO  o.d.c.w.i.PlusWebInvokeTimeInterceptor - [PLUS]开始请求 => URL[GET /resource/sse],参数类型[param],参数:[{"Authorization":["Bearer eyJ0eXAiOiJKV1QiLCJhbGciOiJIUzI1NiJ9.eyJsb2dpblR5cGUiOiJsb2dpbiIsImxvZ2luSWQiOiJzeXNfdXNlcjoxIiwicm5TdHIiOiJPR2tibGdoSXpqT2xINFJrT3N4Mmc4bTluTGE0d0JCQyIsImNsaWVudGlkIjoiZTVjZDdlNDg5MWJmOTVkMWQxOTIwNmNlMjRhN2IzMmUiLCJ0ZW5hbnRJZCI6IjAwMDAwMCIsInVzZXJJZCI6IjEiLCJ1c2VyTmFtZSI6ImFkbWluIiwiZGVwdElkIjoxLCJkZXB0TmFtZSI6IuW5v-S4nOebiOa1qeW3peiJuuWItuWTgeaciemZkOWFrOWPuCIsImRlcHRDYXRlZ29yeSI6IiJ9.fc0Ue1aXQ9S-jkS1tfb6U_9vtyHizhkxV2EXoWY6gqk"],"clientid":["e5cd7e4891bf95d1d19206ce24a7b32e"]}]
2026-01-04 09:37:29 [XNIO-1 task-3] INFO  o.d.c.w.i.PlusWebInvokeTimeInterceptor - [PLUS]结束请求 => URL[GET /resource/sse/close],耗时:[1]毫秒
2026-01-04 09:37:29 [XNIO-1 task-5] INFO  o.d.c.w.i.PlusWebInvokeTimeInterceptor - [PLUS]结束请求 => URL[GET /resource/sse],耗时:[0]毫秒
2026-01-04 09:37:29 [XNIO-1 task-4] INFO  o.d.web.listener.UserActionListener - user doLogout, userId:sys_user:1, token:eyJ0eXAiOiJKV1QiLCJhbGciOiJIUzI1NiJ9.eyJsb2dpblR5cGUiOiJsb2dpbiIsImxvZ2luSWQiOiJzeXNfdXNlcjoxIiwicm5TdHIiOiJPR2tibGdoSXpqT2xINFJrT3N4Mmc4bTluTGE0d0JCQyIsImNsaWVudGlkIjoiZTVjZDdlNDg5MWJmOTVkMWQxOTIwNmNlMjRhN2IzMmUiLCJ0ZW5hbnRJZCI6IjAwMDAwMCIsInVzZXJJZCI6IjEiLCJ1c2VyTmFtZSI6ImFkbWluIiwiZGVwdElkIjoxLCJkZXB0TmFtZSI6IuW5v-S4nOebiOa1qeW3peiJuuWItuWTgeaciemZkOWFrOWPuCIsImRlcHRDYXRlZ29yeSI6IiJ9.fc0Ue1aXQ9S-jkS1tfb6U_9vtyHizhkxV2EXoWY6gqk
2026-01-04 09:37:29 [XNIO-1 task-4] INFO  o.d.c.w.i.PlusWebInvokeTimeInterceptor - [PLUS]结束请求 => URL[POST /auth/logout],耗时:[6]毫秒
2026-01-04 09:37:29 [async-9] INFO  o.d.s.s.i.SysLogininforServiceImpl - [0:0:0:0:0:0:0:1]内网IP[admin][Logout][退出成功]
2026-01-04 09:37:29 [XNIO-1 task-4] INFO  o.d.c.w.i.PlusWebInvokeTimeInterceptor - [PLUS]开始请求 => URL[GET /auth/code],无参数
2026-01-04 09:37:29 [XNIO-1 task-4] INFO  o.d.c.r.aspectj.RateLimiterAspect - 限制令牌 => 10, 剩余令牌 => 9, 缓存key => 'global:rate_limit:/auth/code:0:0:0:0:0:0:0:1:'
2026-01-04 09:37:29 [XNIO-1 task-4] INFO  o.d.c.w.i.PlusWebInvokeTimeInterceptor - [PLUS]结束请求 => URL[GET /auth/code],耗时:[5]毫秒
2026-01-04 09:37:29 [XNIO-1 task-4] INFO  o.d.c.w.i.PlusWebInvokeTimeInterceptor - [PLUS]开始请求 => URL[GET /auth/tenant/list],无参数
2026-01-04 09:37:29 [XNIO-1 task-4] INFO  o.d.c.r.aspectj.RateLimiterAspect - 限制令牌 => 20, 剩余令牌 => 19, 缓存key => 'global:rate_limit:/auth/tenant/list:0:0:0:0:0:0:0:1:'
2026-01-04 09:37:29 [XNIO-1 task-4] INFO  o.d.c.w.i.PlusWebInvokeTimeInterceptor - [PLUS]结束请求 => URL[GET /auth/tenant/list],耗时:[4]毫秒
2026-01-04 09:37:35 [XNIO-1 task-4] INFO  o.d.c.w.i.PlusWebInvokeTimeInterceptor - [PLUS]开始请求 => URL[GET /auth/code],无参数
2026-01-04 09:37:35 [XNIO-1 task-5] INFO  o.d.c.w.i.PlusWebInvokeTimeInterceptor - [PLUS]开始请求 => URL[GET /auth/tenant/list],无参数
2026-01-04 09:37:35 [XNIO-1 task-4] INFO  o.d.c.r.aspectj.RateLimiterAspect - 限制令牌 => 10, 剩余令牌 => 8, 缓存key => 'global:rate_limit:/auth/code:0:0:0:0:0:0:0:1:'
2026-01-04 09:37:35 [XNIO-1 task-5] INFO  o.d.c.r.aspectj.RateLimiterAspect - 限制令牌 => 20, 剩余令牌 => 18, 缓存key => 'global:rate_limit:/auth/tenant/list:0:0:0:0:0:0:0:1:'
2026-01-04 09:37:35 [XNIO-1 task-5] INFO  o.d.c.w.i.PlusWebInvokeTimeInterceptor - [PLUS]结束请求 => URL[GET /auth/tenant/list],耗时:[4]毫秒
2026-01-04 09:37:35 [XNIO-1 task-4] INFO  o.d.c.w.i.PlusWebInvokeTimeInterceptor - [PLUS]结束请求 => URL[GET /auth/code],耗时:[5]毫秒
2026-01-04 09:37:35 [XNIO-1 task-4] INFO  o.d.c.w.i.PlusWebInvokeTimeInterceptor - [PLUS]开始请求 => URL[GET /auth/binding/maxkey],参数类型[param],参数:[{"domain":["localhost:81"],"tenantId":["000000"]}]
2026-01-04 09:37:35 [XNIO-1 task-4] INFO  o.d.c.w.i.PlusWebInvokeTimeInterceptor - [PLUS]结束请求 => URL[GET /auth/binding/maxkey],耗时:[0]毫秒
2026-01-04 09:37:37 [sj-client-check] WARN  c.a.s.c.c.r.c.g.SnailJobGrpcClient - gRPC channel state=TRANSIENT_FAILURE, try reconnect...
2026-01-04 09:37:38 [snail-job-grpc-client-executor-127.0.0.1-109] ERROR c.a.s.c.c.handler.ClientRegister - heartbeat check requestId:[109] message:[UNAVAILABLE: io exception]
2026-01-04 09:37:47 [sj-client-check] WARN  c.a.s.c.c.r.c.g.SnailJobGrpcClient - gRPC channel state=TRANSIENT_FAILURE, try reconnect...
2026-01-04 09:37:48 [snail-job-grpc-client-executor-127.0.0.1-110] ERROR c.a.s.c.c.handler.ClientRegister - heartbeat check requestId:[110] message:[UNAVAILABLE: io exception]
2026-01-04 09:37:57 [sj-client-check] WARN  c.a.s.c.c.r.c.g.SnailJobGrpcClient - gRPC channel state=TRANSIENT_FAILURE, try reconnect...
2026-01-04 09:37:58 [snail-job-grpc-client-executor-127.0.0.1-111] ERROR c.a.s.c.c.handler.ClientRegister - heartbeat check requestId:[111] message:[UNAVAILABLE: io exception]
2026-01-04 09:38:07 [sj-client-check] WARN  c.a.s.c.c.r.c.g.SnailJobGrpcClient - gRPC channel state=TRANSIENT_FAILURE, try reconnect...
2026-01-04 09:38:08 [snail-job-grpc-client-executor-127.0.0.1-112] ERROR c.a.s.c.c.handler.ClientRegister - heartbeat check requestId:[112] message:[UNAVAILABLE: io exception]
2026-01-04 09:38:08 [XNIO-1 task-4] INFO  o.d.c.w.i.PlusWebInvokeTimeInterceptor - [PLUS]开始请求 => URL[POST /auth/login],参数类型[json],参数:[{"socialCode":"43a58a02-4cad-46bc-bd5e-273d2a873509","socialState":"eyJkb21haW4iOiJsb2NhbGhvc3Q6ODEiLCJ0ZW5hbnRJZCI6IjAwMDAwMCIsInN0YXRlIjoiYjdlMzNjYmYwNDA4MjhjMmM4YjNiY2IyN2Q5YWRiN2EifQ==","tenantId":"000000","source":"maxkey","clientId":"e5cd7e4891bf95d1d19206ce24a7b32e","grantType":"social"}]
2026-01-04 09:38:08 [async-10] INFO  o.d.s.s.i.SysLogininforServiceImpl - [0:0:0:0:0:0:0:1]内网IP[admin][Success][登录成功]
2026-01-04 09:38:08 [XNIO-1 task-4] INFO  o.d.web.listener.UserActionListener - user doLogin, userId:sys_user:1, token:eyJ0eXAiOiJKV1QiLCJhbGciOiJIUzI1NiJ9.eyJsb2dpblR5cGUiOiJsb2dpbiIsImxvZ2luSWQiOiJzeXNfdXNlcjoxIiwicm5TdHIiOiJ4TUpGbnFVbWRYanh1UVhyUmFoeUd2UFhjaHdwVDhDMCIsImNsaWVudGlkIjoiZTVjZDdlNDg5MWJmOTVkMWQxOTIwNmNlMjRhN2IzMmUiLCJ0ZW5hbnRJZCI6IjAwMDAwMCIsInVzZXJJZCI6IjEiLCJ1c2VyTmFtZSI6ImFkbWluIiwiZGVwdElkIjoxLCJkZXB0TmFtZSI6IuW5v-S4nOebiOa1qeW3peiJuuWItuWTgeaciemZkOWFrOWPuCIsImRlcHRDYXRlZ29yeSI6IiJ9.iSj1INOMehs-AkE1RoeMaTChbJMnPdN2n8c1dTmD8dg
2026-01-04 09:38:08 [XNIO-1 task-4] INFO  o.d.c.w.i.PlusWebInvokeTimeInterceptor - [PLUS]结束请求 => URL[POST /auth/login],耗时:[57]毫秒
2026-01-04 09:38:11 [XNIO-1 task-4] INFO  o.d.c.w.i.PlusWebInvokeTimeInterceptor - [PLUS]开始请求 => URL[GET /system/user/getInfo],无参数
2026-01-04 09:38:11 [XNIO-1 task-4] INFO  o.d.c.w.i.PlusWebInvokeTimeInterceptor - [PLUS]结束请求 => URL[GET /system/user/getInfo],耗时:[5]毫秒
2026-01-04 09:38:11 [XNIO-1 task-4] INFO  o.d.c.w.i.PlusWebInvokeTimeInterceptor - [PLUS]开始请求 => URL[GET /system/menu/getRouters],无参数
2026-01-04 09:38:11 [XNIO-1 task-4] INFO  o.d.c.w.i.PlusWebInvokeTimeInterceptor - [PLUS]结束请求 => URL[GET /system/menu/getRouters],耗时:[4]毫秒
2026-01-04 09:38:11 [XNIO-1 task-4] INFO  o.d.c.w.i.PlusWebInvokeTimeInterceptor - [PLUS]开始请求 => URL[GET /auth/tenant/list],无参数
2026-01-04 09:38:11 [XNIO-1 task-4] INFO  o.d.c.r.aspectj.RateLimiterAspect - 限制令牌 => 20, 剩余令牌 => 17, 缓存key => 'global:rate_limit:/auth/tenant/list:0:0:0:0:0:0:0:1:'
2026-01-04 09:38:11 [XNIO-1 task-4] INFO  o.d.c.w.i.PlusWebInvokeTimeInterceptor - [PLUS]结束请求 => URL[GET /auth/tenant/list],耗时:[5]毫秒
2026-01-04 09:38:11 [XNIO-1 task-4] INFO  o.d.c.w.i.PlusWebInvokeTimeInterceptor - [PLUS]开始请求 => URL[GET /resource/sse],参数类型[param],参数:[{"Authorization":["Bearer eyJ0eXAiOiJKV1QiLCJhbGciOiJIUzI1NiJ9.eyJsb2dpblR5cGUiOiJsb2dpbiIsImxvZ2luSWQiOiJzeXNfdXNlcjoxIiwicm5TdHIiOiJ4TUpGbnFVbWRYanh1UVhyUmFoeUd2UFhjaHdwVDhDMCIsImNsaWVudGlkIjoiZTVjZDdlNDg5MWJmOTVkMWQxOTIwNmNlMjRhN2IzMmUiLCJ0ZW5hbnRJZCI6IjAwMDAwMCIsInVzZXJJZCI6IjEiLCJ1c2VyTmFtZSI6ImFkbWluIiwiZGVwdElkIjoxLCJkZXB0TmFtZSI6IuW5v-S4nOebiOa1qeW3peiJuuWItuWTgeaciemZkOWFrOWPuCIsImRlcHRDYXRlZ29yeSI6IiJ9.iSj1INOMehs-AkE1RoeMaTChbJMnPdN2n8c1dTmD8dg"],"clientid":["e5cd7e4891bf95d1d19206ce24a7b32e"]}]
2026-01-04 09:38:13 [schedule-pool-3] INFO  o.d.c.sse.core.SseEmitterManager - SSE发送主题订阅消息topic:global:sse session keys:[1] message:欢迎登录RuoYi-Vue-Plus后台管理系统
2026-01-04 09:38:13 [redisson-3-2] INFO  o.d.c.sse.listener.SseTopicListener - SSE主题订阅收到消息session keys=[1] message=欢迎登录RuoYi-Vue-Plus后台管理系统
2026-01-04 09:38:17 [sj-client-check] WARN  c.a.s.c.c.r.c.g.SnailJobGrpcClient - gRPC channel state=TRANSIENT_FAILURE, try reconnect...
2026-01-04 09:38:18 [snail-job-grpc-client-executor-127.0.0.1-113] ERROR c.a.s.c.c.handler.ClientRegister - heartbeat check requestId:[114] message:[UNAVAILABLE: io exception]
2026-01-04 09:38:27 [sj-client-check] WARN  c.a.s.c.c.r.c.g.SnailJobGrpcClient - gRPC channel state=TRANSIENT_FAILURE, try reconnect...
2026-01-04 09:38:28 [snail-job-grpc-client-executor-127.0.0.1-115] ERROR c.a.s.c.c.handler.ClientRegister - heartbeat check requestId:[115] message:[UNAVAILABLE: io exception]
2026-01-04 09:38:37 [sj-client-check] WARN  c.a.s.c.c.r.c.g.SnailJobGrpcClient - gRPC channel state=TRANSIENT_FAILURE, try reconnect...
2026-01-04 09:38:38 [snail-job-grpc-client-executor-127.0.0.1-116] ERROR c.a.s.c.c.handler.ClientRegister - heartbeat check requestId:[116] message:[UNAVAILABLE: io exception]
2026-01-04 09:38:47 [sj-client-check] WARN  c.a.s.c.c.r.c.g.SnailJobGrpcClient - gRPC channel state=TRANSIENT_FAILURE, try reconnect...
2026-01-04 09:38:48 [snail-job-grpc-client-executor-127.0.0.1-117] ERROR c.a.s.c.c.handler.ClientRegister - heartbeat check requestId:[117] message:[UNAVAILABLE: io exception]
2026-01-04 09:38:57 [sj-client-check] WARN  c.a.s.c.c.r.c.g.SnailJobGrpcClient - gRPC channel state=TRANSIENT_FAILURE, try reconnect...
2026-01-04 09:38:58 [snail-job-grpc-client-executor-127.0.0.1-118] ERROR c.a.s.c.c.handler.ClientRegister - heartbeat check requestId:[118] message:[UNAVAILABLE: io exception]
2026-01-04 09:39:07 [sj-client-check] WARN  c.a.s.c.c.r.c.g.SnailJobGrpcClient - gRPC channel state=TRANSIENT_FAILURE, try reconnect...
2026-01-04 09:39:08 [snail-job-grpc-client-executor-127.0.0.1-119] ERROR c.a.s.c.c.handler.ClientRegister - heartbeat check requestId:[119] message:[UNAVAILABLE: io exception]
2026-01-04 09:39:17 [sj-client-check] WARN  c.a.s.c.c.r.c.g.SnailJobGrpcClient - gRPC channel state=TRANSIENT_FAILURE, try reconnect...
2026-01-04 09:39:18 [snail-job-grpc-client-executor-127.0.0.1-121] ERROR c.a.s.c.c.handler.ClientRegister - heartbeat check requestId:[120] message:[UNAVAILABLE: io exception]
2026-01-04 09:39:27 [sj-client-check] WARN  c.a.s.c.c.r.c.g.SnailJobGrpcClient - gRPC channel state=TRANSIENT_FAILURE, try reconnect...
2026-01-04 09:39:28 [snail-job-grpc-client-executor-127.0.0.1-122] ERROR c.a.s.c.c.handler.ClientRegister - heartbeat check requestId:[122] message:[UNAVAILABLE: io exception]
2026-01-04 09:39:37 [sj-client-check] WARN  c.a.s.c.c.r.c.g.SnailJobGrpcClient - gRPC channel state=TRANSIENT_FAILURE, try reconnect...
2026-01-04 09:39:38 [snail-job-grpc-client-executor-127.0.0.1-123] ERROR c.a.s.c.c.handler.ClientRegister - heartbeat check requestId:[123] message:[UNAVAILABLE: io exception]
2026-01-04 09:39:47 [sj-client-check] WARN  c.a.s.c.c.r.c.g.SnailJobGrpcClient - gRPC channel state=TRANSIENT_FAILURE, try reconnect...
2026-01-04 09:39:48 [snail-job-grpc-client-executor-127.0.0.1-124] ERROR c.a.s.c.c.handler.ClientRegister - heartbeat check requestId:[124] message:[UNAVAILABLE: io exception]
2026-01-04 09:39:57 [sj-client-check] WARN  c.a.s.c.c.r.c.g.SnailJobGrpcClient - gRPC channel state=TRANSIENT_FAILURE, try reconnect...
2026-01-04 09:39:58 [snail-job-grpc-client-executor-127.0.0.1-125] ERROR c.a.s.c.c.handler.ClientRegister - heartbeat check requestId:[125] message:[UNAVAILABLE: io exception]
2026-01-04 09:40:07 [sj-client-check] WARN  c.a.s.c.c.r.c.g.SnailJobGrpcClient - gRPC channel state=TRANSIENT_FAILURE, try reconnect...
2026-01-04 09:40:08 [snail-job-grpc-client-executor-127.0.0.1-126] ERROR c.a.s.c.c.handler.ClientRegister - heartbeat check requestId:[126] message:[UNAVAILABLE: io exception]
2026-01-04 09:40:17 [sj-client-check] WARN  c.a.s.c.c.r.c.g.SnailJobGrpcClient - gRPC channel state=TRANSIENT_FAILURE, try reconnect...
2026-01-04 09:40:18 [snail-job-grpc-client-executor-127.0.0.1-128] ERROR c.a.s.c.c.handler.ClientRegister - heartbeat check requestId:[128] message:[UNAVAILABLE: io exception]
2026-01-04 09:40:27 [sj-client-check] WARN  c.a.s.c.c.r.c.g.SnailJobGrpcClient - gRPC channel state=TRANSIENT_FAILURE, try reconnect...
2026-01-04 09:40:28 [snail-job-grpc-client-executor-127.0.0.1-129] ERROR c.a.s.c.c.handler.ClientRegister - heartbeat check requestId:[129] message:[UNAVAILABLE: io exception]
2026-01-04 09:40:37 [sj-client-check] WARN  c.a.s.c.c.r.c.g.SnailJobGrpcClient - gRPC channel state=TRANSIENT_FAILURE, try reconnect...
2026-01-04 09:40:38 [snail-job-grpc-client-executor-127.0.0.1-130] ERROR c.a.s.c.c.handler.ClientRegister - heartbeat check requestId:[130] message:[UNAVAILABLE: io exception]
2026-01-04 09:40:47 [sj-client-check] WARN  c.a.s.c.c.r.c.g.SnailJobGrpcClient - gRPC channel state=TRANSIENT_FAILURE, try reconnect...
2026-01-04 09:40:48 [snail-job-grpc-client-executor-127.0.0.1-131] ERROR c.a.s.c.c.handler.ClientRegister - heartbeat check requestId:[131] message:[UNAVAILABLE: io exception]
2026-01-04 09:40:57 [sj-client-check] WARN  c.a.s.c.c.r.c.g.SnailJobGrpcClient - gRPC channel state=TRANSIENT_FAILURE, try reconnect...
2026-01-04 09:40:58 [snail-job-grpc-client-executor-127.0.0.1-132] ERROR c.a.s.c.c.handler.ClientRegister - heartbeat check requestId:[132] message:[UNAVAILABLE: io exception]
2026-01-04 09:41:07 [sj-client-check] WARN  c.a.s.c.c.r.c.g.SnailJobGrpcClient - gRPC channel state=TRANSIENT_FAILURE, try reconnect...
2026-01-04 09:41:08 [snail-job-grpc-client-executor-127.0.0.1-133] ERROR c.a.s.c.c.handler.ClientRegister - heartbeat check requestId:[133] message:[UNAVAILABLE: io exception]
2026-01-04 09:41:17 [sj-client-check] WARN  c.a.s.c.c.r.c.g.SnailJobGrpcClient - gRPC channel state=TRANSIENT_FAILURE, try reconnect...
2026-01-04 09:41:18 [snail-job-grpc-client-executor-127.0.0.1-134] ERROR c.a.s.c.c.handler.ClientRegister - heartbeat check requestId:[135] message:[UNAVAILABLE: io exception]
2026-01-04 09:41:27 [sj-client-check] WARN  c.a.s.c.c.r.c.g.SnailJobGrpcClient - gRPC channel state=TRANSIENT_FAILURE, try reconnect...
2026-01-04 09:41:28 [snail-job-grpc-client-executor-127.0.0.1-136] ERROR c.a.s.c.c.handler.ClientRegister - heartbeat check requestId:[136] message:[UNAVAILABLE: io exception]
2026-01-04 09:41:37 [sj-client-check] WARN  c.a.s.c.c.r.c.g.SnailJobGrpcClient - gRPC channel state=TRANSIENT_FAILURE, try reconnect...
2026-01-04 09:41:38 [snail-job-grpc-client-executor-127.0.0.1-137] ERROR c.a.s.c.c.handler.ClientRegister - heartbeat check requestId:[137] message:[UNAVAILABLE: io exception]
2026-01-04 09:41:47 [sj-client-check] WARN  c.a.s.c.c.r.c.g.SnailJobGrpcClient - gRPC channel state=TRANSIENT_FAILURE, try reconnect...
2026-01-04 09:41:48 [snail-job-grpc-client-executor-127.0.0.1-138] ERROR c.a.s.c.c.handler.ClientRegister - heartbeat check requestId:[138] message:[UNAVAILABLE: io exception]
2026-01-04 09:41:57 [sj-client-check] WARN  c.a.s.c.c.r.c.g.SnailJobGrpcClient - gRPC channel state=TRANSIENT_FAILURE, try reconnect...
2026-01-04 09:41:58 [snail-job-grpc-client-executor-127.0.0.1-139] ERROR c.a.s.c.c.handler.ClientRegister - heartbeat check requestId:[139] message:[UNAVAILABLE: io exception]
2026-01-04 09:42:07 [sj-client-check] WARN  c.a.s.c.c.r.c.g.SnailJobGrpcClient - gRPC channel state=TRANSIENT_FAILURE, try reconnect...
2026-01-04 09:42:08 [snail-job-grpc-client-executor-127.0.0.1-140] ERROR c.a.s.c.c.handler.ClientRegister - heartbeat check requestId:[140] message:[UNAVAILABLE: io exception]
2026-01-04 09:42:17 [sj-client-check] WARN  c.a.s.c.c.r.c.g.SnailJobGrpcClient - gRPC channel state=TRANSIENT_FAILURE, try reconnect...
2026-01-04 09:42:18 [snail-job-grpc-client-executor-127.0.0.1-141] ERROR c.a.s.c.c.handler.ClientRegister - heartbeat check requestId:[141] message:[UNAVAILABLE: io exception]
2026-01-04 09:42:27 [sj-client-check] WARN  c.a.s.c.c.r.c.g.SnailJobGrpcClient - gRPC channel state=TRANSIENT_FAILURE, try reconnect...
2026-01-04 09:42:28 [snail-job-grpc-client-executor-127.0.0.1-143] ERROR c.a.s.c.c.handler.ClientRegister - heartbeat check requestId:[143] message:[UNAVAILABLE: io exception]
2026-01-04 09:42:37 [sj-client-check] WARN  c.a.s.c.c.r.c.g.SnailJobGrpcClient - gRPC channel state=TRANSIENT_FAILURE, try reconnect...
2026-01-04 09:42:38 [snail-job-grpc-client-executor-127.0.0.1-144] ERROR c.a.s.c.c.handler.ClientRegister - heartbeat check requestId:[144] message:[UNAVAILABLE: io exception]
2026-01-04 09:42:47 [sj-client-check] WARN  c.a.s.c.c.r.c.g.SnailJobGrpcClient - gRPC channel state=TRANSIENT_FAILURE, try reconnect...
2026-01-04 09:42:48 [snail-job-grpc-client-executor-127.0.0.1-145] ERROR c.a.s.c.c.handler.ClientRegister - heartbeat check requestId:[145] message:[UNAVAILABLE: io exception]
2026-01-04 09:42:57 [sj-client-check] WARN  c.a.s.c.c.r.c.g.SnailJobGrpcClient - gRPC channel state=TRANSIENT_FAILURE, try reconnect...
2026-01-04 09:42:57 [XNIO-1 task-4] INFO  o.d.c.w.i.PlusWebInvokeTimeInterceptor - [PLUS]开始请求 => URL[POST /auth/logout],无参数
2026-01-04 09:42:57 [XNIO-1 task-5] INFO  o.d.c.w.i.PlusWebInvokeTimeInterceptor - [PLUS]开始请求 => URL[GET /resource/sse/close],无参数
2026-01-04 09:42:57 [XNIO-1 task-3] INFO  o.d.c.w.i.PlusWebInvokeTimeInterceptor - [PLUS]开始请求 => URL[GET /resource/sse],参数类型[param],参数:[{"Authorization":["Bearer eyJ0eXAiOiJKV1QiLCJhbGciOiJIUzI1NiJ9.eyJsb2dpblR5cGUiOiJsb2dpbiIsImxvZ2luSWQiOiJzeXNfdXNlcjoxIiwicm5TdHIiOiJ4TUpGbnFVbWRYanh1UVhyUmFoeUd2UFhjaHdwVDhDMCIsImNsaWVudGlkIjoiZTVjZDdlNDg5MWJmOTVkMWQxOTIwNmNlMjRhN2IzMmUiLCJ0ZW5hbnRJZCI6IjAwMDAwMCIsInVzZXJJZCI6IjEiLCJ1c2VyTmFtZSI6ImFkbWluIiwiZGVwdElkIjoxLCJkZXB0TmFtZSI6IuW5v-S4nOebiOa1qeW3peiJuuWItuWTgeaciemZkOWFrOWPuCIsImRlcHRDYXRlZ29yeSI6IiJ9.iSj1INOMehs-AkE1RoeMaTChbJMnPdN2n8c1dTmD8dg"],"clientid":["e5cd7e4891bf95d1d19206ce24a7b32e"]}]
2026-01-04 09:42:57 [XNIO-1 task-5] INFO  o.d.c.w.i.PlusWebInvokeTimeInterceptor - [PLUS]结束请求 => URL[GET /resource/sse/close],耗时:[1]毫秒
2026-01-04 09:42:57 [XNIO-1 task-3] INFO  o.d.c.w.i.PlusWebInvokeTimeInterceptor - [PLUS]结束请求 => URL[GET /resource/sse],耗时:[0]毫秒
2026-01-04 09:42:57 [async-11] INFO  o.d.s.s.i.SysLogininforServiceImpl - [0:0:0:0:0:0:0:1]内网IP[admin][Logout][退出成功]
2026-01-04 09:42:57 [XNIO-1 task-4] INFO  o.d.web.listener.UserActionListener - user doLogout, userId:sys_user:1, token:eyJ0eXAiOiJKV1QiLCJhbGciOiJIUzI1NiJ9.eyJsb2dpblR5cGUiOiJsb2dpbiIsImxvZ2luSWQiOiJzeXNfdXNlcjoxIiwicm5TdHIiOiJ4TUpGbnFVbWRYanh1UVhyUmFoeUd2UFhjaHdwVDhDMCIsImNsaWVudGlkIjoiZTVjZDdlNDg5MWJmOTVkMWQxOTIwNmNlMjRhN2IzMmUiLCJ0ZW5hbnRJZCI6IjAwMDAwMCIsInVzZXJJZCI6IjEiLCJ1c2VyTmFtZSI6ImFkbWluIiwiZGVwdElkIjoxLCJkZXB0TmFtZSI6IuW5v-S4nOebiOa1qeW3peiJuuWItuWTgeaciemZkOWFrOWPuCIsImRlcHRDYXRlZ29yeSI6IiJ9.iSj1INOMehs-AkE1RoeMaTChbJMnPdN2n8c1dTmD8dg
2026-01-04 09:42:57 [XNIO-1 task-4] INFO  o.d.c.w.i.PlusWebInvokeTimeInterceptor - [PLUS]结束请求 => URL[POST /auth/logout],耗时:[6]毫秒
2026-01-04 09:42:58 [XNIO-1 task-4] INFO  o.d.c.w.i.PlusWebInvokeTimeInterceptor - [PLUS]开始请求 => URL[GET /auth/code],无参数
2026-01-04 09:42:58 [XNIO-1 task-4] INFO  o.d.c.r.aspectj.RateLimiterAspect - 限制令牌 => 10, 剩余令牌 => 9, 缓存key => 'global:rate_limit:/auth/code:0:0:0:0:0:0:0:1:'
2026-01-04 09:42:58 [XNIO-1 task-4] INFO  o.d.c.w.i.PlusWebInvokeTimeInterceptor - [PLUS]结束请求 => URL[GET /auth/code],耗时:[5]毫秒
2026-01-04 09:42:58 [XNIO-1 task-4] INFO  o.d.c.w.i.PlusWebInvokeTimeInterceptor - [PLUS]开始请求 => URL[GET /auth/tenant/list],无参数
2026-01-04 09:42:58 [XNIO-1 task-4] INFO  o.d.c.r.aspectj.RateLimiterAspect - 限制令牌 => 20, 剩余令牌 => 19, 缓存key => 'global:rate_limit:/auth/tenant/list:0:0:0:0:0:0:0:1:'
2026-01-04 09:42:58 [XNIO-1 task-4] INFO  o.d.c.w.i.PlusWebInvokeTimeInterceptor - [PLUS]结束请求 => URL[GET /auth/tenant/list],耗时:[5]毫秒
2026-01-04 09:42:58 [snail-job-grpc-client-executor-127.0.0.1-146] ERROR c.a.s.c.c.handler.ClientRegister - heartbeat check requestId:[146] message:[UNAVAILABLE: io exception]
2026-01-04 09:43:07 [sj-client-check] WARN  c.a.s.c.c.r.c.g.SnailJobGrpcClient - gRPC channel state=TRANSIENT_FAILURE, try reconnect...
2026-01-04 09:43:08 [XNIO-1 task-4] INFO  o.d.c.w.i.PlusWebInvokeTimeInterceptor - [PLUS]开始请求 => URL[GET /auth/code],无参数
2026-01-04 09:43:08 [XNIO-1 task-3] INFO  o.d.c.w.i.PlusWebInvokeTimeInterceptor - [PLUS]开始请求 => URL[GET /auth/tenant/list],无参数
2026-01-04 09:43:08 [XNIO-1 task-3] INFO  o.d.c.r.aspectj.RateLimiterAspect - 限制令牌 => 20, 剩余令牌 => 18, 缓存key => 'global:rate_limit:/auth/tenant/list:0:0:0:0:0:0:0:1:'
2026-01-04 09:43:08 [XNIO-1 task-4] INFO  o.d.c.r.aspectj.RateLimiterAspect - 限制令牌 => 10, 剩余令牌 => 8, 缓存key => 'global:rate_limit:/auth/code:0:0:0:0:0:0:0:1:'
2026-01-04 09:43:08 [XNIO-1 task-3] INFO  o.d.c.w.i.PlusWebInvokeTimeInterceptor - [PLUS]结束请求 => URL[GET /auth/tenant/list],耗时:[3]毫秒
2026-01-04 09:43:08 [XNIO-1 task-4] INFO  o.d.c.w.i.PlusWebInvokeTimeInterceptor - [PLUS]结束请求 => URL[GET /auth/code],耗时:[5]毫秒
2026-01-04 09:43:08 [XNIO-1 task-4] INFO  o.d.c.w.i.PlusWebInvokeTimeInterceptor - [PLUS]开始请求 => URL[GET /auth/binding/maxkey],参数类型[param],参数:[{"domain":["localhost:81"],"tenantId":["000000"]}]
2026-01-04 09:43:08 [XNIO-1 task-4] INFO  o.d.c.w.i.PlusWebInvokeTimeInterceptor - [PLUS]结束请求 => URL[GET /auth/binding/maxkey],耗时:[1]毫秒
2026-01-04 09:43:08 [snail-job-grpc-client-executor-127.0.0.1-147] ERROR c.a.s.c.c.handler.ClientRegister - heartbeat check requestId:[147] message:[UNAVAILABLE: io exception]
2026-01-04 09:43:17 [sj-client-check] WARN  c.a.s.c.c.r.c.g.SnailJobGrpcClient - gRPC channel state=TRANSIENT_FAILURE, try reconnect...
2026-01-04 09:43:18 [snail-job-grpc-client-executor-127.0.0.1-148] ERROR c.a.s.c.c.handler.ClientRegister - heartbeat check requestId:[149] message:[UNAVAILABLE: io exception]
2026-01-04 09:43:27 [sj-client-check] WARN  c.a.s.c.c.r.c.g.SnailJobGrpcClient - gRPC channel state=TRANSIENT_FAILURE, try reconnect...
2026-01-04 09:43:28 [snail-job-grpc-client-executor-127.0.0.1-150] ERROR c.a.s.c.c.handler.ClientRegister - heartbeat check requestId:[150] message:[UNAVAILABLE: io exception]
2026-01-04 09:43:37 [sj-client-check] WARN  c.a.s.c.c.r.c.g.SnailJobGrpcClient - gRPC channel state=TRANSIENT_FAILURE, try reconnect...
2026-01-04 09:43:38 [XNIO-1 task-4] INFO  o.d.c.w.i.PlusWebInvokeTimeInterceptor - [PLUS]开始请求 => URL[POST /auth/login],参数类型[json],参数:[{"socialCode":"2d08dd42-3ddf-455c-9a9a-fa19a47a981f","socialState":"eyJkb21haW4iOiJsb2NhbGhvc3Q6ODEiLCJ0ZW5hbnRJZCI6IjAwMDAwMCIsInN0YXRlIjoiYThjZjI2ODJkYjcyNDM3NDZlYjcwMTI1M2RmNGZmMWMifQ==","tenantId":"000000","source":"maxkey","clientId":"e5cd7e4891bf95d1d19206ce24a7b32e","grantType":"social"}]
2026-01-04 09:43:38 [async-12] INFO  o.d.s.s.i.SysLogininforServiceImpl - [0:0:0:0:0:0:0:1]内网IP[admin][Success][登录成功]
2026-01-04 09:43:38 [XNIO-1 task-4] INFO  o.d.web.listener.UserActionListener - user doLogin, userId:sys_user:1, token:eyJ0eXAiOiJKV1QiLCJhbGciOiJIUzI1NiJ9.eyJsb2dpblR5cGUiOiJsb2dpbiIsImxvZ2luSWQiOiJzeXNfdXNlcjoxIiwicm5TdHIiOiJlNG04M3NhMHB1Z3k1ZkdBS3FvbU5vUUdHQVpSZXdJdCIsImNsaWVudGlkIjoiZTVjZDdlNDg5MWJmOTVkMWQxOTIwNmNlMjRhN2IzMmUiLCJ0ZW5hbnRJZCI6IjAwMDAwMCIsInVzZXJJZCI6IjEiLCJ1c2VyTmFtZSI6ImFkbWluIiwiZGVwdElkIjoxLCJkZXB0TmFtZSI6IuW5v-S4nOebiOa1qeW3peiJuuWItuWTgeaciemZkOWFrOWPuCIsImRlcHRDYXRlZ29yeSI6IiJ9.a-9DnMAZoYB0XP0J2osx2hGEUVHjLbGJa1na4CHyDw8
2026-01-04 09:43:38 [XNIO-1 task-4] INFO  o.d.c.w.i.PlusWebInvokeTimeInterceptor - [PLUS]结束请求 => URL[POST /auth/login],耗时:[38]毫秒
2026-01-04 09:43:38 [snail-job-grpc-client-executor-127.0.0.1-151] ERROR c.a.s.c.c.handler.ClientRegister - heartbeat check requestId:[151] message:[UNAVAILABLE: io exception]
2026-01-04 09:43:40 [XNIO-1 task-4] INFO  o.d.c.w.i.PlusWebInvokeTimeInterceptor - [PLUS]开始请求 => URL[GET /system/user/getInfo],无参数
2026-01-04 09:43:40 [XNIO-1 task-4] INFO  o.d.c.w.i.PlusWebInvokeTimeInterceptor - [PLUS]结束请求 => URL[GET /system/user/getInfo],耗时:[6]毫秒
2026-01-04 09:43:40 [XNIO-1 task-4] INFO  o.d.c.w.i.PlusWebInvokeTimeInterceptor - [PLUS]开始请求 => URL[GET /system/menu/getRouters],无参数
2026-01-04 09:43:40 [XNIO-1 task-4] INFO  o.d.c.w.i.PlusWebInvokeTimeInterceptor - [PLUS]结束请求 => URL[GET /system/menu/getRouters],耗时:[4]毫秒
2026-01-04 09:43:40 [XNIO-1 task-4] INFO  o.d.c.w.i.PlusWebInvokeTimeInterceptor - [PLUS]开始请求 => URL[GET /auth/tenant/list],无参数
2026-01-04 09:43:40 [XNIO-1 task-4] INFO  o.d.c.r.aspectj.RateLimiterAspect - 限制令牌 => 20, 剩余令牌 => 17, 缓存key => 'global:rate_limit:/auth/tenant/list:0:0:0:0:0:0:0:1:'
2026-01-04 09:43:40 [XNIO-1 task-4] INFO  o.d.c.w.i.PlusWebInvokeTimeInterceptor - [PLUS]结束请求 => URL[GET /auth/tenant/list],耗时:[4]毫秒
2026-01-04 09:43:40 [XNIO-1 task-4] INFO  o.d.c.w.i.PlusWebInvokeTimeInterceptor - [PLUS]开始请求 => URL[GET /resource/sse],参数类型[param],参数:[{"Authorization":["Bearer eyJ0eXAiOiJKV1QiLCJhbGciOiJIUzI1NiJ9.eyJsb2dpblR5cGUiOiJsb2dpbiIsImxvZ2luSWQiOiJzeXNfdXNlcjoxIiwicm5TdHIiOiJlNG04M3NhMHB1Z3k1ZkdBS3FvbU5vUUdHQVpSZXdJdCIsImNsaWVudGlkIjoiZTVjZDdlNDg5MWJmOTVkMWQxOTIwNmNlMjRhN2IzMmUiLCJ0ZW5hbnRJZCI6IjAwMDAwMCIsInVzZXJJZCI6IjEiLCJ1c2VyTmFtZSI6ImFkbWluIiwiZGVwdElkIjoxLCJkZXB0TmFtZSI6IuW5v-S4nOebiOa1qeW3peiJuuWItuWTgeaciemZkOWFrOWPuCIsImRlcHRDYXRlZ29yeSI6IiJ9.a-9DnMAZoYB0XP0J2osx2hGEUVHjLbGJa1na4CHyDw8"],"clientid":["e5cd7e4891bf95d1d19206ce24a7b32e"]}]
2026-01-04 09:43:43 [schedule-pool-5] INFO  o.d.c.sse.core.SseEmitterManager - SSE发送主题订阅消息topic:global:sse session keys:[1] message:欢迎登录RuoYi-Vue-Plus后台管理系统
2026-01-04 09:43:43 [redisson-3-3] INFO  o.d.c.sse.listener.SseTopicListener - SSE主题订阅收到消息session keys=[1] message=欢迎登录RuoYi-Vue-Plus后台管理系统
2026-01-04 09:43:47 [sj-client-check] WARN  c.a.s.c.c.r.c.g.SnailJobGrpcClient - gRPC channel state=TRANSIENT_FAILURE, try reconnect...
2026-01-04 09:43:48 [snail-job-grpc-client-executor-127.0.0.1-152] ERROR c.a.s.c.c.handler.ClientRegister - heartbeat check requestId:[152] message:[UNAVAILABLE: io exception]
2026-01-04 09:43:57 [sj-client-check] WARN  c.a.s.c.c.r.c.g.SnailJobGrpcClient - gRPC channel state=TRANSIENT_FAILURE, try reconnect...
2026-01-04 09:43:58 [snail-job-grpc-client-executor-127.0.0.1-153] ERROR c.a.s.c.c.handler.ClientRegister - heartbeat check requestId:[153] message:[UNAVAILABLE: io exception]
2026-01-04 09:44:07 [sj-client-check] WARN  c.a.s.c.c.r.c.g.SnailJobGrpcClient - gRPC channel state=TRANSIENT_FAILURE, try reconnect...
2026-01-04 09:44:08 [snail-job-grpc-client-executor-127.0.0.1-154] ERROR c.a.s.c.c.handler.ClientRegister - heartbeat check requestId:[154] message:[UNAVAILABLE: io exception]
2026-01-04 09:44:17 [sj-client-check] WARN  c.a.s.c.c.r.c.g.SnailJobGrpcClient - gRPC channel state=TRANSIENT_FAILURE, try reconnect...
2026-01-04 09:44:18 [snail-job-grpc-client-executor-127.0.0.1-156] ERROR c.a.s.c.c.handler.ClientRegister - heartbeat check requestId:[156] message:[UNAVAILABLE: io exception]
2026-01-04 09:44:27 [sj-client-check] WARN  c.a.s.c.c.r.c.g.SnailJobGrpcClient - gRPC channel state=TRANSIENT_FAILURE, try reconnect...
2026-01-04 09:44:28 [snail-job-grpc-client-executor-127.0.0.1-157] ERROR c.a.s.c.c.handler.ClientRegister - heartbeat check requestId:[157] message:[UNAVAILABLE: io exception]
2026-01-04 09:44:37 [sj-client-check] WARN  c.a.s.c.c.r.c.g.SnailJobGrpcClient - gRPC channel state=TRANSIENT_FAILURE, try reconnect...
2026-01-04 09:44:38 [snail-job-grpc-client-executor-127.0.0.1-158] ERROR c.a.s.c.c.handler.ClientRegister - heartbeat check requestId:[158] message:[UNAVAILABLE: io exception]
2026-01-04 09:44:47 [sj-client-check] WARN  c.a.s.c.c.r.c.g.SnailJobGrpcClient - gRPC channel state=TRANSIENT_FAILURE, try reconnect...
2026-01-04 09:44:48 [snail-job-grpc-client-executor-127.0.0.1-159] ERROR c.a.s.c.c.handler.ClientRegister - heartbeat check requestId:[159] message:[UNAVAILABLE: io exception]
2026-01-04 09:44:57 [sj-client-check] WARN  c.a.s.c.c.r.c.g.SnailJobGrpcClient - gRPC channel state=TRANSIENT_FAILURE, try reconnect...
2026-01-04 09:44:58 [snail-job-grpc-client-executor-127.0.0.1-160] ERROR c.a.s.c.c.handler.ClientRegister - heartbeat check requestId:[160] message:[UNAVAILABLE: io exception]
2026-01-04 09:45:07 [sj-client-check] WARN  c.a.s.c.c.r.c.g.SnailJobGrpcClient - gRPC channel state=TRANSIENT_FAILURE, try reconnect...
2026-01-04 09:45:08 [snail-job-grpc-client-executor-127.0.0.1-161] ERROR c.a.s.c.c.handler.ClientRegister - heartbeat check requestId:[161] message:[UNAVAILABLE: io exception]
2026-01-04 09:45:17 [sj-client-check] WARN  c.a.s.c.c.r.c.g.SnailJobGrpcClient - gRPC channel state=TRANSIENT_FAILURE, try reconnect...
2026-01-04 09:45:18 [snail-job-grpc-client-executor-127.0.0.1-162] ERROR c.a.s.c.c.handler.ClientRegister - heartbeat check requestId:[162] message:[UNAVAILABLE: io exception]
2026-01-04 09:45:27 [sj-client-check] WARN  c.a.s.c.c.r.c.g.SnailJobGrpcClient - gRPC channel state=TRANSIENT_FAILURE, try reconnect...
2026-01-04 09:45:28 [snail-job-grpc-client-executor-127.0.0.1-164] ERROR c.a.s.c.c.handler.ClientRegister - heartbeat check requestId:[164] message:[UNAVAILABLE: io exception]
2026-01-04 09:45:37 [sj-client-check] WARN  c.a.s.c.c.r.c.g.SnailJobGrpcClient - gRPC channel state=TRANSIENT_FAILURE, try reconnect...
2026-01-04 09:45:38 [snail-job-grpc-client-executor-127.0.0.1-165] ERROR c.a.s.c.c.handler.ClientRegister - heartbeat check requestId:[165] message:[UNAVAILABLE: io exception]
2026-01-04 09:45:47 [sj-client-check] WARN  c.a.s.c.c.r.c.g.SnailJobGrpcClient - gRPC channel state=TRANSIENT_FAILURE, try reconnect...
2026-01-04 09:45:48 [snail-job-grpc-client-executor-127.0.0.1-166] ERROR c.a.s.c.c.handler.ClientRegister - heartbeat check requestId:[166] message:[UNAVAILABLE: io exception]
2026-01-04 09:45:57 [sj-client-check] WARN  c.a.s.c.c.r.c.g.SnailJobGrpcClient - gRPC channel state=TRANSIENT_FAILURE, try reconnect...
2026-01-04 09:45:58 [snail-job-grpc-client-executor-127.0.0.1-167] ERROR c.a.s.c.c.handler.ClientRegister - heartbeat check requestId:[167] message:[UNAVAILABLE: io exception]
2026-01-04 09:46:07 [sj-client-check] WARN  c.a.s.c.c.r.c.g.SnailJobGrpcClient - gRPC channel state=TRANSIENT_FAILURE, try reconnect...
2026-01-04 09:46:08 [snail-job-grpc-client-executor-127.0.0.1-168] ERROR c.a.s.c.c.handler.ClientRegister - heartbeat check requestId:[168] message:[UNAVAILABLE: io exception]
2026-01-04 09:46:17 [sj-client-check] WARN  c.a.s.c.c.r.c.g.SnailJobGrpcClient - gRPC channel state=TRANSIENT_FAILURE, try reconnect...
2026-01-04 09:46:18 [snail-job-grpc-client-executor-127.0.0.1-169] ERROR c.a.s.c.c.handler.ClientRegister - heartbeat check requestId:[170] message:[UNAVAILABLE: io exception]
2026-01-04 09:46:27 [sj-client-check] WARN  c.a.s.c.c.r.c.g.SnailJobGrpcClient - gRPC channel state=TRANSIENT_FAILURE, try reconnect...
2026-01-04 09:46:28 [snail-job-grpc-client-executor-127.0.0.1-171] ERROR c.a.s.c.c.handler.ClientRegister - heartbeat check requestId:[171] message:[UNAVAILABLE: io exception]
2026-01-04 09:46:37 [sj-client-check] WARN  c.a.s.c.c.r.c.g.SnailJobGrpcClient - gRPC channel state=TRANSIENT_FAILURE, try reconnect...
2026-01-04 09:46:38 [snail-job-grpc-client-executor-127.0.0.1-172] ERROR c.a.s.c.c.handler.ClientRegister - heartbeat check requestId:[172] message:[UNAVAILABLE: io exception]
2026-01-04 09:46:47 [sj-client-check] WARN  c.a.s.c.c.r.c.g.SnailJobGrpcClient - gRPC channel state=TRANSIENT_FAILURE, try reconnect...
2026-01-04 09:46:48 [snail-job-grpc-client-executor-127.0.0.1-173] ERROR c.a.s.c.c.handler.ClientRegister - heartbeat check requestId:[173] message:[UNAVAILABLE: io exception]
2026-01-04 09:46:57 [sj-client-check] WARN  c.a.s.c.c.r.c.g.SnailJobGrpcClient - gRPC channel state=TRANSIENT_FAILURE, try reconnect...
2026-01-04 09:46:58 [snail-job-grpc-client-executor-127.0.0.1-174] ERROR c.a.s.c.c.handler.ClientRegister - heartbeat check requestId:[174] message:[UNAVAILABLE: io exception]
2026-01-04 09:47:07 [sj-client-check] WARN  c.a.s.c.c.r.c.g.SnailJobGrpcClient - gRPC channel state=TRANSIENT_FAILURE, try reconnect...
2026-01-04 09:47:08 [snail-job-grpc-client-executor-127.0.0.1-175] ERROR c.a.s.c.c.handler.ClientRegister - heartbeat check requestId:[175] message:[UNAVAILABLE: io exception]
2026-01-04 09:47:17 [sj-client-check] WARN  c.a.s.c.c.r.c.g.SnailJobGrpcClient - gRPC channel state=TRANSIENT_FAILURE, try reconnect...
2026-01-04 09:47:18 [snail-job-grpc-client-executor-127.0.0.1-176] ERROR c.a.s.c.c.handler.ClientRegister - heartbeat check requestId:[177] message:[UNAVAILABLE: io exception]
2026-01-04 09:47:27 [sj-client-check] WARN  c.a.s.c.c.r.c.g.SnailJobGrpcClient - gRPC channel state=TRANSIENT_FAILURE, try reconnect...
2026-01-04 09:47:28 [snail-job-grpc-client-executor-127.0.0.1-178] ERROR c.a.s.c.c.handler.ClientRegister - heartbeat check requestId:[178] message:[UNAVAILABLE: io exception]
2026-01-04 09:47:37 [sj-client-check] WARN  c.a.s.c.c.r.c.g.SnailJobGrpcClient - gRPC channel state=TRANSIENT_FAILURE, try reconnect...
2026-01-04 09:47:38 [snail-job-grpc-client-executor-127.0.0.1-179] ERROR c.a.s.c.c.handler.ClientRegister - heartbeat check requestId:[179] message:[UNAVAILABLE: io exception]
2026-01-04 09:47:47 [sj-client-check] WARN  c.a.s.c.c.r.c.g.SnailJobGrpcClient - gRPC channel state=TRANSIENT_FAILURE, try reconnect...
2026-01-04 09:47:48 [snail-job-grpc-client-executor-127.0.0.1-180] ERROR c.a.s.c.c.handler.ClientRegister - heartbeat check requestId:[180] message:[UNAVAILABLE: io exception]
2026-01-04 09:47:57 [sj-client-check] WARN  c.a.s.c.c.r.c.g.SnailJobGrpcClient - gRPC channel state=TRANSIENT_FAILURE, try reconnect...
2026-01-04 09:47:58 [snail-job-grpc-client-executor-127.0.0.1-181] ERROR c.a.s.c.c.handler.ClientRegister - heartbeat check requestId:[181] message:[UNAVAILABLE: io exception]
2026-01-04 09:48:07 [sj-client-check] WARN  c.a.s.c.c.r.c.g.SnailJobGrpcClient - gRPC channel state=TRANSIENT_FAILURE, try reconnect...
2026-01-04 09:48:08 [snail-job-grpc-client-executor-127.0.0.1-182] ERROR c.a.s.c.c.handler.ClientRegister - heartbeat check requestId:[182] message:[UNAVAILABLE: io exception]
2026-01-04 09:48:17 [sj-client-check] WARN  c.a.s.c.c.r.c.g.SnailJobGrpcClient - gRPC channel state=TRANSIENT_FAILURE, try reconnect...
2026-01-04 09:48:18 [snail-job-grpc-client-executor-127.0.0.1-184] ERROR c.a.s.c.c.handler.ClientRegister - heartbeat check requestId:[183] message:[UNAVAILABLE: io exception]
2026-01-04 09:48:27 [sj-client-check] WARN  c.a.s.c.c.r.c.g.SnailJobGrpcClient - gRPC channel state=TRANSIENT_FAILURE, try reconnect...
2026-01-04 09:48:28 [snail-job-grpc-client-executor-127.0.0.1-185] ERROR c.a.s.c.c.handler.ClientRegister - heartbeat check requestId:[185] message:[UNAVAILABLE: io exception]
2026-01-04 09:48:37 [sj-client-check] WARN  c.a.s.c.c.r.c.g.SnailJobGrpcClient - gRPC channel state=TRANSIENT_FAILURE, try reconnect...
2026-01-04 09:48:38 [snail-job-grpc-client-executor-127.0.0.1-186] ERROR c.a.s.c.c.handler.ClientRegister - heartbeat check requestId:[186] message:[UNAVAILABLE: io exception]
2026-01-04 09:48:47 [sj-client-check] WARN  c.a.s.c.c.r.c.g.SnailJobGrpcClient - gRPC channel state=TRANSIENT_FAILURE, try reconnect...
2026-01-04 09:48:48 [snail-job-grpc-client-executor-127.0.0.1-187] ERROR c.a.s.c.c.handler.ClientRegister - heartbeat check requestId:[187] message:[UNAVAILABLE: io exception]
2026-01-04 09:48:57 [sj-client-check] WARN  c.a.s.c.c.r.c.g.SnailJobGrpcClient - gRPC channel state=TRANSIENT_FAILURE, try reconnect...
2026-01-04 09:48:58 [snail-job-grpc-client-executor-127.0.0.1-188] ERROR c.a.s.c.c.handler.ClientRegister - heartbeat check requestId:[188] message:[UNAVAILABLE: io exception]
2026-01-04 09:49:07 [sj-client-check] WARN  c.a.s.c.c.r.c.g.SnailJobGrpcClient - gRPC channel state=TRANSIENT_FAILURE, try reconnect...
2026-01-04 09:49:08 [snail-job-grpc-client-executor-127.0.0.1-189] ERROR c.a.s.c.c.handler.ClientRegister - heartbeat check requestId:[189] message:[UNAVAILABLE: io exception]
2026-01-04 09:49:17 [sj-client-check] WARN  c.a.s.c.c.r.c.g.SnailJobGrpcClient - gRPC channel state=TRANSIENT_FAILURE, try reconnect...
2026-01-04 09:49:18 [snail-job-grpc-client-executor-127.0.0.1-190] ERROR c.a.s.c.c.handler.ClientRegister - heartbeat check requestId:[190] message:[UNAVAILABLE: io exception]
2026-01-04 09:49:27 [sj-client-check] WARN  c.a.s.c.c.r.c.g.SnailJobGrpcClient - gRPC channel state=TRANSIENT_FAILURE, try reconnect...
2026-01-04 09:49:28 [snail-job-grpc-client-executor-127.0.0.1-192] ERROR c.a.s.c.c.handler.ClientRegister - heartbeat check requestId:[192] message:[UNAVAILABLE: io exception]
2026-01-04 09:49:37 [sj-client-check] WARN  c.a.s.c.c.r.c.g.SnailJobGrpcClient - gRPC channel state=TRANSIENT_FAILURE, try reconnect...
2026-01-04 09:49:38 [snail-job-grpc-client-executor-127.0.0.1-193] ERROR c.a.s.c.c.handler.ClientRegister - heartbeat check requestId:[193] message:[UNAVAILABLE: io exception]
2026-01-04 09:49:47 [sj-client-check] WARN  c.a.s.c.c.r.c.g.SnailJobGrpcClient - gRPC channel state=TRANSIENT_FAILURE, try reconnect...
2026-01-04 09:49:48 [snail-job-grpc-client-executor-127.0.0.1-194] ERROR c.a.s.c.c.handler.ClientRegister - heartbeat check requestId:[194] message:[UNAVAILABLE: io exception]
2026-01-04 09:49:57 [sj-client-check] WARN  c.a.s.c.c.r.c.g.SnailJobGrpcClient - gRPC channel state=TRANSIENT_FAILURE, try reconnect...
2026-01-04 09:49:58 [snail-job-grpc-client-executor-127.0.0.1-195] ERROR c.a.s.c.c.handler.ClientRegister - heartbeat check requestId:[195] message:[UNAVAILABLE: io exception]
2026-01-04 09:50:07 [sj-client-check] WARN  c.a.s.c.c.r.c.g.SnailJobGrpcClient - gRPC channel state=TRANSIENT_FAILURE, try reconnect...
2026-01-04 09:50:08 [snail-job-grpc-client-executor-127.0.0.1-196] ERROR c.a.s.c.c.handler.ClientRegister - heartbeat check requestId:[196] message:[UNAVAILABLE: io exception]
2026-01-04 09:50:17 [sj-client-check] WARN  c.a.s.c.c.r.c.g.SnailJobGrpcClient - gRPC channel state=TRANSIENT_FAILURE, try reconnect...
2026-01-04 09:50:18 [snail-job-grpc-client-executor-127.0.0.1-197] ERROR c.a.s.c.c.handler.ClientRegister - heartbeat check requestId:[197] message:[UNAVAILABLE: io exception]
2026-01-04 09:50:27 [sj-client-check] WARN  c.a.s.c.c.r.c.g.SnailJobGrpcClient - gRPC channel state=TRANSIENT_FAILURE, try reconnect...
2026-01-04 09:50:28 [snail-job-grpc-client-executor-127.0.0.1-199] ERROR c.a.s.c.c.handler.ClientRegister - heartbeat check requestId:[199] message:[UNAVAILABLE: io exception]
2026-01-04 09:50:37 [sj-client-check] WARN  c.a.s.c.c.r.c.g.SnailJobGrpcClient - gRPC channel state=TRANSIENT_FAILURE, try reconnect...
2026-01-04 09:50:38 [snail-job-grpc-client-executor-127.0.0.1-200] ERROR c.a.s.c.c.handler.ClientRegister - heartbeat check requestId:[200] message:[UNAVAILABLE: io exception]
2026-01-04 09:50:47 [sj-client-check] WARN  c.a.s.c.c.r.c.g.SnailJobGrpcClient - gRPC channel state=TRANSIENT_FAILURE, try reconnect...
2026-01-04 09:50:48 [snail-job-grpc-client-executor-127.0.0.1-201] ERROR c.a.s.c.c.handler.ClientRegister - heartbeat check requestId:[201] message:[UNAVAILABLE: io exception]
2026-01-04 09:50:57 [sj-client-check] WARN  c.a.s.c.c.r.c.g.SnailJobGrpcClient - gRPC channel state=TRANSIENT_FAILURE, try reconnect...
2026-01-04 09:50:58 [snail-job-grpc-client-executor-127.0.0.1-202] ERROR c.a.s.c.c.handler.ClientRegister - heartbeat check requestId:[202] message:[UNAVAILABLE: io exception]
2026-01-04 09:51:07 [sj-client-check] WARN  c.a.s.c.c.r.c.g.SnailJobGrpcClient - gRPC channel state=TRANSIENT_FAILURE, try reconnect...
2026-01-04 09:51:08 [snail-job-grpc-client-executor-127.0.0.1-203] ERROR c.a.s.c.c.handler.ClientRegister - heartbeat check requestId:[203] message:[UNAVAILABLE: io exception]
2026-01-04 09:51:17 [sj-client-check] WARN  c.a.s.c.c.r.c.g.SnailJobGrpcClient - gRPC channel state=TRANSIENT_FAILURE, try reconnect...
2026-01-04 09:51:18 [snail-job-grpc-client-executor-127.0.0.1-205] ERROR c.a.s.c.c.handler.ClientRegister - heartbeat check requestId:[204] message:[UNAVAILABLE: io exception]
2026-01-04 09:51:27 [sj-client-check] WARN  c.a.s.c.c.r.c.g.SnailJobGrpcClient - gRPC channel state=TRANSIENT_FAILURE, try reconnect...
2026-01-04 09:51:28 [snail-job-grpc-client-executor-127.0.0.1-206] ERROR c.a.s.c.c.handler.ClientRegister - heartbeat check requestId:[206] message:[UNAVAILABLE: io exception]
2026-01-04 09:51:37 [sj-client-check] WARN  c.a.s.c.c.r.c.g.SnailJobGrpcClient - gRPC channel state=TRANSIENT_FAILURE, try reconnect...
2026-01-04 09:51:38 [snail-job-grpc-client-executor-127.0.0.1-207] ERROR c.a.s.c.c.handler.ClientRegister - heartbeat check requestId:[207] message:[UNAVAILABLE: io exception]
2026-01-04 09:51:47 [sj-client-check] WARN  c.a.s.c.c.r.c.g.SnailJobGrpcClient - gRPC channel state=TRANSIENT_FAILURE, try reconnect...
2026-01-04 09:51:48 [snail-job-grpc-client-executor-127.0.0.1-208] ERROR c.a.s.c.c.handler.ClientRegister - heartbeat check requestId:[208] message:[UNAVAILABLE: io exception]
2026-01-04 09:51:57 [sj-client-check] WARN  c.a.s.c.c.r.c.g.SnailJobGrpcClient - gRPC channel state=TRANSIENT_FAILURE, try reconnect...
2026-01-04 09:51:58 [snail-job-grpc-client-executor-127.0.0.1-209] ERROR c.a.s.c.c.handler.ClientRegister - heartbeat check requestId:[209] message:[UNAVAILABLE: io exception]
2026-01-04 09:52:07 [sj-client-check] WARN  c.a.s.c.c.r.c.g.SnailJobGrpcClient - gRPC channel state=TRANSIENT_FAILURE, try reconnect...
2026-01-04 09:52:08 [snail-job-grpc-client-executor-127.0.0.1-210] ERROR c.a.s.c.c.handler.ClientRegister - heartbeat check requestId:[210] message:[UNAVAILABLE: io exception]
2026-01-04 09:52:17 [sj-client-check] WARN  c.a.s.c.c.r.c.g.SnailJobGrpcClient - gRPC channel state=TRANSIENT_FAILURE, try reconnect...
2026-01-04 09:52:18 [snail-job-grpc-client-executor-127.0.0.1-211] ERROR c.a.s.c.c.handler.ClientRegister - heartbeat check requestId:[212] message:[UNAVAILABLE: io exception]
2026-01-04 09:52:27 [sj-client-check] WARN  c.a.s.c.c.r.c.g.SnailJobGrpcClient - gRPC channel state=TRANSIENT_FAILURE, try reconnect...
2026-01-04 09:52:28 [snail-job-grpc-client-executor-127.0.0.1-213] ERROR c.a.s.c.c.handler.ClientRegister - heartbeat check requestId:[213] message:[UNAVAILABLE: io exception]
2026-01-04 09:52:37 [sj-client-check] WARN  c.a.s.c.c.r.c.g.SnailJobGrpcClient - gRPC channel state=TRANSIENT_FAILURE, try reconnect...
2026-01-04 09:52:38 [snail-job-grpc-client-executor-127.0.0.1-214] ERROR c.a.s.c.c.handler.ClientRegister - heartbeat check requestId:[214] message:[UNAVAILABLE: io exception]
2026-01-04 09:52:47 [sj-client-check] WARN  c.a.s.c.c.r.c.g.SnailJobGrpcClient - gRPC channel state=TRANSIENT_FAILURE, try reconnect...
2026-01-04 09:52:48 [snail-job-grpc-client-executor-127.0.0.1-215] ERROR c.a.s.c.c.handler.ClientRegister - heartbeat check requestId:[215] message:[UNAVAILABLE: io exception]
2026-01-04 09:52:57 [sj-client-check] WARN  c.a.s.c.c.r.c.g.SnailJobGrpcClient - gRPC channel state=TRANSIENT_FAILURE, try reconnect...
2026-01-04 09:52:58 [snail-job-grpc-client-executor-127.0.0.1-216] ERROR c.a.s.c.c.handler.ClientRegister - heartbeat check requestId:[216] message:[UNAVAILABLE: io exception]
2026-01-04 09:53:07 [sj-client-check] WARN  c.a.s.c.c.r.c.g.SnailJobGrpcClient - gRPC channel state=TRANSIENT_FAILURE, try reconnect...
2026-01-04 09:53:08 [snail-job-grpc-client-executor-127.0.0.1-217] ERROR c.a.s.c.c.handler.ClientRegister - heartbeat check requestId:[217] message:[UNAVAILABLE: io exception]
2026-01-04 09:53:17 [sj-client-check] WARN  c.a.s.c.c.r.c.g.SnailJobGrpcClient - gRPC channel state=TRANSIENT_FAILURE, try reconnect...
2026-01-04 09:53:18 [snail-job-grpc-client-executor-127.0.0.1-219] ERROR c.a.s.c.c.handler.ClientRegister - heartbeat check requestId:[219] message:[UNAVAILABLE: io exception]
2026-01-04 09:53:27 [sj-client-check] WARN  c.a.s.c.c.r.c.g.SnailJobGrpcClient - gRPC channel state=TRANSIENT_FAILURE, try reconnect...
2026-01-04 09:53:28 [snail-job-grpc-client-executor-127.0.0.1-220] ERROR c.a.s.c.c.handler.ClientRegister - heartbeat check requestId:[220] message:[UNAVAILABLE: io exception]
2026-01-04 09:53:37 [sj-client-check] WARN  c.a.s.c.c.r.c.g.SnailJobGrpcClient - gRPC channel state=TRANSIENT_FAILURE, try reconnect...
2026-01-04 09:53:38 [snail-job-grpc-client-executor-127.0.0.1-221] ERROR c.a.s.c.c.handler.ClientRegister - heartbeat check requestId:[221] message:[UNAVAILABLE: io exception]
2026-01-04 09:53:47 [sj-client-check] WARN  c.a.s.c.c.r.c.g.SnailJobGrpcClient - gRPC channel state=TRANSIENT_FAILURE, try reconnect...
2026-01-04 09:53:48 [snail-job-grpc-client-executor-127.0.0.1-222] ERROR c.a.s.c.c.handler.ClientRegister - heartbeat check requestId:[222] message:[UNAVAILABLE: io exception]
2026-01-04 09:53:57 [sj-client-check] WARN  c.a.s.c.c.r.c.g.SnailJobGrpcClient - gRPC channel state=TRANSIENT_FAILURE, try reconnect...
2026-01-04 09:53:58 [snail-job-grpc-client-executor-127.0.0.1-223] ERROR c.a.s.c.c.handler.ClientRegister - heartbeat check requestId:[223] message:[UNAVAILABLE: io exception]
2026-01-04 09:54:07 [sj-client-check] WARN  c.a.s.c.c.r.c.g.SnailJobGrpcClient - gRPC channel state=TRANSIENT_FAILURE, try reconnect...
2026-01-04 09:54:08 [snail-job-grpc-client-executor-127.0.0.1-224] ERROR c.a.s.c.c.handler.ClientRegister - heartbeat check requestId:[224] message:[UNAVAILABLE: io exception]
2026-01-04 09:54:17 [sj-client-check] WARN  c.a.s.c.c.r.c.g.SnailJobGrpcClient - gRPC channel state=TRANSIENT_FAILURE, try reconnect...
2026-01-04 09:54:18 [snail-job-grpc-client-executor-127.0.0.1-226] ERROR c.a.s.c.c.handler.ClientRegister - heartbeat check requestId:[226] message:[UNAVAILABLE: io exception]
2026-01-04 09:54:27 [sj-client-check] WARN  c.a.s.c.c.r.c.g.SnailJobGrpcClient - gRPC channel state=TRANSIENT_FAILURE, try reconnect...
2026-01-04 09:54:28 [snail-job-grpc-client-executor-127.0.0.1-227] ERROR c.a.s.c.c.handler.ClientRegister - heartbeat check requestId:[227] message:[UNAVAILABLE: io exception]
2026-01-04 09:54:37 [sj-client-check] WARN  c.a.s.c.c.r.c.g.SnailJobGrpcClient - gRPC channel state=TRANSIENT_FAILURE, try reconnect...
2026-01-04 09:54:38 [snail-job-grpc-client-executor-127.0.0.1-228] ERROR c.a.s.c.c.handler.ClientRegister - heartbeat check requestId:[228] message:[UNAVAILABLE: io exception]
2026-01-04 09:54:47 [sj-client-check] WARN  c.a.s.c.c.r.c.g.SnailJobGrpcClient - gRPC channel state=TRANSIENT_FAILURE, try reconnect...
2026-01-04 09:54:48 [snail-job-grpc-client-executor-127.0.0.1-229] ERROR c.a.s.c.c.handler.ClientRegister - heartbeat check requestId:[229] message:[UNAVAILABLE: io exception]
2026-01-04 09:54:57 [sj-client-check] WARN  c.a.s.c.c.r.c.g.SnailJobGrpcClient - gRPC channel state=TRANSIENT_FAILURE, try reconnect...
2026-01-04 09:54:58 [snail-job-grpc-client-executor-127.0.0.1-230] ERROR c.a.s.c.c.handler.ClientRegister - heartbeat check requestId:[230] message:[UNAVAILABLE: io exception]
2026-01-04 09:55:07 [sj-client-check] WARN  c.a.s.c.c.r.c.g.SnailJobGrpcClient - gRPC channel state=TRANSIENT_FAILURE, try reconnect...
2026-01-04 09:55:08 [snail-job-grpc-client-executor-127.0.0.1-231] ERROR c.a.s.c.c.handler.ClientRegister - heartbeat check requestId:[231] message:[UNAVAILABLE: io exception]
2026-01-04 09:55:17 [sj-client-check] WARN  c.a.s.c.c.r.c.g.SnailJobGrpcClient - gRPC channel state=TRANSIENT_FAILURE, try reconnect...
2026-01-04 09:55:18 [snail-job-grpc-client-executor-127.0.0.1-232] ERROR c.a.s.c.c.handler.ClientRegister - heartbeat check requestId:[232] message:[UNAVAILABLE: io exception]
2026-01-04 09:55:27 [sj-client-check] WARN  c.a.s.c.c.r.c.g.SnailJobGrpcClient - gRPC channel state=TRANSIENT_FAILURE, try reconnect...
2026-01-04 09:55:28 [snail-job-grpc-client-executor-127.0.0.1-234] ERROR c.a.s.c.c.handler.ClientRegister - heartbeat check requestId:[234] message:[UNAVAILABLE: io exception]
2026-01-04 09:55:37 [sj-client-check] WARN  c.a.s.c.c.r.c.g.SnailJobGrpcClient - gRPC channel state=TRANSIENT_FAILURE, try reconnect...
2026-01-04 09:55:38 [snail-job-grpc-client-executor-127.0.0.1-235] ERROR c.a.s.c.c.handler.ClientRegister - heartbeat check requestId:[235] message:[UNAVAILABLE: io exception]
2026-01-04 09:55:47 [sj-client-check] WARN  c.a.s.c.c.r.c.g.SnailJobGrpcClient - gRPC channel state=TRANSIENT_FAILURE, try reconnect...
2026-01-04 09:55:48 [snail-job-grpc-client-executor-127.0.0.1-236] ERROR c.a.s.c.c.handler.ClientRegister - heartbeat check requestId:[236] message:[UNAVAILABLE: io exception]
2026-01-04 09:55:57 [sj-client-check] WARN  c.a.s.c.c.r.c.g.SnailJobGrpcClient - gRPC channel state=TRANSIENT_FAILURE, try reconnect...
2026-01-04 09:55:58 [snail-job-grpc-client-executor-127.0.0.1-237] ERROR c.a.s.c.c.handler.ClientRegister - heartbeat check requestId:[237] message:[UNAVAILABLE: io exception]
2026-01-04 09:56:07 [sj-client-check] WARN  c.a.s.c.c.r.c.g.SnailJobGrpcClient - gRPC channel state=TRANSIENT_FAILURE, try reconnect...
2026-01-04 09:56:08 [snail-job-grpc-client-executor-127.0.0.1-238] ERROR c.a.s.c.c.handler.ClientRegister - heartbeat check requestId:[238] message:[UNAVAILABLE: io exception]
2026-01-04 09:56:17 [sj-client-check] WARN  c.a.s.c.c.r.c.g.SnailJobGrpcClient - gRPC channel state=TRANSIENT_FAILURE, try reconnect...
2026-01-04 09:56:18 [snail-job-grpc-client-executor-127.0.0.1-239] ERROR c.a.s.c.c.handler.ClientRegister - heartbeat check requestId:[240] message:[UNAVAILABLE: io exception]
2026-01-04 09:56:27 [sj-client-check] WARN  c.a.s.c.c.r.c.g.SnailJobGrpcClient - gRPC channel state=TRANSIENT_FAILURE, try reconnect...
2026-01-04 09:56:28 [snail-job-grpc-client-executor-127.0.0.1-241] ERROR c.a.s.c.c.handler.ClientRegister - heartbeat check requestId:[241] message:[UNAVAILABLE: io exception]
2026-01-04 09:56:37 [sj-client-check] WARN  c.a.s.c.c.r.c.g.SnailJobGrpcClient - gRPC channel state=TRANSIENT_FAILURE, try reconnect...
2026-01-04 09:56:38 [snail-job-grpc-client-executor-127.0.0.1-242] ERROR c.a.s.c.c.handler.ClientRegister - heartbeat check requestId:[242] message:[UNAVAILABLE: io exception]
2026-01-04 09:56:47 [sj-client-check] WARN  c.a.s.c.c.r.c.g.SnailJobGrpcClient - gRPC channel state=TRANSIENT_FAILURE, try reconnect...
2026-01-04 09:56:48 [snail-job-grpc-client-executor-127.0.0.1-243] ERROR c.a.s.c.c.handler.ClientRegister - heartbeat check requestId:[243] message:[UNAVAILABLE: io exception]
2026-01-04 09:56:57 [sj-client-check] WARN  c.a.s.c.c.r.c.g.SnailJobGrpcClient - gRPC channel state=TRANSIENT_FAILURE, try reconnect...
2026-01-04 09:56:58 [snail-job-grpc-client-executor-127.0.0.1-244] ERROR c.a.s.c.c.handler.ClientRegister - heartbeat check requestId:[244] message:[UNAVAILABLE: io exception]
2026-01-04 09:57:07 [sj-client-check] WARN  c.a.s.c.c.r.c.g.SnailJobGrpcClient - gRPC channel state=TRANSIENT_FAILURE, try reconnect...
2026-01-04 09:57:08 [snail-job-grpc-client-executor-127.0.0.1-245] ERROR c.a.s.c.c.handler.ClientRegister - heartbeat check requestId:[245] message:[UNAVAILABLE: io exception]
2026-01-04 09:57:17 [sj-client-check] WARN  c.a.s.c.c.r.c.g.SnailJobGrpcClient - gRPC channel state=TRANSIENT_FAILURE, try reconnect...
2026-01-04 09:57:18 [snail-job-grpc-client-executor-127.0.0.1-246] ERROR c.a.s.c.c.handler.ClientRegister - heartbeat check requestId:[247] message:[UNAVAILABLE: io exception]
2026-01-04 09:57:27 [sj-client-check] WARN  c.a.s.c.c.r.c.g.SnailJobGrpcClient - gRPC channel state=TRANSIENT_FAILURE, try reconnect...
2026-01-04 09:57:28 [snail-job-grpc-client-executor-127.0.0.1-248] ERROR c.a.s.c.c.handler.ClientRegister - heartbeat check requestId:[248] message:[UNAVAILABLE: io exception]
2026-01-04 09:57:37 [sj-client-check] WARN  c.a.s.c.c.r.c.g.SnailJobGrpcClient - gRPC channel state=TRANSIENT_FAILURE, try reconnect...
2026-01-04 09:57:38 [snail-job-grpc-client-executor-127.0.0.1-249] ERROR c.a.s.c.c.handler.ClientRegister - heartbeat check requestId:[249] message:[UNAVAILABLE: io exception]
2026-01-04 09:57:47 [sj-client-check] WARN  c.a.s.c.c.r.c.g.SnailJobGrpcClient - gRPC channel state=TRANSIENT_FAILURE, try reconnect...
2026-01-04 09:57:48 [snail-job-grpc-client-executor-127.0.0.1-250] ERROR c.a.s.c.c.handler.ClientRegister - heartbeat check requestId:[250] message:[UNAVAILABLE: io exception]
2026-01-04 09:57:57 [sj-client-check] WARN  c.a.s.c.c.r.c.g.SnailJobGrpcClient - gRPC channel state=TRANSIENT_FAILURE, try reconnect...
2026-01-04 09:57:58 [snail-job-grpc-client-executor-127.0.0.1-251] ERROR c.a.s.c.c.handler.ClientRegister - heartbeat check requestId:[251] message:[UNAVAILABLE: io exception]
2026-01-04 09:58:07 [sj-client-check] WARN  c.a.s.c.c.r.c.g.SnailJobGrpcClient - gRPC channel state=TRANSIENT_FAILURE, try reconnect...
2026-01-04 09:58:08 [snail-job-grpc-client-executor-127.0.0.1-252] ERROR c.a.s.c.c.handler.ClientRegister - heartbeat check requestId:[252] message:[UNAVAILABLE: io exception]
2026-01-04 09:58:17 [sj-client-check] WARN  c.a.s.c.c.r.c.g.SnailJobGrpcClient - gRPC channel state=TRANSIENT_FAILURE, try reconnect...
2026-01-04 09:58:18 [snail-job-grpc-client-executor-127.0.0.1-253] ERROR c.a.s.c.c.handler.ClientRegister - heartbeat check requestId:[253] message:[UNAVAILABLE: io exception]
2026-01-04 09:58:27 [sj-client-check] WARN  c.a.s.c.c.r.c.g.SnailJobGrpcClient - gRPC channel state=TRANSIENT_FAILURE, try reconnect...
2026-01-04 09:58:28 [snail-job-grpc-client-executor-127.0.0.1-255] ERROR c.a.s.c.c.handler.ClientRegister - heartbeat check requestId:[255] message:[UNAVAILABLE: io exception]
2026-01-04 09:58:37 [sj-client-check] WARN  c.a.s.c.c.r.c.g.SnailJobGrpcClient - gRPC channel state=TRANSIENT_FAILURE, try reconnect...
2026-01-04 09:58:38 [snail-job-grpc-client-executor-127.0.0.1-256] ERROR c.a.s.c.c.handler.ClientRegister - heartbeat check requestId:[256] message:[UNAVAILABLE: io exception]
2026-01-04 09:58:47 [sj-client-check] WARN  c.a.s.c.c.r.c.g.SnailJobGrpcClient - gRPC channel state=TRANSIENT_FAILURE, try reconnect...
2026-01-04 09:58:48 [snail-job-grpc-client-executor-127.0.0.1-257] ERROR c.a.s.c.c.handler.ClientRegister - heartbeat check requestId:[257] message:[UNAVAILABLE: io exception]
2026-01-04 09:58:57 [sj-client-check] WARN  c.a.s.c.c.r.c.g.SnailJobGrpcClient - gRPC channel state=TRANSIENT_FAILURE, try reconnect...
2026-01-04 09:58:58 [snail-job-grpc-client-executor-127.0.0.1-258] ERROR c.a.s.c.c.handler.ClientRegister - heartbeat check requestId:[258] message:[UNAVAILABLE: io exception]
2026-01-04 09:59:07 [sj-client-check] WARN  c.a.s.c.c.r.c.g.SnailJobGrpcClient - gRPC channel state=TRANSIENT_FAILURE, try reconnect...
2026-01-04 09:59:08 [snail-job-grpc-client-executor-127.0.0.1-259] ERROR c.a.s.c.c.handler.ClientRegister - heartbeat check requestId:[259] message:[UNAVAILABLE: io exception]
2026-01-04 09:59:17 [sj-client-check] WARN  c.a.s.c.c.r.c.g.SnailJobGrpcClient - gRPC channel state=TRANSIENT_FAILURE, try reconnect...
2026-01-04 09:59:18 [snail-job-grpc-client-executor-127.0.0.1-260] ERROR c.a.s.c.c.handler.ClientRegister - heartbeat check requestId:[261] message:[UNAVAILABLE: io exception]
2026-01-04 09:59:27 [sj-client-check] WARN  c.a.s.c.c.r.c.g.SnailJobGrpcClient - gRPC channel state=TRANSIENT_FAILURE, try reconnect...
2026-01-04 09:59:28 [snail-job-grpc-client-executor-127.0.0.1-262] ERROR c.a.s.c.c.handler.ClientRegister - heartbeat check requestId:[262] message:[UNAVAILABLE: io exception]
2026-01-04 09:59:37 [sj-client-check] WARN  c.a.s.c.c.r.c.g.SnailJobGrpcClient - gRPC channel state=TRANSIENT_FAILURE, try reconnect...
2026-01-04 09:59:38 [snail-job-grpc-client-executor-127.0.0.1-263] ERROR c.a.s.c.c.handler.ClientRegister - heartbeat check requestId:[263] message:[UNAVAILABLE: io exception]
2026-01-04 09:59:47 [sj-client-check] WARN  c.a.s.c.c.r.c.g.SnailJobGrpcClient - gRPC channel state=TRANSIENT_FAILURE, try reconnect...
2026-01-04 09:59:48 [snail-job-grpc-client-executor-127.0.0.1-264] ERROR c.a.s.c.c.handler.ClientRegister - heartbeat check requestId:[264] message:[UNAVAILABLE: io exception]
2026-01-04 09:59:57 [sj-client-check] WARN  c.a.s.c.c.r.c.g.SnailJobGrpcClient - gRPC channel state=TRANSIENT_FAILURE, try reconnect...
2026-01-04 09:59:58 [snail-job-grpc-client-executor-127.0.0.1-265] ERROR c.a.s.c.c.handler.ClientRegister - heartbeat check requestId:[265] message:[UNAVAILABLE: io exception]
2026-01-04 10:00:07 [sj-client-check] WARN  c.a.s.c.c.r.c.g.SnailJobGrpcClient - gRPC channel state=TRANSIENT_FAILURE, try reconnect...
2026-01-04 10:00:08 [snail-job-grpc-client-executor-127.0.0.1-266] ERROR c.a.s.c.c.handler.ClientRegister - heartbeat check requestId:[266] message:[UNAVAILABLE: io exception]
2026-01-04 10:00:17 [sj-client-check] WARN  c.a.s.c.c.r.c.g.SnailJobGrpcClient - gRPC channel state=TRANSIENT_FAILURE, try reconnect...
2026-01-04 10:00:18 [snail-job-grpc-client-executor-127.0.0.1-267] ERROR c.a.s.c.c.handler.ClientRegister - heartbeat check requestId:[268] message:[UNAVAILABLE: io exception]
2026-01-04 10:00:27 [sj-client-check] WARN  c.a.s.c.c.r.c.g.SnailJobGrpcClient - gRPC channel state=TRANSIENT_FAILURE, try reconnect...
2026-01-04 10:00:28 [snail-job-grpc-client-executor-127.0.0.1-269] ERROR c.a.s.c.c.handler.ClientRegister - heartbeat check requestId:[269] message:[UNAVAILABLE: io exception]
2026-01-04 10:00:37 [sj-client-check] WARN  c.a.s.c.c.r.c.g.SnailJobGrpcClient - gRPC channel state=TRANSIENT_FAILURE, try reconnect...
2026-01-04 10:00:38 [snail-job-grpc-client-executor-127.0.0.1-270] ERROR c.a.s.c.c.handler.ClientRegister - heartbeat check requestId:[270] message:[UNAVAILABLE: io exception]
2026-01-04 10:00:47 [sj-client-check] WARN  c.a.s.c.c.r.c.g.SnailJobGrpcClient - gRPC channel state=TRANSIENT_FAILURE, try reconnect...
2026-01-04 10:00:48 [snail-job-grpc-client-executor-127.0.0.1-271] ERROR c.a.s.c.c.handler.ClientRegister - heartbeat check requestId:[271] message:[UNAVAILABLE: io exception]
2026-01-04 10:00:57 [sj-client-check] WARN  c.a.s.c.c.r.c.g.SnailJobGrpcClient - gRPC channel state=TRANSIENT_FAILURE, try reconnect...
2026-01-04 10:00:58 [snail-job-grpc-client-executor-127.0.0.1-272] ERROR c.a.s.c.c.handler.ClientRegister - heartbeat check requestId:[272] message:[UNAVAILABLE: io exception]
2026-01-04 10:01:07 [sj-client-check] WARN  c.a.s.c.c.r.c.g.SnailJobGrpcClient - gRPC channel state=TRANSIENT_FAILURE, try reconnect...
2026-01-04 10:01:08 [snail-job-grpc-client-executor-127.0.0.1-273] ERROR c.a.s.c.c.handler.ClientRegister - heartbeat check requestId:[273] message:[UNAVAILABLE: io exception]
2026-01-04 10:01:17 [sj-client-check] WARN  c.a.s.c.c.r.c.g.SnailJobGrpcClient - gRPC channel state=TRANSIENT_FAILURE, try reconnect...
2026-01-04 10:01:18 [snail-job-grpc-client-executor-127.0.0.1-275] ERROR c.a.s.c.c.handler.ClientRegister - heartbeat check requestId:[275] message:[UNAVAILABLE: io exception]
2026-01-04 10:01:27 [sj-client-check] WARN  c.a.s.c.c.r.c.g.SnailJobGrpcClient - gRPC channel state=TRANSIENT_FAILURE, try reconnect...
2026-01-04 10:01:28 [snail-job-grpc-client-executor-127.0.0.1-276] ERROR c.a.s.c.c.handler.ClientRegister - heartbeat check requestId:[276] message:[UNAVAILABLE: io exception]
2026-01-04 10:01:37 [sj-client-check] WARN  c.a.s.c.c.r.c.g.SnailJobGrpcClient - gRPC channel state=TRANSIENT_FAILURE, try reconnect...
2026-01-04 10:01:38 [snail-job-grpc-client-executor-127.0.0.1-277] ERROR c.a.s.c.c.handler.ClientRegister - heartbeat check requestId:[277] message:[UNAVAILABLE: io exception]
2026-01-04 10:01:47 [sj-client-check] WARN  c.a.s.c.c.r.c.g.SnailJobGrpcClient - gRPC channel state=TRANSIENT_FAILURE, try reconnect...
2026-01-04 10:01:48 [snail-job-grpc-client-executor-127.0.0.1-278] ERROR c.a.s.c.c.handler.ClientRegister - heartbeat check requestId:[278] message:[UNAVAILABLE: io exception]
2026-01-04 10:01:57 [sj-client-check] WARN  c.a.s.c.c.r.c.g.SnailJobGrpcClient - gRPC channel state=TRANSIENT_FAILURE, try reconnect...
2026-01-04 10:01:58 [snail-job-grpc-client-executor-127.0.0.1-279] ERROR c.a.s.c.c.handler.ClientRegister - heartbeat check requestId:[279] message:[UNAVAILABLE: io exception]
2026-01-04 10:02:07 [sj-client-check] WARN  c.a.s.c.c.r.c.g.SnailJobGrpcClient - gRPC channel state=TRANSIENT_FAILURE, try reconnect...
2026-01-04 10:02:08 [snail-job-grpc-client-executor-127.0.0.1-280] ERROR c.a.s.c.c.handler.ClientRegister - heartbeat check requestId:[280] message:[UNAVAILABLE: io exception]
2026-01-04 10:02:17 [sj-client-check] WARN  c.a.s.c.c.r.c.g.SnailJobGrpcClient - gRPC channel state=TRANSIENT_FAILURE, try reconnect...
2026-01-04 10:02:18 [snail-job-grpc-client-executor-127.0.0.1-281] ERROR c.a.s.c.c.handler.ClientRegister - heartbeat check requestId:[281] message:[UNAVAILABLE: io exception]
2026-01-04 10:02:27 [sj-client-check] WARN  c.a.s.c.c.r.c.g.SnailJobGrpcClient - gRPC channel state=TRANSIENT_FAILURE, try reconnect...
2026-01-04 10:02:28 [snail-job-grpc-client-executor-127.0.0.1-283] ERROR c.a.s.c.c.handler.ClientRegister - heartbeat check requestId:[283] message:[UNAVAILABLE: io exception]
2026-01-04 10:02:37 [sj-client-check] WARN  c.a.s.c.c.r.c.g.SnailJobGrpcClient - gRPC channel state=TRANSIENT_FAILURE, try reconnect...
2026-01-04 10:02:38 [snail-job-grpc-client-executor-127.0.0.1-284] ERROR c.a.s.c.c.handler.ClientRegister - heartbeat check requestId:[284] message:[UNAVAILABLE: io exception]
2026-01-04 10:02:47 [sj-client-check] WARN  c.a.s.c.c.r.c.g.SnailJobGrpcClient - gRPC channel state=TRANSIENT_FAILURE, try reconnect...
2026-01-04 10:02:48 [snail-job-grpc-client-executor-127.0.0.1-285] ERROR c.a.s.c.c.handler.ClientRegister - heartbeat check requestId:[285] message:[UNAVAILABLE: io exception]
2026-01-04 10:02:57 [sj-client-check] WARN  c.a.s.c.c.r.c.g.SnailJobGrpcClient - gRPC channel state=TRANSIENT_FAILURE, try reconnect...
2026-01-04 10:02:58 [snail-job-grpc-client-executor-127.0.0.1-286] ERROR c.a.s.c.c.handler.ClientRegister - heartbeat check requestId:[286] message:[UNAVAILABLE: io exception]
2026-01-04 10:03:07 [sj-client-check] WARN  c.a.s.c.c.r.c.g.SnailJobGrpcClient - gRPC channel state=TRANSIENT_FAILURE, try reconnect...
2026-01-04 10:03:08 [snail-job-grpc-client-executor-127.0.0.1-287] ERROR c.a.s.c.c.handler.ClientRegister - heartbeat check requestId:[287] message:[UNAVAILABLE: io exception]
2026-01-04 10:03:17 [sj-client-check] WARN  c.a.s.c.c.r.c.g.SnailJobGrpcClient - gRPC channel state=TRANSIENT_FAILURE, try reconnect...
2026-01-04 10:03:18 [snail-job-grpc-client-executor-127.0.0.1-288] ERROR c.a.s.c.c.handler.ClientRegister - heartbeat check requestId:[289] message:[UNAVAILABLE: io exception]
2026-01-04 10:03:27 [sj-client-check] WARN  c.a.s.c.c.r.c.g.SnailJobGrpcClient - gRPC channel state=TRANSIENT_FAILURE, try reconnect...
2026-01-04 10:03:28 [snail-job-grpc-client-executor-127.0.0.1-290] ERROR c.a.s.c.c.handler.ClientRegister - heartbeat check requestId:[290] message:[UNAVAILABLE: io exception]
2026-01-04 10:03:37 [sj-client-check] WARN  c.a.s.c.c.r.c.g.SnailJobGrpcClient - gRPC channel state=TRANSIENT_FAILURE, try reconnect...
2026-01-04 10:03:38 [snail-job-grpc-client-executor-127.0.0.1-291] ERROR c.a.s.c.c.handler.ClientRegister - heartbeat check requestId:[291] message:[UNAVAILABLE: io exception]
2026-01-04 10:03:47 [sj-client-check] WARN  c.a.s.c.c.r.c.g.SnailJobGrpcClient - gRPC channel state=TRANSIENT_FAILURE, try reconnect...
2026-01-04 10:03:48 [snail-job-grpc-client-executor-127.0.0.1-292] ERROR c.a.s.c.c.handler.ClientRegister - heartbeat check requestId:[292] message:[UNAVAILABLE: io exception]
2026-01-04 10:03:57 [sj-client-check] WARN  c.a.s.c.c.r.c.g.SnailJobGrpcClient - gRPC channel state=TRANSIENT_FAILURE, try reconnect...
2026-01-04 10:03:58 [snail-job-grpc-client-executor-127.0.0.1-293] ERROR c.a.s.c.c.handler.ClientRegister - heartbeat check requestId:[293] message:[UNAVAILABLE: io exception]
2026-01-04 10:04:07 [sj-client-check] WARN  c.a.s.c.c.r.c.g.SnailJobGrpcClient - gRPC channel state=TRANSIENT_FAILURE, try reconnect...
2026-01-04 10:04:08 [snail-job-grpc-client-executor-127.0.0.1-294] ERROR c.a.s.c.c.handler.ClientRegister - heartbeat check requestId:[294] message:[UNAVAILABLE: io exception]
2026-01-04 10:04:17 [sj-client-check] WARN  c.a.s.c.c.r.c.g.SnailJobGrpcClient - gRPC channel state=TRANSIENT_FAILURE, try reconnect...
2026-01-04 10:04:18 [snail-job-grpc-client-executor-127.0.0.1-296] ERROR c.a.s.c.c.handler.ClientRegister - heartbeat check requestId:[296] message:[UNAVAILABLE: io exception]
2026-01-04 10:04:27 [sj-client-check] WARN  c.a.s.c.c.r.c.g.SnailJobGrpcClient - gRPC channel state=TRANSIENT_FAILURE, try reconnect...
2026-01-04 10:04:28 [snail-job-grpc-client-executor-127.0.0.1-297] ERROR c.a.s.c.c.handler.ClientRegister - heartbeat check requestId:[297] message:[UNAVAILABLE: io exception]
2026-01-04 10:04:37 [sj-client-check] WARN  c.a.s.c.c.r.c.g.SnailJobGrpcClient - gRPC channel state=TRANSIENT_FAILURE, try reconnect...
2026-01-04 10:04:38 [snail-job-grpc-client-executor-127.0.0.1-298] ERROR c.a.s.c.c.handler.ClientRegister - heartbeat check requestId:[298] message:[UNAVAILABLE: io exception]
2026-01-04 10:04:47 [sj-client-check] WARN  c.a.s.c.c.r.c.g.SnailJobGrpcClient - gRPC channel state=TRANSIENT_FAILURE, try reconnect...
2026-01-04 10:04:48 [snail-job-grpc-client-executor-127.0.0.1-299] ERROR c.a.s.c.c.handler.ClientRegister - heartbeat check requestId:[299] message:[UNAVAILABLE: io exception]
2026-01-04 10:04:57 [sj-client-check] WARN  c.a.s.c.c.r.c.g.SnailJobGrpcClient - gRPC channel state=TRANSIENT_FAILURE, try reconnect...
2026-01-04 10:04:58 [snail-job-grpc-client-executor-127.0.0.1-300] ERROR c.a.s.c.c.handler.ClientRegister - heartbeat check requestId:[300] message:[UNAVAILABLE: io exception]
2026-01-04 10:05:07 [sj-client-check] WARN  c.a.s.c.c.r.c.g.SnailJobGrpcClient - gRPC channel state=TRANSIENT_FAILURE, try reconnect...
2026-01-04 10:05:08 [snail-job-grpc-client-executor-127.0.0.1-301] ERROR c.a.s.c.c.handler.ClientRegister - heartbeat check requestId:[301] message:[UNAVAILABLE: io exception]
2026-01-04 10:05:17 [sj-client-check] WARN  c.a.s.c.c.r.c.g.SnailJobGrpcClient - gRPC channel state=TRANSIENT_FAILURE, try reconnect...
2026-01-04 10:05:18 [snail-job-grpc-client-executor-127.0.0.1-302] ERROR c.a.s.c.c.handler.ClientRegister - heartbeat check requestId:[302] message:[UNAVAILABLE: io exception]
2026-01-04 10:05:27 [sj-client-check] WARN  c.a.s.c.c.r.c.g.SnailJobGrpcClient - gRPC channel state=TRANSIENT_FAILURE, try reconnect...
2026-01-04 10:05:28 [snail-job-grpc-client-executor-127.0.0.1-304] ERROR c.a.s.c.c.handler.ClientRegister - heartbeat check requestId:[304] message:[UNAVAILABLE: io exception]
2026-01-04 10:05:37 [sj-client-check] WARN  c.a.s.c.c.r.c.g.SnailJobGrpcClient - gRPC channel state=TRANSIENT_FAILURE, try reconnect...
2026-01-04 10:05:38 [snail-job-grpc-client-executor-127.0.0.1-305] ERROR c.a.s.c.c.handler.ClientRegister - heartbeat check requestId:[305] message:[UNAVAILABLE: io exception]
2026-01-04 10:05:47 [sj-client-check] WARN  c.a.s.c.c.r.c.g.SnailJobGrpcClient - gRPC channel state=TRANSIENT_FAILURE, try reconnect...
2026-01-04 10:05:48 [snail-job-grpc-client-executor-127.0.0.1-306] ERROR c.a.s.c.c.handler.ClientRegister - heartbeat check requestId:[306] message:[UNAVAILABLE: io exception]
2026-01-04 10:05:57 [sj-client-check] WARN  c.a.s.c.c.r.c.g.SnailJobGrpcClient - gRPC channel state=TRANSIENT_FAILURE, try reconnect...
2026-01-04 10:05:58 [snail-job-grpc-client-executor-127.0.0.1-307] ERROR c.a.s.c.c.handler.ClientRegister - heartbeat check requestId:[307] message:[UNAVAILABLE: io exception]
2026-01-04 10:06:07 [sj-client-check] WARN  c.a.s.c.c.r.c.g.SnailJobGrpcClient - gRPC channel state=TRANSIENT_FAILURE, try reconnect...
2026-01-04 10:06:08 [snail-job-grpc-client-executor-127.0.0.1-308] ERROR c.a.s.c.c.handler.ClientRegister - heartbeat check requestId:[308] message:[UNAVAILABLE: io exception]
2026-01-04 10:06:17 [sj-client-check] WARN  c.a.s.c.c.r.c.g.SnailJobGrpcClient - gRPC channel state=TRANSIENT_FAILURE, try reconnect...
2026-01-04 10:06:18 [snail-job-grpc-client-executor-127.0.0.1-309] ERROR c.a.s.c.c.handler.ClientRegister - heartbeat check requestId:[309] message:[UNAVAILABLE: io exception]
2026-01-04 10:06:27 [sj-client-check] WARN  c.a.s.c.c.r.c.g.SnailJobGrpcClient - gRPC channel state=TRANSIENT_FAILURE, try reconnect...
2026-01-04 10:06:28 [snail-job-grpc-client-executor-127.0.0.1-311] ERROR c.a.s.c.c.handler.ClientRegister - heartbeat check requestId:[311] message:[UNAVAILABLE: io exception]
2026-01-04 10:06:37 [sj-client-check] WARN  c.a.s.c.c.r.c.g.SnailJobGrpcClient - gRPC channel state=TRANSIENT_FAILURE, try reconnect...
2026-01-04 10:06:38 [snail-job-grpc-client-executor-127.0.0.1-312] ERROR c.a.s.c.c.handler.ClientRegister - heartbeat check requestId:[312] message:[UNAVAILABLE: io exception]
2026-01-04 10:06:47 [sj-client-check] WARN  c.a.s.c.c.r.c.g.SnailJobGrpcClient - gRPC channel state=TRANSIENT_FAILURE, try reconnect...
2026-01-04 10:06:48 [snail-job-grpc-client-executor-127.0.0.1-313] ERROR c.a.s.c.c.handler.ClientRegister - heartbeat check requestId:[313] message:[UNAVAILABLE: io exception]
2026-01-04 10:06:57 [sj-client-check] WARN  c.a.s.c.c.r.c.g.SnailJobGrpcClient - gRPC channel state=TRANSIENT_FAILURE, try reconnect...
2026-01-04 10:06:58 [snail-job-grpc-client-executor-127.0.0.1-314] ERROR c.a.s.c.c.handler.ClientRegister - heartbeat check requestId:[314] message:[UNAVAILABLE: io exception]
2026-01-04 10:07:07 [sj-client-check] WARN  c.a.s.c.c.r.c.g.SnailJobGrpcClient - gRPC channel state=TRANSIENT_FAILURE, try reconnect...
2026-01-04 10:07:08 [snail-job-grpc-client-executor-127.0.0.1-315] ERROR c.a.s.c.c.handler.ClientRegister - heartbeat check requestId:[315] message:[UNAVAILABLE: io exception]
2026-01-04 10:07:17 [sj-client-check] WARN  c.a.s.c.c.r.c.g.SnailJobGrpcClient - gRPC channel state=TRANSIENT_FAILURE, try reconnect...
2026-01-04 10:07:18 [snail-job-grpc-client-executor-127.0.0.1-316] ERROR c.a.s.c.c.handler.ClientRegister - heartbeat check requestId:[316] message:[UNAVAILABLE: io exception]
2026-01-04 10:07:27 [sj-client-check] WARN  c.a.s.c.c.r.c.g.SnailJobGrpcClient - gRPC channel state=TRANSIENT_FAILURE, try reconnect...
2026-01-04 10:07:28 [snail-job-grpc-client-executor-127.0.0.1-318] ERROR c.a.s.c.c.handler.ClientRegister - heartbeat check requestId:[318] message:[UNAVAILABLE: io exception]
2026-01-04 10:07:37 [sj-client-check] WARN  c.a.s.c.c.r.c.g.SnailJobGrpcClient - gRPC channel state=TRANSIENT_FAILURE, try reconnect...
2026-01-04 10:07:38 [snail-job-grpc-client-executor-127.0.0.1-319] ERROR c.a.s.c.c.handler.ClientRegister - heartbeat check requestId:[319] message:[UNAVAILABLE: io exception]
2026-01-04 10:07:47 [sj-client-check] WARN  c.a.s.c.c.r.c.g.SnailJobGrpcClient - gRPC channel state=TRANSIENT_FAILURE, try reconnect...
2026-01-04 10:07:48 [snail-job-grpc-client-executor-127.0.0.1-320] ERROR c.a.s.c.c.handler.ClientRegister - heartbeat check requestId:[320] message:[UNAVAILABLE: io exception]
2026-01-04 10:07:57 [sj-client-check] WARN  c.a.s.c.c.r.c.g.SnailJobGrpcClient - gRPC channel state=TRANSIENT_FAILURE, try reconnect...
2026-01-04 10:07:58 [snail-job-grpc-client-executor-127.0.0.1-321] ERROR c.a.s.c.c.handler.ClientRegister - heartbeat check requestId:[321] message:[UNAVAILABLE: io exception]
2026-01-04 10:08:07 [sj-client-check] WARN  c.a.s.c.c.r.c.g.SnailJobGrpcClient - gRPC channel state=TRANSIENT_FAILURE, try reconnect...
2026-01-04 10:08:08 [snail-job-grpc-client-executor-127.0.0.1-322] ERROR c.a.s.c.c.handler.ClientRegister - heartbeat check requestId:[322] message:[UNAVAILABLE: io exception]
2026-01-04 10:08:17 [sj-client-check] WARN  c.a.s.c.c.r.c.g.SnailJobGrpcClient - gRPC channel state=TRANSIENT_FAILURE, try reconnect...
2026-01-04 10:08:18 [snail-job-grpc-client-executor-127.0.0.1-323] ERROR c.a.s.c.c.handler.ClientRegister - heartbeat check requestId:[324] message:[UNAVAILABLE: io exception]
2026-01-04 10:08:27 [sj-client-check] WARN  c.a.s.c.c.r.c.g.SnailJobGrpcClient - gRPC channel state=TRANSIENT_FAILURE, try reconnect...
2026-01-04 10:08:28 [snail-job-grpc-client-executor-127.0.0.1-325] ERROR c.a.s.c.c.handler.ClientRegister - heartbeat check requestId:[325] message:[UNAVAILABLE: io exception]
2026-01-04 10:08:37 [sj-client-check] WARN  c.a.s.c.c.r.c.g.SnailJobGrpcClient - gRPC channel state=TRANSIENT_FAILURE, try reconnect...
2026-01-04 10:08:38 [snail-job-grpc-client-executor-127.0.0.1-326] ERROR c.a.s.c.c.handler.ClientRegister - heartbeat check requestId:[326] message:[UNAVAILABLE: io exception]
2026-01-04 10:08:47 [sj-client-check] WARN  c.a.s.c.c.r.c.g.SnailJobGrpcClient - gRPC channel state=TRANSIENT_FAILURE, try reconnect...
2026-01-04 10:08:48 [snail-job-grpc-client-executor-127.0.0.1-327] ERROR c.a.s.c.c.handler.ClientRegister - heartbeat check requestId:[327] message:[UNAVAILABLE: io exception]
2026-01-04 10:08:57 [sj-client-check] WARN  c.a.s.c.c.r.c.g.SnailJobGrpcClient - gRPC channel state=TRANSIENT_FAILURE, try reconnect...
2026-01-04 10:08:58 [snail-job-grpc-client-executor-127.0.0.1-328] ERROR c.a.s.c.c.handler.ClientRegister - heartbeat check requestId:[328] message:[UNAVAILABLE: io exception]
2026-01-04 10:09:07 [sj-client-check] WARN  c.a.s.c.c.r.c.g.SnailJobGrpcClient - gRPC channel state=TRANSIENT_FAILURE, try reconnect...
2026-01-04 10:09:08 [snail-job-grpc-client-executor-127.0.0.1-329] ERROR c.a.s.c.c.handler.ClientRegister - heartbeat check requestId:[329] message:[UNAVAILABLE: io exception]
2026-01-04 10:09:17 [sj-client-check] WARN  c.a.s.c.c.r.c.g.SnailJobGrpcClient - gRPC channel state=TRANSIENT_FAILURE, try reconnect...
2026-01-04 10:09:18 [snail-job-grpc-client-executor-127.0.0.1-330] ERROR c.a.s.c.c.handler.ClientRegister - heartbeat check requestId:[330] message:[UNAVAILABLE: io exception]
2026-01-04 10:09:27 [sj-client-check] WARN  c.a.s.c.c.r.c.g.SnailJobGrpcClient - gRPC channel state=TRANSIENT_FAILURE, try reconnect...
2026-01-04 10:09:28 [snail-job-grpc-client-executor-127.0.0.1-332] ERROR c.a.s.c.c.handler.ClientRegister - heartbeat check requestId:[332] message:[UNAVAILABLE: io exception]
2026-01-04 10:09:37 [sj-client-check] WARN  c.a.s.c.c.r.c.g.SnailJobGrpcClient - gRPC channel state=TRANSIENT_FAILURE, try reconnect...
2026-01-04 10:09:38 [snail-job-grpc-client-executor-127.0.0.1-333] ERROR c.a.s.c.c.handler.ClientRegister - heartbeat check requestId:[333] message:[UNAVAILABLE: io exception]
2026-01-04 10:09:47 [sj-client-check] WARN  c.a.s.c.c.r.c.g.SnailJobGrpcClient - gRPC channel state=TRANSIENT_FAILURE, try reconnect...
2026-01-04 10:09:48 [snail-job-grpc-client-executor-127.0.0.1-334] ERROR c.a.s.c.c.handler.ClientRegister - heartbeat check requestId:[334] message:[UNAVAILABLE: io exception]
2026-01-04 10:09:57 [sj-client-check] WARN  c.a.s.c.c.r.c.g.SnailJobGrpcClient - gRPC channel state=TRANSIENT_FAILURE, try reconnect...
2026-01-04 10:09:58 [snail-job-grpc-client-executor-127.0.0.1-335] ERROR c.a.s.c.c.handler.ClientRegister - heartbeat check requestId:[335] message:[UNAVAILABLE: io exception]
2026-01-04 10:10:07 [sj-client-check] WARN  c.a.s.c.c.r.c.g.SnailJobGrpcClient - gRPC channel state=TRANSIENT_FAILURE, try reconnect...
2026-01-04 10:10:08 [snail-job-grpc-client-executor-127.0.0.1-336] ERROR c.a.s.c.c.handler.ClientRegister - heartbeat check requestId:[336] message:[UNAVAILABLE: io exception]
2026-01-04 10:10:17 [sj-client-check] WARN  c.a.s.c.c.r.c.g.SnailJobGrpcClient - gRPC channel state=TRANSIENT_FAILURE, try reconnect...
2026-01-04 10:10:18 [snail-job-grpc-client-executor-127.0.0.1-338] ERROR c.a.s.c.c.handler.ClientRegister - heartbeat check requestId:[338] message:[UNAVAILABLE: io exception]
2026-01-04 10:10:27 [sj-client-check] WARN  c.a.s.c.c.r.c.g.SnailJobGrpcClient - gRPC channel state=TRANSIENT_FAILURE, try reconnect...
2026-01-04 10:10:28 [snail-job-grpc-client-executor-127.0.0.1-339] ERROR c.a.s.c.c.handler.ClientRegister - heartbeat check requestId:[339] message:[UNAVAILABLE: io exception]
2026-01-04 10:10:37 [sj-client-check] WARN  c.a.s.c.c.r.c.g.SnailJobGrpcClient - gRPC channel state=TRANSIENT_FAILURE, try reconnect...
2026-01-04 10:10:38 [snail-job-grpc-client-executor-127.0.0.1-340] ERROR c.a.s.c.c.handler.ClientRegister - heartbeat check requestId:[340] message:[UNAVAILABLE: io exception]
2026-01-04 10:10:47 [sj-client-check] WARN  c.a.s.c.c.r.c.g.SnailJobGrpcClient - gRPC channel state=TRANSIENT_FAILURE, try reconnect...
2026-01-04 10:10:48 [snail-job-grpc-client-executor-127.0.0.1-341] ERROR c.a.s.c.c.handler.ClientRegister - heartbeat check requestId:[341] message:[UNAVAILABLE: io exception]
2026-01-04 10:10:57 [sj-client-check] WARN  c.a.s.c.c.r.c.g.SnailJobGrpcClient - gRPC channel state=TRANSIENT_FAILURE, try reconnect...
2026-01-04 10:10:58 [snail-job-grpc-client-executor-127.0.0.1-342] ERROR c.a.s.c.c.handler.ClientRegister - heartbeat check requestId:[342] message:[UNAVAILABLE: io exception]
2026-01-04 10:11:07 [sj-client-check] WARN  c.a.s.c.c.r.c.g.SnailJobGrpcClient - gRPC channel state=TRANSIENT_FAILURE, try reconnect...
2026-01-04 10:11:08 [snail-job-grpc-client-executor-127.0.0.1-343] ERROR c.a.s.c.c.handler.ClientRegister - heartbeat check requestId:[343] message:[UNAVAILABLE: io exception]
2026-01-04 10:11:17 [sj-client-check] WARN  c.a.s.c.c.r.c.g.SnailJobGrpcClient - gRPC channel state=TRANSIENT_FAILURE, try reconnect...
2026-01-04 10:11:18 [snail-job-grpc-client-executor-127.0.0.1-345] ERROR c.a.s.c.c.handler.ClientRegister - heartbeat check requestId:[344] message:[UNAVAILABLE: io exception]
2026-01-04 10:11:27 [sj-client-check] WARN  c.a.s.c.c.r.c.g.SnailJobGrpcClient - gRPC channel state=TRANSIENT_FAILURE, try reconnect...
2026-01-04 10:11:28 [snail-job-grpc-client-executor-127.0.0.1-346] ERROR c.a.s.c.c.handler.ClientRegister - heartbeat check requestId:[346] message:[UNAVAILABLE: io exception]
2026-01-04 10:11:37 [sj-client-check] WARN  c.a.s.c.c.r.c.g.SnailJobGrpcClient - gRPC channel state=TRANSIENT_FAILURE, try reconnect...
2026-01-04 10:11:38 [snail-job-grpc-client-executor-127.0.0.1-347] ERROR c.a.s.c.c.handler.ClientRegister - heartbeat check requestId:[347] message:[UNAVAILABLE: io exception]
2026-01-04 10:11:47 [sj-client-check] WARN  c.a.s.c.c.r.c.g.SnailJobGrpcClient - gRPC channel state=TRANSIENT_FAILURE, try reconnect...
2026-01-04 10:11:48 [snail-job-grpc-client-executor-127.0.0.1-348] ERROR c.a.s.c.c.handler.ClientRegister - heartbeat check requestId:[348] message:[UNAVAILABLE: io exception]
2026-01-04 10:11:57 [sj-client-check] WARN  c.a.s.c.c.r.c.g.SnailJobGrpcClient - gRPC channel state=TRANSIENT_FAILURE, try reconnect...
2026-01-04 10:11:58 [snail-job-grpc-client-executor-127.0.0.1-349] ERROR c.a.s.c.c.handler.ClientRegister - heartbeat check requestId:[349] message:[UNAVAILABLE: io exception]
2026-01-04 10:12:07 [sj-client-check] WARN  c.a.s.c.c.r.c.g.SnailJobGrpcClient - gRPC channel state=TRANSIENT_FAILURE, try reconnect...
2026-01-04 10:12:08 [snail-job-grpc-client-executor-127.0.0.1-350] ERROR c.a.s.c.c.handler.ClientRegister - heartbeat check requestId:[350] message:[UNAVAILABLE: io exception]
2026-01-04 10:12:17 [sj-client-check] WARN  c.a.s.c.c.r.c.g.SnailJobGrpcClient - gRPC channel state=TRANSIENT_FAILURE, try reconnect...
2026-01-04 10:12:18 [snail-job-grpc-client-executor-127.0.0.1-351] ERROR c.a.s.c.c.handler.ClientRegister - heartbeat check requestId:[352] message:[UNAVAILABLE: io exception]
2026-01-04 10:12:27 [sj-client-check] WARN  c.a.s.c.c.r.c.g.SnailJobGrpcClient - gRPC channel state=TRANSIENT_FAILURE, try reconnect...
2026-01-04 10:12:28 [snail-job-grpc-client-executor-127.0.0.1-353] ERROR c.a.s.c.c.handler.ClientRegister - heartbeat check requestId:[353] message:[UNAVAILABLE: io exception]
2026-01-04 10:12:37 [sj-client-check] WARN  c.a.s.c.c.r.c.g.SnailJobGrpcClient - gRPC channel state=TRANSIENT_FAILURE, try reconnect...
2026-01-04 10:12:38 [snail-job-grpc-client-executor-127.0.0.1-354] ERROR c.a.s.c.c.handler.ClientRegister - heartbeat check requestId:[354] message:[UNAVAILABLE: io exception]
2026-01-04 10:12:47 [sj-client-check] WARN  c.a.s.c.c.r.c.g.SnailJobGrpcClient - gRPC channel state=TRANSIENT_FAILURE, try reconnect...
2026-01-04 10:12:48 [snail-job-grpc-client-executor-127.0.0.1-355] ERROR c.a.s.c.c.handler.ClientRegister - heartbeat check requestId:[355] message:[UNAVAILABLE: io exception]
2026-01-04 10:12:57 [sj-client-check] WARN  c.a.s.c.c.r.c.g.SnailJobGrpcClient - gRPC channel state=TRANSIENT_FAILURE, try reconnect...
2026-01-04 10:12:58 [snail-job-grpc-client-executor-127.0.0.1-356] ERROR c.a.s.c.c.handler.ClientRegister - heartbeat check requestId:[356] message:[UNAVAILABLE: io exception]
2026-01-04 10:13:07 [sj-client-check] WARN  c.a.s.c.c.r.c.g.SnailJobGrpcClient - gRPC channel state=TRANSIENT_FAILURE, try reconnect...
2026-01-04 10:13:08 [snail-job-grpc-client-executor-127.0.0.1-357] ERROR c.a.s.c.c.handler.ClientRegister - heartbeat check requestId:[357] message:[UNAVAILABLE: io exception]
2026-01-04 10:13:17 [sj-client-check] WARN  c.a.s.c.c.r.c.g.SnailJobGrpcClient - gRPC channel state=TRANSIENT_FAILURE, try reconnect...
2026-01-04 10:13:18 [snail-job-grpc-client-executor-127.0.0.1-359] ERROR c.a.s.c.c.handler.ClientRegister - heartbeat check requestId:[358] message:[UNAVAILABLE: io exception]
2026-01-04 10:13:27 [sj-client-check] WARN  c.a.s.c.c.r.c.g.SnailJobGrpcClient - gRPC channel state=TRANSIENT_FAILURE, try reconnect...
2026-01-04 10:13:28 [snail-job-grpc-client-executor-127.0.0.1-360] ERROR c.a.s.c.c.handler.ClientRegister - heartbeat check requestId:[360] message:[UNAVAILABLE: io exception]
2026-01-04 10:13:37 [sj-client-check] WARN  c.a.s.c.c.r.c.g.SnailJobGrpcClient - gRPC channel state=TRANSIENT_FAILURE, try reconnect...
2026-01-04 10:13:38 [snail-job-grpc-client-executor-127.0.0.1-361] ERROR c.a.s.c.c.handler.ClientRegister - heartbeat check requestId:[361] message:[UNAVAILABLE: io exception]
2026-01-04 10:13:47 [sj-client-check] WARN  c.a.s.c.c.r.c.g.SnailJobGrpcClient - gRPC channel state=TRANSIENT_FAILURE, try reconnect...
2026-01-04 10:13:48 [snail-job-grpc-client-executor-127.0.0.1-362] ERROR c.a.s.c.c.handler.ClientRegister - heartbeat check requestId:[362] message:[UNAVAILABLE: io exception]
2026-01-04 10:13:57 [sj-client-check] WARN  c.a.s.c.c.r.c.g.SnailJobGrpcClient - gRPC channel state=TRANSIENT_FAILURE, try reconnect...
2026-01-04 10:13:58 [snail-job-grpc-client-executor-127.0.0.1-363] ERROR c.a.s.c.c.handler.ClientRegister - heartbeat check requestId:[363] message:[UNAVAILABLE: io exception]
2026-01-04 10:14:07 [sj-client-check] WARN  c.a.s.c.c.r.c.g.SnailJobGrpcClient - gRPC channel state=TRANSIENT_FAILURE, try reconnect...
2026-01-04 10:14:08 [snail-job-grpc-client-executor-127.0.0.1-364] ERROR c.a.s.c.c.handler.ClientRegister - heartbeat check requestId:[364] message:[UNAVAILABLE: io exception]
2026-01-04 10:14:17 [sj-client-check] WARN  c.a.s.c.c.r.c.g.SnailJobGrpcClient - gRPC channel state=TRANSIENT_FAILURE, try reconnect...
2026-01-04 10:14:18 [snail-job-grpc-client-executor-127.0.0.1-365] ERROR c.a.s.c.c.handler.ClientRegister - heartbeat check requestId:[366] message:[UNAVAILABLE: io exception]
2026-01-04 10:14:27 [sj-client-check] WARN  c.a.s.c.c.r.c.g.SnailJobGrpcClient - gRPC channel state=TRANSIENT_FAILURE, try reconnect...
2026-01-04 10:14:28 [snail-job-grpc-client-executor-127.0.0.1-367] ERROR c.a.s.c.c.handler.ClientRegister - heartbeat check requestId:[367] message:[UNAVAILABLE: io exception]
2026-01-04 10:14:37 [sj-client-check] WARN  c.a.s.c.c.r.c.g.SnailJobGrpcClient - gRPC channel state=TRANSIENT_FAILURE, try reconnect...
2026-01-04 10:14:38 [snail-job-grpc-client-executor-127.0.0.1-368] ERROR c.a.s.c.c.handler.ClientRegister - heartbeat check requestId:[368] message:[UNAVAILABLE: io exception]
2026-01-04 10:14:47 [sj-client-check] WARN  c.a.s.c.c.r.c.g.SnailJobGrpcClient - gRPC channel state=TRANSIENT_FAILURE, try reconnect...
2026-01-04 10:14:48 [snail-job-grpc-client-executor-127.0.0.1-369] ERROR c.a.s.c.c.handler.ClientRegister - heartbeat check requestId:[369] message:[UNAVAILABLE: io exception]
2026-01-04 10:14:57 [sj-client-check] WARN  c.a.s.c.c.r.c.g.SnailJobGrpcClient - gRPC channel state=TRANSIENT_FAILURE, try reconnect...
2026-01-04 10:14:58 [snail-job-grpc-client-executor-127.0.0.1-370] ERROR c.a.s.c.c.handler.ClientRegister - heartbeat check requestId:[370] message:[UNAVAILABLE: io exception]
2026-01-04 10:15:07 [sj-client-check] WARN  c.a.s.c.c.r.c.g.SnailJobGrpcClient - gRPC channel state=TRANSIENT_FAILURE, try reconnect...
2026-01-04 10:15:08 [snail-job-grpc-client-executor-127.0.0.1-371] ERROR c.a.s.c.c.handler.ClientRegister - heartbeat check requestId:[371] message:[UNAVAILABLE: io exception]
2026-01-04 10:15:17 [sj-client-check] WARN  c.a.s.c.c.r.c.g.SnailJobGrpcClient - gRPC channel state=TRANSIENT_FAILURE, try reconnect...
2026-01-04 10:15:18 [snail-job-grpc-client-executor-127.0.0.1-373] ERROR c.a.s.c.c.handler.ClientRegister - heartbeat check requestId:[372] message:[UNAVAILABLE: io exception]
2026-01-04 10:15:27 [sj-client-check] WARN  c.a.s.c.c.r.c.g.SnailJobGrpcClient - gRPC channel state=TRANSIENT_FAILURE, try reconnect...
2026-01-04 10:15:28 [snail-job-grpc-client-executor-127.0.0.1-374] ERROR c.a.s.c.c.handler.ClientRegister - heartbeat check requestId:[374] message:[UNAVAILABLE: io exception]
2026-01-04 10:15:37 [sj-client-check] WARN  c.a.s.c.c.r.c.g.SnailJobGrpcClient - gRPC channel state=TRANSIENT_FAILURE, try reconnect...
2026-01-04 10:15:38 [snail-job-grpc-client-executor-127.0.0.1-375] ERROR c.a.s.c.c.handler.ClientRegister - heartbeat check requestId:[375] message:[UNAVAILABLE: io exception]
2026-01-04 10:15:47 [sj-client-check] WARN  c.a.s.c.c.r.c.g.SnailJobGrpcClient - gRPC channel state=TRANSIENT_FAILURE, try reconnect...
2026-01-04 10:15:48 [snail-job-grpc-client-executor-127.0.0.1-376] ERROR c.a.s.c.c.handler.ClientRegister - heartbeat check requestId:[376] message:[UNAVAILABLE: io exception]
2026-01-04 10:15:57 [sj-client-check] WARN  c.a.s.c.c.r.c.g.SnailJobGrpcClient - gRPC channel state=TRANSIENT_FAILURE, try reconnect...
2026-01-04 10:15:58 [snail-job-grpc-client-executor-127.0.0.1-377] ERROR c.a.s.c.c.handler.ClientRegister - heartbeat check requestId:[377] message:[UNAVAILABLE: io exception]
2026-01-04 10:16:07 [sj-client-check] WARN  c.a.s.c.c.r.c.g.SnailJobGrpcClient - gRPC channel state=TRANSIENT_FAILURE, try reconnect...
2026-01-04 10:16:08 [snail-job-grpc-client-executor-127.0.0.1-378] ERROR c.a.s.c.c.handler.ClientRegister - heartbeat check requestId:[378] message:[UNAVAILABLE: io exception]
2026-01-04 10:16:17 [sj-client-check] WARN  c.a.s.c.c.r.c.g.SnailJobGrpcClient - gRPC channel state=TRANSIENT_FAILURE, try reconnect...
2026-01-04 10:16:18 [snail-job-grpc-client-executor-127.0.0.1-380] ERROR c.a.s.c.c.handler.ClientRegister - heartbeat check requestId:[380] message:[UNAVAILABLE: io exception]
2026-01-04 10:16:27 [sj-client-check] WARN  c.a.s.c.c.r.c.g.SnailJobGrpcClient - gRPC channel state=TRANSIENT_FAILURE, try reconnect...
2026-01-04 10:16:28 [snail-job-grpc-client-executor-127.0.0.1-381] ERROR c.a.s.c.c.handler.ClientRegister - heartbeat check requestId:[381] message:[UNAVAILABLE: io exception]
2026-01-04 10:16:37 [sj-client-check] WARN  c.a.s.c.c.r.c.g.SnailJobGrpcClient - gRPC channel state=TRANSIENT_FAILURE, try reconnect...
2026-01-04 10:16:38 [snail-job-grpc-client-executor-127.0.0.1-382] ERROR c.a.s.c.c.handler.ClientRegister - heartbeat check requestId:[382] message:[UNAVAILABLE: io exception]
2026-01-04 10:16:47 [sj-client-check] WARN  c.a.s.c.c.r.c.g.SnailJobGrpcClient - gRPC channel state=TRANSIENT_FAILURE, try reconnect...
2026-01-04 10:16:48 [snail-job-grpc-client-executor-127.0.0.1-383] ERROR c.a.s.c.c.handler.ClientRegister - heartbeat check requestId:[383] message:[UNAVAILABLE: io exception]
2026-01-04 10:16:57 [sj-client-check] WARN  c.a.s.c.c.r.c.g.SnailJobGrpcClient - gRPC channel state=TRANSIENT_FAILURE, try reconnect...
2026-01-04 10:16:58 [snail-job-grpc-client-executor-127.0.0.1-384] ERROR c.a.s.c.c.handler.ClientRegister - heartbeat check requestId:[384] message:[UNAVAILABLE: io exception]
2026-01-04 10:17:07 [sj-client-check] WARN  c.a.s.c.c.r.c.g.SnailJobGrpcClient - gRPC channel state=TRANSIENT_FAILURE, try reconnect...
2026-01-04 10:17:08 [snail-job-grpc-client-executor-127.0.0.1-385] ERROR c.a.s.c.c.handler.ClientRegister - heartbeat check requestId:[385] message:[UNAVAILABLE: io exception]
2026-01-04 10:17:17 [sj-client-check] WARN  c.a.s.c.c.r.c.g.SnailJobGrpcClient - gRPC channel state=TRANSIENT_FAILURE, try reconnect...
2026-01-04 10:17:18 [snail-job-grpc-client-executor-127.0.0.1-386] ERROR c.a.s.c.c.handler.ClientRegister - heartbeat check requestId:[386] message:[UNAVAILABLE: io exception]
2026-01-04 10:17:27 [sj-client-check] WARN  c.a.s.c.c.r.c.g.SnailJobGrpcClient - gRPC channel state=TRANSIENT_FAILURE, try reconnect...
2026-01-04 10:17:28 [snail-job-grpc-client-executor-127.0.0.1-388] ERROR c.a.s.c.c.handler.ClientRegister - heartbeat check requestId:[388] message:[UNAVAILABLE: io exception]
2026-01-04 10:17:37 [sj-client-check] WARN  c.a.s.c.c.r.c.g.SnailJobGrpcClient - gRPC channel state=TRANSIENT_FAILURE, try reconnect...
2026-01-04 10:17:38 [snail-job-grpc-client-executor-127.0.0.1-389] ERROR c.a.s.c.c.handler.ClientRegister - heartbeat check requestId:[389] message:[UNAVAILABLE: io exception]
2026-01-04 10:17:47 [sj-client-check] WARN  c.a.s.c.c.r.c.g.SnailJobGrpcClient - gRPC channel state=TRANSIENT_FAILURE, try reconnect...
2026-01-04 10:17:48 [snail-job-grpc-client-executor-127.0.0.1-390] ERROR c.a.s.c.c.handler.ClientRegister - heartbeat check requestId:[390] message:[UNAVAILABLE: io exception]
2026-01-04 10:17:57 [sj-client-check] WARN  c.a.s.c.c.r.c.g.SnailJobGrpcClient - gRPC channel state=TRANSIENT_FAILURE, try reconnect...
2026-01-04 10:17:58 [snail-job-grpc-client-executor-127.0.0.1-391] ERROR c.a.s.c.c.handler.ClientRegister - heartbeat check requestId:[391] message:[UNAVAILABLE: io exception]
2026-01-04 10:18:07 [sj-client-check] WARN  c.a.s.c.c.r.c.g.SnailJobGrpcClient - gRPC channel state=TRANSIENT_FAILURE, try reconnect...
2026-01-04 10:18:08 [snail-job-grpc-client-executor-127.0.0.1-392] ERROR c.a.s.c.c.handler.ClientRegister - heartbeat check requestId:[392] message:[UNAVAILABLE: io exception]
2026-01-04 10:18:17 [sj-client-check] WARN  c.a.s.c.c.r.c.g.SnailJobGrpcClient - gRPC channel state=TRANSIENT_FAILURE, try reconnect...
2026-01-04 10:18:18 [snail-job-grpc-client-executor-127.0.0.1-393] ERROR c.a.s.c.c.handler.ClientRegister - heartbeat check requestId:[394] message:[UNAVAILABLE: io exception]
2026-01-04 10:18:27 [sj-client-check] WARN  c.a.s.c.c.r.c.g.SnailJobGrpcClient - gRPC channel state=TRANSIENT_FAILURE, try reconnect...
2026-01-04 10:18:28 [snail-job-grpc-client-executor-127.0.0.1-395] ERROR c.a.s.c.c.handler.ClientRegister - heartbeat check requestId:[395] message:[UNAVAILABLE: io exception]
2026-01-04 10:18:37 [sj-client-check] WARN  c.a.s.c.c.r.c.g.SnailJobGrpcClient - gRPC channel state=TRANSIENT_FAILURE, try reconnect...
2026-01-04 10:18:38 [snail-job-grpc-client-executor-127.0.0.1-396] ERROR c.a.s.c.c.handler.ClientRegister - heartbeat check requestId:[396] message:[UNAVAILABLE: io exception]
2026-01-04 10:18:47 [sj-client-check] WARN  c.a.s.c.c.r.c.g.SnailJobGrpcClient - gRPC channel state=TRANSIENT_FAILURE, try reconnect...
2026-01-04 10:18:48 [snail-job-grpc-client-executor-127.0.0.1-397] ERROR c.a.s.c.c.handler.ClientRegister - heartbeat check requestId:[397] message:[UNAVAILABLE: io exception]
2026-01-04 10:18:57 [sj-client-check] WARN  c.a.s.c.c.r.c.g.SnailJobGrpcClient - gRPC channel state=TRANSIENT_FAILURE, try reconnect...
2026-01-04 10:18:58 [snail-job-grpc-client-executor-127.0.0.1-398] ERROR c.a.s.c.c.handler.ClientRegister - heartbeat check requestId:[398] message:[UNAVAILABLE: io exception]
2026-01-04 10:19:07 [sj-client-check] WARN  c.a.s.c.c.r.c.g.SnailJobGrpcClient - gRPC channel state=TRANSIENT_FAILURE, try reconnect...
2026-01-04 10:19:08 [snail-job-grpc-client-executor-127.0.0.1-399] ERROR c.a.s.c.c.handler.ClientRegister - heartbeat check requestId:[399] message:[UNAVAILABLE: io exception]
2026-01-04 10:19:17 [sj-client-check] WARN  c.a.s.c.c.r.c.g.SnailJobGrpcClient - gRPC channel state=TRANSIENT_FAILURE, try reconnect...
2026-01-04 10:19:18 [snail-job-grpc-client-executor-127.0.0.1-401] ERROR c.a.s.c.c.handler.ClientRegister - heartbeat check requestId:[401] message:[UNAVAILABLE: io exception]
2026-01-04 10:19:27 [sj-client-check] WARN  c.a.s.c.c.r.c.g.SnailJobGrpcClient - gRPC channel state=TRANSIENT_FAILURE, try reconnect...
2026-01-04 10:19:28 [snail-job-grpc-client-executor-127.0.0.1-402] ERROR c.a.s.c.c.handler.ClientRegister - heartbeat check requestId:[402] message:[UNAVAILABLE: io exception]
2026-01-04 10:19:37 [sj-client-check] WARN  c.a.s.c.c.r.c.g.SnailJobGrpcClient - gRPC channel state=TRANSIENT_FAILURE, try reconnect...
2026-01-04 10:19:38 [snail-job-grpc-client-executor-127.0.0.1-403] ERROR c.a.s.c.c.handler.ClientRegister - heartbeat check requestId:[403] message:[UNAVAILABLE: io exception]
2026-01-04 10:19:47 [sj-client-check] WARN  c.a.s.c.c.r.c.g.SnailJobGrpcClient - gRPC channel state=TRANSIENT_FAILURE, try reconnect...
2026-01-04 10:19:48 [snail-job-grpc-client-executor-127.0.0.1-404] ERROR c.a.s.c.c.handler.ClientRegister - heartbeat check requestId:[404] message:[UNAVAILABLE: io exception]
2026-01-04 10:19:57 [sj-client-check] WARN  c.a.s.c.c.r.c.g.SnailJobGrpcClient - gRPC channel state=TRANSIENT_FAILURE, try reconnect...
2026-01-04 10:19:58 [snail-job-grpc-client-executor-127.0.0.1-405] ERROR c.a.s.c.c.handler.ClientRegister - heartbeat check requestId:[405] message:[UNAVAILABLE: io exception]
2026-01-04 10:20:07 [sj-client-check] WARN  c.a.s.c.c.r.c.g.SnailJobGrpcClient - gRPC channel state=TRANSIENT_FAILURE, try reconnect...
2026-01-04 10:20:08 [snail-job-grpc-client-executor-127.0.0.1-406] ERROR c.a.s.c.c.handler.ClientRegister - heartbeat check requestId:[406] message:[UNAVAILABLE: io exception]
2026-01-04 10:20:17 [sj-client-check] WARN  c.a.s.c.c.r.c.g.SnailJobGrpcClient - gRPC channel state=TRANSIENT_FAILURE, try reconnect...
2026-01-04 10:20:18 [snail-job-grpc-client-executor-127.0.0.1-407] ERROR c.a.s.c.c.handler.ClientRegister - heartbeat check requestId:[408] message:[UNAVAILABLE: io exception]
2026-01-04 10:20:27 [sj-client-check] WARN  c.a.s.c.c.r.c.g.SnailJobGrpcClient - gRPC channel state=TRANSIENT_FAILURE, try reconnect...
2026-01-04 10:20:28 [snail-job-grpc-client-executor-127.0.0.1-409] ERROR c.a.s.c.c.handler.ClientRegister - heartbeat check requestId:[409] message:[UNAVAILABLE: io exception]
2026-01-04 10:20:37 [sj-client-check] WARN  c.a.s.c.c.r.c.g.SnailJobGrpcClient - gRPC channel state=TRANSIENT_FAILURE, try reconnect...
2026-01-04 10:20:38 [snail-job-grpc-client-executor-127.0.0.1-410] ERROR c.a.s.c.c.handler.ClientRegister - heartbeat check requestId:[410] message:[UNAVAILABLE: io exception]
2026-01-04 10:20:47 [sj-client-check] WARN  c.a.s.c.c.r.c.g.SnailJobGrpcClient - gRPC channel state=TRANSIENT_FAILURE, try reconnect...
2026-01-04 10:20:48 [snail-job-grpc-client-executor-127.0.0.1-411] ERROR c.a.s.c.c.handler.ClientRegister - heartbeat check requestId:[411] message:[UNAVAILABLE: io exception]
2026-01-04 10:20:57 [sj-client-check] WARN  c.a.s.c.c.r.c.g.SnailJobGrpcClient - gRPC channel state=TRANSIENT_FAILURE, try reconnect...
2026-01-04 10:20:58 [snail-job-grpc-client-executor-127.0.0.1-412] ERROR c.a.s.c.c.handler.ClientRegister - heartbeat check requestId:[412] message:[UNAVAILABLE: io exception]
2026-01-04 10:21:07 [sj-client-check] WARN  c.a.s.c.c.r.c.g.SnailJobGrpcClient - gRPC channel state=TRANSIENT_FAILURE, try reconnect...
2026-01-04 10:21:08 [snail-job-grpc-client-executor-127.0.0.1-413] ERROR c.a.s.c.c.handler.ClientRegister - heartbeat check requestId:[413] message:[UNAVAILABLE: io exception]
2026-01-04 10:21:17 [sj-client-check] WARN  c.a.s.c.c.r.c.g.SnailJobGrpcClient - gRPC channel state=TRANSIENT_FAILURE, try reconnect...
2026-01-04 10:21:18 [snail-job-grpc-client-executor-127.0.0.1-415] ERROR c.a.s.c.c.handler.ClientRegister - heartbeat check requestId:[414] message:[UNAVAILABLE: io exception]
2026-01-04 10:21:27 [sj-client-check] WARN  c.a.s.c.c.r.c.g.SnailJobGrpcClient - gRPC channel state=TRANSIENT_FAILURE, try reconnect...
2026-01-04 10:21:28 [snail-job-grpc-client-executor-127.0.0.1-416] ERROR c.a.s.c.c.handler.ClientRegister - heartbeat check requestId:[416] message:[UNAVAILABLE: io exception]
2026-01-04 10:21:37 [sj-client-check] WARN  c.a.s.c.c.r.c.g.SnailJobGrpcClient - gRPC channel state=TRANSIENT_FAILURE, try reconnect...
2026-01-04 10:21:38 [snail-job-grpc-client-executor-127.0.0.1-417] ERROR c.a.s.c.c.handler.ClientRegister - heartbeat check requestId:[417] message:[UNAVAILABLE: io exception]
2026-01-04 10:21:47 [sj-client-check] WARN  c.a.s.c.c.r.c.g.SnailJobGrpcClient - gRPC channel state=TRANSIENT_FAILURE, try reconnect...
2026-01-04 10:21:48 [snail-job-grpc-client-executor-127.0.0.1-418] ERROR c.a.s.c.c.handler.ClientRegister - heartbeat check requestId:[418] message:[UNAVAILABLE: io exception]
2026-01-04 10:21:57 [sj-client-check] WARN  c.a.s.c.c.r.c.g.SnailJobGrpcClient - gRPC channel state=TRANSIENT_FAILURE, try reconnect...
2026-01-04 10:21:58 [snail-job-grpc-client-executor-127.0.0.1-419] ERROR c.a.s.c.c.handler.ClientRegister - heartbeat check requestId:[419] message:[UNAVAILABLE: io exception]
2026-01-04 10:22:07 [sj-client-check] WARN  c.a.s.c.c.r.c.g.SnailJobGrpcClient - gRPC channel state=TRANSIENT_FAILURE, try reconnect...
2026-01-04 10:22:08 [snail-job-grpc-client-executor-127.0.0.1-420] ERROR c.a.s.c.c.handler.ClientRegister - heartbeat check requestId:[420] message:[UNAVAILABLE: io exception]
2026-01-04 10:22:17 [sj-client-check] WARN  c.a.s.c.c.r.c.g.SnailJobGrpcClient - gRPC channel state=TRANSIENT_FAILURE, try reconnect...
2026-01-04 10:22:18 [snail-job-grpc-client-executor-127.0.0.1-421] ERROR c.a.s.c.c.handler.ClientRegister - heartbeat check requestId:[421] message:[UNAVAILABLE: io exception]
2026-01-04 10:22:27 [sj-client-check] WARN  c.a.s.c.c.r.c.g.SnailJobGrpcClient - gRPC channel state=TRANSIENT_FAILURE, try reconnect...
2026-01-04 10:22:28 [snail-job-grpc-client-executor-127.0.0.1-423] ERROR c.a.s.c.c.handler.ClientRegister - heartbeat check requestId:[423] message:[UNAVAILABLE: io exception]
2026-01-04 10:22:37 [sj-client-check] WARN  c.a.s.c.c.r.c.g.SnailJobGrpcClient - gRPC channel state=TRANSIENT_FAILURE, try reconnect...
2026-01-04 10:22:38 [snail-job-grpc-client-executor-127.0.0.1-424] ERROR c.a.s.c.c.handler.ClientRegister - heartbeat check requestId:[424] message:[UNAVAILABLE: io exception]
2026-01-04 10:22:47 [sj-client-check] WARN  c.a.s.c.c.r.c.g.SnailJobGrpcClient - gRPC channel state=TRANSIENT_FAILURE, try reconnect...
2026-01-04 10:22:48 [snail-job-grpc-client-executor-127.0.0.1-425] ERROR c.a.s.c.c.handler.ClientRegister - heartbeat check requestId:[425] message:[UNAVAILABLE: io exception]
2026-01-04 10:22:51 [XNIO-1 task-4] INFO  o.d.c.w.i.PlusWebInvokeTimeInterceptor - [PLUS]开始请求 => URL[POST /auth/logout],无参数
2026-01-04 10:22:51 [XNIO-1 task-3] INFO  o.d.c.w.i.PlusWebInvokeTimeInterceptor - [PLUS]开始请求 => URL[GET /resource/sse/close],无参数
2026-01-04 10:22:51 [XNIO-1 task-5] INFO  o.d.c.w.i.PlusWebInvokeTimeInterceptor - [PLUS]开始请求 => URL[GET /resource/sse],参数类型[param],参数:[{"Authorization":["Bearer eyJ0eXAiOiJKV1QiLCJhbGciOiJIUzI1NiJ9.eyJsb2dpblR5cGUiOiJsb2dpbiIsImxvZ2luSWQiOiJzeXNfdXNlcjoxIiwicm5TdHIiOiJlNG04M3NhMHB1Z3k1ZkdBS3FvbU5vUUdHQVpSZXdJdCIsImNsaWVudGlkIjoiZTVjZDdlNDg5MWJmOTVkMWQxOTIwNmNlMjRhN2IzMmUiLCJ0ZW5hbnRJZCI6IjAwMDAwMCIsInVzZXJJZCI6IjEiLCJ1c2VyTmFtZSI6ImFkbWluIiwiZGVwdElkIjoxLCJkZXB0TmFtZSI6IuW5v-S4nOebiOa1qeW3peiJuuWItuWTgeaciemZkOWFrOWPuCIsImRlcHRDYXRlZ29yeSI6IiJ9.a-9DnMAZoYB0XP0J2osx2hGEUVHjLbGJa1na4CHyDw8"],"clientid":["e5cd7e4891bf95d1d19206ce24a7b32e"]}]
2026-01-04 10:22:51 [XNIO-1 task-5] INFO  o.d.c.w.i.PlusWebInvokeTimeInterceptor - [PLUS]结束请求 => URL[GET /resource/sse],耗时:[0]毫秒
2026-01-04 10:22:51 [XNIO-1 task-3] INFO  o.d.c.w.i.PlusWebInvokeTimeInterceptor - [PLUS]结束请求 => URL[GET /resource/sse/close],耗时:[1]毫秒
2026-01-04 10:22:51 [XNIO-1 task-4] INFO  o.d.c.w.i.PlusWebInvokeTimeInterceptor - [PLUS]结束请求 => URL[POST /auth/logout],耗时:[1]毫秒
2026-01-04 10:22:52 [XNIO-1 task-4] INFO  o.d.c.w.i.PlusWebInvokeTimeInterceptor - [PLUS]开始请求 => URL[GET /auth/code],无参数
2026-01-04 10:22:52 [XNIO-1 task-4] INFO  o.d.c.r.aspectj.RateLimiterAspect - 限制令牌 => 10, 剩余令牌 => 9, 缓存key => 'global:rate_limit:/auth/code:0:0:0:0:0:0:0:1:'
2026-01-04 10:22:52 [XNIO-1 task-4] INFO  o.d.c.w.i.PlusWebInvokeTimeInterceptor - [PLUS]结束请求 => URL[GET /auth/code],耗时:[42]毫秒
2026-01-04 10:22:52 [XNIO-1 task-4] INFO  o.d.c.w.i.PlusWebInvokeTimeInterceptor - [PLUS]开始请求 => URL[GET /auth/tenant/list],无参数
2026-01-04 10:22:52 [XNIO-1 task-4] INFO  o.d.c.r.aspectj.RateLimiterAspect - 限制令牌 => 20, 剩余令牌 => 19, 缓存key => 'global:rate_limit:/auth/tenant/list:0:0:0:0:0:0:0:1:'
2026-01-04 10:22:52 [XNIO-1 task-4] INFO  o.d.c.w.i.PlusWebInvokeTimeInterceptor - [PLUS]结束请求 => URL[GET /auth/tenant/list],耗时:[8]毫秒
2026-01-04 10:22:54 [XNIO-1 task-5] INFO  o.d.c.w.i.PlusWebInvokeTimeInterceptor - [PLUS]开始请求 => URL[GET /auth/tenant/list],无参数
2026-01-04 10:22:54 [XNIO-1 task-4] INFO  o.d.c.w.i.PlusWebInvokeTimeInterceptor - [PLUS]开始请求 => URL[GET /auth/code],无参数
2026-01-04 10:22:54 [XNIO-1 task-5] INFO  o.d.c.r.aspectj.RateLimiterAspect - 限制令牌 => 20, 剩余令牌 => 18, 缓存key => 'global:rate_limit:/auth/tenant/list:0:0:0:0:0:0:0:1:'
2026-01-04 10:22:54 [XNIO-1 task-4] INFO  o.d.c.r.aspectj.RateLimiterAspect - 限制令牌 => 10, 剩余令牌 => 8, 缓存key => 'global:rate_limit:/auth/code:0:0:0:0:0:0:0:1:'
2026-01-04 10:22:54 [XNIO-1 task-5] INFO  o.d.c.w.i.PlusWebInvokeTimeInterceptor - [PLUS]结束请求 => URL[GET /auth/tenant/list],耗时:[6]毫秒
2026-01-04 10:22:54 [XNIO-1 task-4] INFO  o.d.c.w.i.PlusWebInvokeTimeInterceptor - [PLUS]结束请求 => URL[GET /auth/code],耗时:[6]毫秒
2026-01-04 10:22:54 [XNIO-1 task-4] INFO  o.d.c.w.i.PlusWebInvokeTimeInterceptor - [PLUS]开始请求 => URL[GET /auth/binding/maxkey],参数类型[param],参数:[{"domain":["localhost:81"],"tenantId":["000000"]}]
2026-01-04 10:22:54 [XNIO-1 task-4] INFO  o.d.c.w.i.PlusWebInvokeTimeInterceptor - [PLUS]结束请求 => URL[GET /auth/binding/maxkey],耗时:[3]毫秒
2026-01-04 10:22:57 [sj-client-check] WARN  c.a.s.c.c.r.c.g.SnailJobGrpcClient - gRPC channel state=TRANSIENT_FAILURE, try reconnect...
2026-01-04 10:22:58 [snail-job-grpc-client-executor-127.0.0.1-426] ERROR c.a.s.c.c.handler.ClientRegister - heartbeat check requestId:[426] message:[UNAVAILABLE: io exception]
2026-01-04 10:23:07 [sj-client-check] WARN  c.a.s.c.c.r.c.g.SnailJobGrpcClient - gRPC channel state=TRANSIENT_FAILURE, try reconnect...
2026-01-04 10:23:08 [snail-job-grpc-client-executor-127.0.0.1-427] ERROR c.a.s.c.c.handler.ClientRegister - heartbeat check requestId:[427] message:[UNAVAILABLE: io exception]
2026-01-04 10:23:12 [XNIO-1 task-5] INFO  o.d.c.w.i.PlusWebInvokeTimeInterceptor - [PLUS]开始请求 => URL[GET /auth/tenant/list],无参数
2026-01-04 10:23:12 [XNIO-1 task-4] INFO  o.d.c.w.i.PlusWebInvokeTimeInterceptor - [PLUS]开始请求 => URL[GET /auth/code],无参数
2026-01-04 10:23:12 [XNIO-1 task-4] INFO  o.d.c.r.aspectj.RateLimiterAspect - 限制令牌 => 10, 剩余令牌 => 7, 缓存key => 'global:rate_limit:/auth/code:0:0:0:0:0:0:0:1:'
2026-01-04 10:23:12 [XNIO-1 task-5] INFO  o.d.c.r.aspectj.RateLimiterAspect - 限制令牌 => 20, 剩余令牌 => 17, 缓存key => 'global:rate_limit:/auth/tenant/list:0:0:0:0:0:0:0:1:'
2026-01-04 10:23:12 [XNIO-1 task-5] INFO  o.d.c.w.i.PlusWebInvokeTimeInterceptor - [PLUS]结束请求 => URL[GET /auth/tenant/list],耗时:[5]毫秒
2026-01-04 10:23:12 [XNIO-1 task-4] INFO  o.d.c.w.i.PlusWebInvokeTimeInterceptor - [PLUS]结束请求 => URL[GET /auth/code],耗时:[5]毫秒
2026-01-04 10:23:12 [XNIO-1 task-4] INFO  o.d.c.w.i.PlusWebInvokeTimeInterceptor - [PLUS]开始请求 => URL[GET /auth/binding/maxkey],参数类型[param],参数:[{"domain":["localhost:81"],"tenantId":["000000"]}]
2026-01-04 10:23:12 [XNIO-1 task-4] INFO  o.d.c.w.i.PlusWebInvokeTimeInterceptor - [PLUS]结束请求 => URL[GET /auth/binding/maxkey],耗时:[0]毫秒
2026-01-04 10:23:12 [XNIO-1 task-4] INFO  o.d.c.w.i.PlusWebInvokeTimeInterceptor - [PLUS]开始请求 => URL[POST /auth/login],参数类型[json],参数:[{"socialCode":"d2cfabd9-953b-4c2e-ba57-a4758bf0a805","socialState":"eyJkb21haW4iOiJsb2NhbGhvc3Q6ODEiLCJ0ZW5hbnRJZCI6IjAwMDAwMCIsInN0YXRlIjoiMWE4MzZjZGE2MDRkY2NkZTFiZDdjZmFlOTMxM2IyZWUifQ==","tenantId":"000000","source":"maxkey","clientId":"e5cd7e4891bf95d1d19206ce24a7b32e","grantType":"social"}]
2026-01-04 10:23:12 [async-13] INFO  o.d.s.s.i.SysLogininforServiceImpl - [0:0:0:0:0:0:0:1]内网IP[admin][Success][登录成功]
2026-01-04 10:23:12 [XNIO-1 task-4] INFO  o.d.web.listener.UserActionListener - user doLogin, userId:sys_user:1, token:eyJ0eXAiOiJKV1QiLCJhbGciOiJIUzI1NiJ9.eyJsb2dpblR5cGUiOiJsb2dpbiIsImxvZ2luSWQiOiJzeXNfdXNlcjoxIiwicm5TdHIiOiJzNlBmT3hwV09zdVhiNVhWcjFaa0lLSUtxcjR5cW9VSSIsImNsaWVudGlkIjoiZTVjZDdlNDg5MWJmOTVkMWQxOTIwNmNlMjRhN2IzMmUiLCJ0ZW5hbnRJZCI6IjAwMDAwMCIsInVzZXJJZCI6IjEiLCJ1c2VyTmFtZSI6ImFkbWluIiwiZGVwdElkIjoxLCJkZXB0TmFtZSI6IuW5v-S4nOebiOa1qeW3peiJuuWItuWTgeaciemZkOWFrOWPuCIsImRlcHRDYXRlZ29yeSI6IiJ9.rCu39-WjeoY_MJ82uVHPaf2VRU7SmEfiLFdsoCsF84s
2026-01-04 10:23:12 [XNIO-1 task-4] INFO  o.d.c.w.i.PlusWebInvokeTimeInterceptor - [PLUS]结束请求 => URL[POST /auth/login],耗时:[83]毫秒
2026-01-04 10:23:14 [XNIO-1 task-4] INFO  o.d.c.w.i.PlusWebInvokeTimeInterceptor - [PLUS]开始请求 => URL[GET /system/user/getInfo],无参数
2026-01-04 10:23:14 [XNIO-1 task-4] INFO  o.d.c.w.i.PlusWebInvokeTimeInterceptor - [PLUS]结束请求 => URL[GET /system/user/getInfo],耗时:[7]毫秒
2026-01-04 10:23:14 [XNIO-1 task-4] INFO  o.d.c.w.i.PlusWebInvokeTimeInterceptor - [PLUS]开始请求 => URL[GET /system/menu/getRouters],无参数
2026-01-04 10:23:14 [XNIO-1 task-4] INFO  o.d.c.w.i.PlusWebInvokeTimeInterceptor - [PLUS]结束请求 => URL[GET /system/menu/getRouters],耗时:[6]毫秒
2026-01-04 10:23:15 [XNIO-1 task-4] INFO  o.d.c.w.i.PlusWebInvokeTimeInterceptor - [PLUS]开始请求 => URL[GET /auth/tenant/list],无参数
2026-01-04 10:23:15 [XNIO-1 task-4] INFO  o.d.c.r.aspectj.RateLimiterAspect - 限制令牌 => 20, 剩余令牌 => 16, 缓存key => 'global:rate_limit:/auth/tenant/list:0:0:0:0:0:0:0:1:'
2026-01-04 10:23:15 [XNIO-1 task-4] INFO  o.d.c.w.i.PlusWebInvokeTimeInterceptor - [PLUS]结束请求 => URL[GET /auth/tenant/list],耗时:[4]毫秒
2026-01-04 10:23:15 [XNIO-1 task-4] INFO  o.d.c.w.i.PlusWebInvokeTimeInterceptor - [PLUS]开始请求 => URL[GET /resource/sse],参数类型[param],参数:[{"Authorization":["Bearer eyJ0eXAiOiJKV1QiLCJhbGciOiJIUzI1NiJ9.eyJsb2dpblR5cGUiOiJsb2dpbiIsImxvZ2luSWQiOiJzeXNfdXNlcjoxIiwicm5TdHIiOiJzNlBmT3hwV09zdVhiNVhWcjFaa0lLSUtxcjR5cW9VSSIsImNsaWVudGlkIjoiZTVjZDdlNDg5MWJmOTVkMWQxOTIwNmNlMjRhN2IzMmUiLCJ0ZW5hbnRJZCI6IjAwMDAwMCIsInVzZXJJZCI6IjEiLCJ1c2VyTmFtZSI6ImFkbWluIiwiZGVwdElkIjoxLCJkZXB0TmFtZSI6IuW5v-S4nOebiOa1qeW3peiJuuWItuWTgeaciemZkOWFrOWPuCIsImRlcHRDYXRlZ29yeSI6IiJ9.rCu39-WjeoY_MJ82uVHPaf2VRU7SmEfiLFdsoCsF84s"],"clientid":["e5cd7e4891bf95d1d19206ce24a7b32e"]}]
2026-01-04 10:23:17 [sj-client-check] WARN  c.a.s.c.c.r.c.g.SnailJobGrpcClient - gRPC channel state=TRANSIENT_FAILURE, try reconnect...
2026-01-04 10:23:17 [schedule-pool-3] INFO  o.d.c.sse.core.SseEmitterManager - SSE发送主题订阅消息topic:global:sse session keys:[1] message:欢迎登录RuoYi-Vue-Plus后台管理系统
2026-01-04 10:23:17 [redisson-3-4] INFO  o.d.c.sse.listener.SseTopicListener - SSE主题订阅收到消息session keys=[1] message=欢迎登录RuoYi-Vue-Plus后台管理系统
2026-01-04 10:23:18 [snail-job-grpc-client-executor-127.0.0.1-429] ERROR c.a.s.c.c.handler.ClientRegister - heartbeat check requestId:[429] message:[UNAVAILABLE: io exception]
2026-01-04 10:23:23 [XNIO-1 task-4] INFO  o.d.c.w.i.PlusWebInvokeTimeInterceptor - [PLUS]开始请求 => URL[POST /auth/logout],无参数
2026-01-04 10:23:23 [async-14] INFO  o.d.s.s.i.SysLogininforServiceImpl - [0:0:0:0:0:0:0:1]内网IP[admin][Logout][退出成功]
2026-01-04 10:23:23 [XNIO-1 task-4] INFO  o.d.web.listener.UserActionListener - user doLogout, userId:sys_user:1, token:eyJ0eXAiOiJKV1QiLCJhbGciOiJIUzI1NiJ9.eyJsb2dpblR5cGUiOiJsb2dpbiIsImxvZ2luSWQiOiJzeXNfdXNlcjoxIiwicm5TdHIiOiJzNlBmT3hwV09zdVhiNVhWcjFaa0lLSUtxcjR5cW9VSSIsImNsaWVudGlkIjoiZTVjZDdlNDg5MWJmOTVkMWQxOTIwNmNlMjRhN2IzMmUiLCJ0ZW5hbnRJZCI6IjAwMDAwMCIsInVzZXJJZCI6IjEiLCJ1c2VyTmFtZSI6ImFkbWluIiwiZGVwdElkIjoxLCJkZXB0TmFtZSI6IuW5v-S4nOebiOa1qeW3peiJuuWItuWTgeaciemZkOWFrOWPuCIsImRlcHRDYXRlZ29yeSI6IiJ9.rCu39-WjeoY_MJ82uVHPaf2VRU7SmEfiLFdsoCsF84s
2026-01-04 10:23:23 [XNIO-1 task-4] INFO  o.d.c.w.i.PlusWebInvokeTimeInterceptor - [PLUS]结束请求 => URL[POST /auth/logout],耗时:[4]毫秒
2026-01-04 10:23:24 [XNIO-1 task-4] INFO  o.d.c.w.i.PlusWebInvokeTimeInterceptor - [PLUS]开始请求 => URL[GET /resource/sse/close],无参数
2026-01-04 10:23:24 [XNIO-1 task-5] INFO  o.d.c.w.i.PlusWebInvokeTimeInterceptor - [PLUS]开始请求 => URL[GET /resource/sse],参数类型[param],参数:[{"Authorization":["Bearer eyJ0eXAiOiJKV1QiLCJhbGciOiJIUzI1NiJ9.eyJsb2dpblR5cGUiOiJsb2dpbiIsImxvZ2luSWQiOiJzeXNfdXNlcjoxIiwicm5TdHIiOiJzNlBmT3hwV09zdVhiNVhWcjFaa0lLSUtxcjR5cW9VSSIsImNsaWVudGlkIjoiZTVjZDdlNDg5MWJmOTVkMWQxOTIwNmNlMjRhN2IzMmUiLCJ0ZW5hbnRJZCI6IjAwMDAwMCIsInVzZXJJZCI6IjEiLCJ1c2VyTmFtZSI6ImFkbWluIiwiZGVwdElkIjoxLCJkZXB0TmFtZSI6IuW5v-S4nOebiOa1qeW3peiJuuWItuWTgeaciemZkOWFrOWPuCIsImRlcHRDYXRlZ29yeSI6IiJ9.rCu39-WjeoY_MJ82uVHPaf2VRU7SmEfiLFdsoCsF84s"],"clientid":["e5cd7e4891bf95d1d19206ce24a7b32e"]}]
2026-01-04 10:23:24 [XNIO-1 task-4] INFO  o.d.c.w.i.PlusWebInvokeTimeInterceptor - [PLUS]结束请求 => URL[GET /resource/sse/close],耗时:[0]毫秒
2026-01-04 10:23:24 [XNIO-1 task-5] INFO  o.d.c.w.i.PlusWebInvokeTimeInterceptor - [PLUS]结束请求 => URL[GET /resource/sse],耗时:[0]毫秒
2026-01-04 10:23:24 [XNIO-1 task-5] INFO  o.d.c.w.i.PlusWebInvokeTimeInterceptor - [PLUS]开始请求 => URL[GET /auth/code],无参数
2026-01-04 10:23:24 [XNIO-1 task-5] INFO  o.d.c.r.aspectj.RateLimiterAspect - 限制令牌 => 10, 剩余令牌 => 6, 缓存key => 'global:rate_limit:/auth/code:0:0:0:0:0:0:0:1:'
2026-01-04 10:23:24 [XNIO-1 task-5] INFO  o.d.c.w.i.PlusWebInvokeTimeInterceptor - [PLUS]结束请求 => URL[GET /auth/code],耗时:[6]毫秒
2026-01-04 10:23:24 [XNIO-1 task-5] INFO  o.d.c.w.i.PlusWebInvokeTimeInterceptor - [PLUS]开始请求 => URL[GET /auth/tenant/list],无参数
2026-01-04 10:23:24 [XNIO-1 task-5] INFO  o.d.c.r.aspectj.RateLimiterAspect - 限制令牌 => 20, 剩余令牌 => 15, 缓存key => 'global:rate_limit:/auth/tenant/list:0:0:0:0:0:0:0:1:'
2026-01-04 10:23:24 [XNIO-1 task-5] INFO  o.d.c.w.i.PlusWebInvokeTimeInterceptor - [PLUS]结束请求 => URL[GET /auth/tenant/list],耗时:[3]毫秒
2026-01-04 10:23:27 [sj-client-check] WARN  c.a.s.c.c.r.c.g.SnailJobGrpcClient - gRPC channel state=TRANSIENT_FAILURE, try reconnect...
2026-01-04 10:23:28 [snail-job-grpc-client-executor-127.0.0.1-430] ERROR c.a.s.c.c.handler.ClientRegister - heartbeat check requestId:[430] message:[UNAVAILABLE: io exception]
2026-01-04 10:23:37 [sj-client-check] WARN  c.a.s.c.c.r.c.g.SnailJobGrpcClient - gRPC channel state=TRANSIENT_FAILURE, try reconnect...
2026-01-04 10:23:38 [snail-job-grpc-client-executor-127.0.0.1-431] ERROR c.a.s.c.c.handler.ClientRegister - heartbeat check requestId:[431] message:[UNAVAILABLE: io exception]
2026-01-04 10:23:47 [sj-client-check] WARN  c.a.s.c.c.r.c.g.SnailJobGrpcClient - gRPC channel state=TRANSIENT_FAILURE, try reconnect...
2026-01-04 10:23:48 [snail-job-grpc-client-executor-127.0.0.1-432] ERROR c.a.s.c.c.handler.ClientRegister - heartbeat check requestId:[432] message:[UNAVAILABLE: io exception]
2026-01-04 10:23:57 [sj-client-check] WARN  c.a.s.c.c.r.c.g.SnailJobGrpcClient - gRPC channel state=TRANSIENT_FAILURE, try reconnect...
2026-01-04 10:23:58 [snail-job-grpc-client-executor-127.0.0.1-433] ERROR c.a.s.c.c.handler.ClientRegister - heartbeat check requestId:[433] message:[UNAVAILABLE: io exception]
2026-01-04 10:24:07 [sj-client-check] WARN  c.a.s.c.c.r.c.g.SnailJobGrpcClient - gRPC channel state=TRANSIENT_FAILURE, try reconnect...
2026-01-04 10:24:08 [snail-job-grpc-client-executor-127.0.0.1-434] ERROR c.a.s.c.c.handler.ClientRegister - heartbeat check requestId:[434] message:[UNAVAILABLE: io exception]
2026-01-04 10:24:12 [XNIO-1 task-5] INFO  o.d.c.w.i.PlusWebInvokeTimeInterceptor - [PLUS]开始请求 => URL[POST /auth/login],参数类型[json],参数:[{"tenantId":"000000","username":"00320134","password":"123456","rememberMe":false,"code":"5","clientId":"e5cd7e4891bf95d1d19206ce24a7b32e","grantType":"password"}]
2026-01-04 10:24:12 [async-15] INFO  o.d.s.s.i.SysLogininforServiceImpl - [0:0:0:0:0:0:0:1]内网IP[00320134][Error][验证码已失效]
2026-01-04 10:24:12 [XNIO-1 task-5] ERROR o.d.c.w.h.GlobalExceptionHandler - 验证码已失效
2026-01-04 10:24:12 [XNIO-1 task-5] INFO  o.d.c.w.i.PlusWebInvokeTimeInterceptor - [PLUS]结束请求 => URL[POST /auth/login],耗时:[9]毫秒
2026-01-04 10:24:12 [XNIO-1 task-5] INFO  o.d.c.w.i.PlusWebInvokeTimeInterceptor - [PLUS]开始请求 => URL[GET /auth/code],无参数
2026-01-04 10:24:12 [XNIO-1 task-5] INFO  o.d.c.r.aspectj.RateLimiterAspect - 限制令牌 => 10, 剩余令牌 => 8, 缓存key => 'global:rate_limit:/auth/code:0:0:0:0:0:0:0:1:'
2026-01-04 10:24:12 [XNIO-1 task-5] INFO  o.d.c.w.i.PlusWebInvokeTimeInterceptor - [PLUS]结束请求 => URL[GET /auth/code],耗时:[4]毫秒
2026-01-04 10:24:14 [XNIO-1 task-5] INFO  o.d.c.w.i.PlusWebInvokeTimeInterceptor - [PLUS]开始请求 => URL[POST /auth/login],参数类型[json],参数:[{"tenantId":"000000","username":"00320134","password":"123456","rememberMe":false,"code":"3","uuid":"197d34fd2c7245a68cac7f5ec55c90b8","clientId":"e5cd7e4891bf95d1d19206ce24a7b32e","grantType":"password"}]
2026-01-04 10:24:14 [async-16] INFO  o.d.s.s.i.SysLogininforServiceImpl - [0:0:0:0:0:0:0:1]内网IP[00320134][Success][登录成功]
2026-01-04 10:24:14 [XNIO-1 task-5] INFO  o.d.web.listener.UserActionListener - user doLogin, userId:sys_user:17625708501573482, token:eyJ0eXAiOiJKV1QiLCJhbGciOiJIUzI1NiJ9.eyJsb2dpblR5cGUiOiJsb2dpbiIsImxvZ2luSWQiOiJzeXNfdXNlcjoxNzYyNTcwODUwMTU3MzQ4MiIsInJuU3RyIjoiQ2VYckJQMGVENnU4bEZ6cHpoWmJTNTlwUEFlQkJndHoiLCJjbGllbnRpZCI6ImU1Y2Q3ZTQ4OTFiZjk1ZDFkMTkyMDZjZTI0YTdiMzJlIiwidGVuYW50SWQiOiIwMDAwMDAiLCJ1c2VySWQiOiIxNzYyNTcwODUwMTU3MzQ4MiIsInVzZXJOYW1lIjoiMDAzMjAxMzQiLCJkZXB0SWQiOjkxOTE5OTk1OSwiZGVwdE5hbWUiOiLlub_kuJzmlbDlrZfpg6giLCJkZXB0Q2F0ZWdvcnkiOiIifQ.k_nirBz6a2gyW3spEwV9Qznlce-4sEfcSm3WDk3MgZc
2026-01-04 10:24:14 [XNIO-1 task-5] INFO  o.d.c.w.i.PlusWebInvokeTimeInterceptor - [PLUS]结束请求 => URL[POST /auth/login],耗时:[120]毫秒
2026-01-04 10:24:15 [XNIO-1 task-5] INFO  o.d.c.w.i.PlusWebInvokeTimeInterceptor - [PLUS]开始请求 => URL[GET /system/user/getInfo],无参数
2026-01-04 10:24:15 [XNIO-1 task-5] INFO  o.d.c.w.i.PlusWebInvokeTimeInterceptor - [PLUS]结束请求 => URL[GET /system/user/getInfo],耗时:[10]毫秒
2026-01-04 10:24:15 [XNIO-1 task-5] INFO  o.d.c.w.i.PlusWebInvokeTimeInterceptor - [PLUS]开始请求 => URL[GET /system/menu/getRouters],无参数
2026-01-04 10:24:15 [XNIO-1 task-5] INFO  o.d.c.w.i.PlusWebInvokeTimeInterceptor - [PLUS]结束请求 => URL[GET /system/menu/getRouters],耗时:[6]毫秒
2026-01-04 10:24:15 [XNIO-1 task-5] INFO  o.d.c.w.i.PlusWebInvokeTimeInterceptor - [PLUS]开始请求 => URL[GET /auth/tenant/list],无参数
2026-01-04 10:24:15 [XNIO-1 task-5] INFO  o.d.c.r.aspectj.RateLimiterAspect - 限制令牌 => 20, 剩余令牌 => 18, 缓存key => 'global:rate_limit:/auth/tenant/list:0:0:0:0:0:0:0:1:'
2026-01-04 10:24:15 [XNIO-1 task-5] INFO  o.d.c.w.i.PlusWebInvokeTimeInterceptor - [PLUS]结束请求 => URL[GET /auth/tenant/list],耗时:[5]毫秒
2026-01-04 10:24:15 [XNIO-1 task-5] INFO  o.d.c.w.i.PlusWebInvokeTimeInterceptor - [PLUS]开始请求 => URL[GET /resource/sse],参数类型[param],参数:[{"Authorization":["Bearer eyJ0eXAiOiJKV1QiLCJhbGciOiJIUzI1NiJ9.eyJsb2dpblR5cGUiOiJsb2dpbiIsImxvZ2luSWQiOiJzeXNfdXNlcjoxNzYyNTcwODUwMTU3MzQ4MiIsInJuU3RyIjoiQ2VYckJQMGVENnU4bEZ6cHpoWmJTNTlwUEFlQkJndHoiLCJjbGllbnRpZCI6ImU1Y2Q3ZTQ4OTFiZjk1ZDFkMTkyMDZjZTI0YTdiMzJlIiwidGVuYW50SWQiOiIwMDAwMDAiLCJ1c2VySWQiOiIxNzYyNTcwODUwMTU3MzQ4MiIsInVzZXJOYW1lIjoiMDAzMjAxMzQiLCJkZXB0SWQiOjkxOTE5OTk1OSwiZGVwdE5hbWUiOiLlub_kuJzmlbDlrZfpg6giLCJkZXB0Q2F0ZWdvcnkiOiIifQ.k_nirBz6a2gyW3spEwV9Qznlce-4sEfcSm3WDk3MgZc"],"clientid":["e5cd7e4891bf95d1d19206ce24a7b32e"]}]
2026-01-04 10:24:17 [sj-client-check] WARN  c.a.s.c.c.r.c.g.SnailJobGrpcClient - gRPC channel state=TRANSIENT_FAILURE, try reconnect...
2026-01-04 10:24:18 [snail-job-grpc-client-executor-127.0.0.1-435] ERROR c.a.s.c.c.handler.ClientRegister - heartbeat check requestId:[435] message:[UNAVAILABLE: io exception]
2026-01-04 10:24:19 [XNIO-1 task-5] INFO  o.d.c.w.i.PlusWebInvokeTimeInterceptor - [PLUS]开始请求 => URL[GET /system/dict/data/type/sys_device_type],无参数
2026-01-04 10:24:19 [XNIO-1 task-5] INFO  o.d.c.w.i.PlusWebInvokeTimeInterceptor - [PLUS]结束请求 => URL[GET /system/dict/data/type/sys_device_type],耗时:[6]毫秒
2026-01-04 10:24:19 [XNIO-1 task-4] INFO  o.d.c.w.i.PlusWebInvokeTimeInterceptor - [PLUS]开始请求 => URL[GET /system/social/list],无参数
2026-01-04 10:24:19 [XNIO-1 task-3] INFO  o.d.c.w.i.PlusWebInvokeTimeInterceptor - [PLUS]开始请求 => URL[GET /monitor/online],无参数
2026-01-04 10:24:19 [XNIO-1 task-5] INFO  o.d.c.w.i.PlusWebInvokeTimeInterceptor - [PLUS]开始请求 => URL[GET /system/user/profile],无参数
2026-01-04 10:24:19 [XNIO-1 task-3] INFO  o.d.c.w.i.PlusWebInvokeTimeInterceptor - [PLUS]结束请求 => URL[GET /monitor/online],耗时:[3]毫秒
2026-01-04 10:24:19 [XNIO-1 task-4] INFO  o.d.c.w.i.PlusWebInvokeTimeInterceptor - [PLUS]结束请求 => URL[GET /system/social/list],耗时:[6]毫秒
2026-01-04 10:24:19 [XNIO-1 task-5] INFO  o.d.c.w.i.PlusWebInvokeTimeInterceptor - [PLUS]结束请求 => URL[GET /system/user/profile],耗时:[13]毫秒
2026-01-04 10:24:19 [schedule-pool-11] INFO  o.d.c.sse.core.SseEmitterManager - SSE发送主题订阅消息topic:global:sse session keys:[17625708501573482] message:欢迎登录RuoYi-Vue-Plus后台管理系统
2026-01-04 10:24:19 [redisson-3-1] INFO  o.d.c.sse.listener.SseTopicListener - SSE主题订阅收到消息session keys=[17625708501573482] message=欢迎登录RuoYi-Vue-Plus后台管理系统
2026-01-04 10:24:21 [XNIO-1 task-5] INFO  o.d.c.w.i.PlusWebInvokeTimeInterceptor - [PLUS]开始请求 => URL[GET /auth/binding/maxkey],参数类型[param],参数:[{"domain":["localhost:81"],"tenantId":["000000"]}]
2026-01-04 10:24:21 [XNIO-1 task-5] INFO  o.d.c.w.i.PlusWebInvokeTimeInterceptor - [PLUS]结束请求 => URL[GET /auth/binding/maxkey],耗时:[1]毫秒
2026-01-04 10:24:27 [sj-client-check] WARN  c.a.s.c.c.r.c.g.SnailJobGrpcClient - gRPC channel state=TRANSIENT_FAILURE, try reconnect...
2026-01-04 10:24:28 [snail-job-grpc-client-executor-127.0.0.1-437] ERROR c.a.s.c.c.handler.ClientRegister - heartbeat check requestId:[437] message:[UNAVAILABLE: io exception]
2026-01-04 10:24:28 [XNIO-1 task-5] INFO  o.d.c.w.i.PlusWebInvokeTimeInterceptor - [PLUS]开始请求 => URL[POST /auth/social/callback],参数类型[json],参数:[{"socialCode":"4f787f34-19be-49a7-afcd-6c3f8e05e6a5","socialState":"eyJkb21haW4iOiJsb2NhbGhvc3Q6ODEiLCJ0ZW5hbnRJZCI6IjAwMDAwMCIsInN0YXRlIjoiZTEwZTM1NzlmNWZmMTI1ZmM5ZTAxMTdlMDE5NjFkNTQifQ==","tenantId":"000000","source":"maxkey","clientId":"e5cd7e4891bf95d1d19206ce24a7b32e","grantType":"social"}]
2026-01-04 10:24:29 [XNIO-1 task-5] INFO  o.d.c.w.i.PlusWebInvokeTimeInterceptor - [PLUS]结束请求 => URL[POST /auth/social/callback],耗时:[61]毫秒
2026-01-04 10:24:31 [XNIO-1 task-5] INFO  o.d.c.w.i.PlusWebInvokeTimeInterceptor - [PLUS]开始请求 => URL[GET /system/user/getInfo],无参数
2026-01-04 10:24:31 [XNIO-1 task-5] INFO  o.d.c.w.i.PlusWebInvokeTimeInterceptor - [PLUS]结束请求 => URL[GET /system/user/getInfo],耗时:[6]毫秒
2026-01-04 10:24:31 [XNIO-1 task-5] INFO  o.d.c.w.i.PlusWebInvokeTimeInterceptor - [PLUS]开始请求 => URL[GET /system/menu/getRouters],无参数
2026-01-04 10:24:31 [XNIO-1 task-5] INFO  o.d.c.w.i.PlusWebInvokeTimeInterceptor - [PLUS]结束请求 => URL[GET /system/menu/getRouters],耗时:[5]毫秒
2026-01-04 10:24:31 [XNIO-1 task-5] INFO  o.d.c.w.i.PlusWebInvokeTimeInterceptor - [PLUS]开始请求 => URL[GET /auth/tenant/list],无参数
2026-01-04 10:24:31 [XNIO-1 task-5] INFO  o.d.c.r.aspectj.RateLimiterAspect - 限制令牌 => 20, 剩余令牌 => 18, 缓存key => 'global:rate_limit:/auth/tenant/list:0:0:0:0:0:0:0:1:'
2026-01-04 10:24:31 [XNIO-1 task-5] INFO  o.d.c.w.i.PlusWebInvokeTimeInterceptor - [PLUS]结束请求 => URL[GET /auth/tenant/list],耗时:[4]毫秒
2026-01-04 10:24:31 [XNIO-1 task-5] INFO  o.d.c.w.i.PlusWebInvokeTimeInterceptor - [PLUS]开始请求 => URL[GET /resource/sse],参数类型[param],参数:[{"Authorization":["Bearer eyJ0eXAiOiJKV1QiLCJhbGciOiJIUzI1NiJ9.eyJsb2dpblR5cGUiOiJsb2dpbiIsImxvZ2luSWQiOiJzeXNfdXNlcjoxNzYyNTcwODUwMTU3MzQ4MiIsInJuU3RyIjoiQ2VYckJQMGVENnU4bEZ6cHpoWmJTNTlwUEFlQkJndHoiLCJjbGllbnRpZCI6ImU1Y2Q3ZTQ4OTFiZjk1ZDFkMTkyMDZjZTI0YTdiMzJlIiwidGVuYW50SWQiOiIwMDAwMDAiLCJ1c2VySWQiOiIxNzYyNTcwODUwMTU3MzQ4MiIsInVzZXJOYW1lIjoiMDAzMjAxMzQiLCJkZXB0SWQiOjkxOTE5OTk1OSwiZGVwdE5hbWUiOiLlub_kuJzmlbDlrZfpg6giLCJkZXB0Q2F0ZWdvcnkiOiIifQ.k_nirBz6a2gyW3spEwV9Qznlce-4sEfcSm3WDk3MgZc"],"clientid":["e5cd7e4891bf95d1d19206ce24a7b32e"]}]
2026-01-04 10:24:31 [XNIO-1 task-4] INFO  o.d.c.w.i.PlusWebInvokeTimeInterceptor - [PLUS]开始请求 => URL[GET /resource/sse],参数类型[param],参数:[{"Authorization":["Bearer eyJ0eXAiOiJKV1QiLCJhbGciOiJIUzI1NiJ9.eyJsb2dpblR5cGUiOiJsb2dpbiIsImxvZ2luSWQiOiJzeXNfdXNlcjoxNzYyNTcwODUwMTU3MzQ4MiIsInJuU3RyIjoiQ2VYckJQMGVENnU4bEZ6cHpoWmJTNTlwUEFlQkJndHoiLCJjbGllbnRpZCI6ImU1Y2Q3ZTQ4OTFiZjk1ZDFkMTkyMDZjZTI0YTdiMzJlIiwidGVuYW50SWQiOiIwMDAwMDAiLCJ1c2VySWQiOiIxNzYyNTcwODUwMTU3MzQ4MiIsInVzZXJOYW1lIjoiMDAzMjAxMzQiLCJkZXB0SWQiOjkxOTE5OTk1OSwiZGVwdE5hbWUiOiLlub_kuJzmlbDlrZfpg6giLCJkZXB0Q2F0ZWdvcnkiOiIifQ.k_nirBz6a2gyW3spEwV9Qznlce-4sEfcSm3WDk3MgZc"],"clientid":["e5cd7e4891bf95d1d19206ce24a7b32e"]}]
2026-01-04 10:24:31 [XNIO-1 task-4] INFO  o.d.c.w.i.PlusWebInvokeTimeInterceptor - [PLUS]结束请求 => URL[GET /resource/sse],耗时:[0]毫秒
2026-01-04 10:24:31 [XNIO-1 task-5] INFO  o.d.c.w.i.PlusWebInvokeTimeInterceptor - [PLUS]开始请求 => URL[GET /resource/sse],参数类型[param],参数:[{"Authorization":["Bearer eyJ0eXAiOiJKV1QiLCJhbGciOiJIUzI1NiJ9.eyJsb2dpblR5cGUiOiJsb2dpbiIsImxvZ2luSWQiOiJzeXNfdXNlcjoxNzYyNTcwODUwMTU3MzQ4MiIsInJuU3RyIjoiQ2VYckJQMGVENnU4bEZ6cHpoWmJTNTlwUEFlQkJndHoiLCJjbGllbnRpZCI6ImU1Y2Q3ZTQ4OTFiZjk1ZDFkMTkyMDZjZTI0YTdiMzJlIiwidGVuYW50SWQiOiIwMDAwMDAiLCJ1c2VySWQiOiIxNzYyNTcwODUwMTU3MzQ4MiIsInVzZXJOYW1lIjoiMDAzMjAxMzQiLCJkZXB0SWQiOjkxOTE5OTk1OSwiZGVwdE5hbWUiOiLlub_kuJzmlbDlrZfpg6giLCJkZXB0Q2F0ZWdvcnkiOiIifQ.k_nirBz6a2gyW3spEwV9Qznlce-4sEfcSm3WDk3MgZc"],"clientid":["e5cd7e4891bf95d1d19206ce24a7b32e"]}]
2026-01-04 10:24:31 [XNIO-1 task-5] INFO  o.d.c.w.i.PlusWebInvokeTimeInterceptor - [PLUS]结束请求 => URL[GET /resource/sse],耗时:[0]毫秒
2026-01-04 10:24:34 [XNIO-1 task-5] INFO  o.d.c.w.i.PlusWebInvokeTimeInterceptor - [PLUS]开始请求 => URL[GET /resource/sse],参数类型[param],参数:[{"Authorization":["Bearer eyJ0eXAiOiJKV1QiLCJhbGciOiJIUzI1NiJ9.eyJsb2dpblR5cGUiOiJsb2dpbiIsImxvZ2luSWQiOiJzeXNfdXNlcjoxNzYyNTcwODUwMTU3MzQ4MiIsInJuU3RyIjoiQ2VYckJQMGVENnU4bEZ6cHpoWmJTNTlwUEFlQkJndHoiLCJjbGllbnRpZCI6ImU1Y2Q3ZTQ4OTFiZjk1ZDFkMTkyMDZjZTI0YTdiMzJlIiwidGVuYW50SWQiOiIwMDAwMDAiLCJ1c2VySWQiOiIxNzYyNTcwODUwMTU3MzQ4MiIsInVzZXJOYW1lIjoiMDAzMjAxMzQiLCJkZXB0SWQiOjkxOTE5OTk1OSwiZGVwdE5hbWUiOiLlub_kuJzmlbDlrZfpg6giLCJkZXB0Q2F0ZWdvcnkiOiIifQ.k_nirBz6a2gyW3spEwV9Qznlce-4sEfcSm3WDk3MgZc"],"clientid":["e5cd7e4891bf95d1d19206ce24a7b32e"]}]
2026-01-04 10:24:37 [sj-client-check] WARN  c.a.s.c.c.r.c.g.SnailJobGrpcClient - gRPC channel state=TRANSIENT_FAILURE, try reconnect...
2026-01-04 10:24:38 [snail-job-grpc-client-executor-127.0.0.1-438] ERROR c.a.s.c.c.handler.ClientRegister - heartbeat check requestId:[438] message:[UNAVAILABLE: io exception]
2026-01-04 10:24:46 [XNIO-1 task-5] INFO  o.d.c.w.i.PlusWebInvokeTimeInterceptor - [PLUS]开始请求 => URL[POST /auth/logout],无参数
2026-01-04 10:24:46 [async-17] INFO  o.d.s.s.i.SysLogininforServiceImpl - [0:0:0:0:0:0:0:1]内网IP[00320134][Logout][退出成功]
2026-01-04 10:24:46 [XNIO-1 task-5] INFO  o.d.web.listener.UserActionListener - user doLogout, userId:sys_user:17625708501573482, token:eyJ0eXAiOiJKV1QiLCJhbGciOiJIUzI1NiJ9.eyJsb2dpblR5cGUiOiJsb2dpbiIsImxvZ2luSWQiOiJzeXNfdXNlcjoxNzYyNTcwODUwMTU3MzQ4MiIsInJuU3RyIjoiQ2VYckJQMGVENnU4bEZ6cHpoWmJTNTlwUEFlQkJndHoiLCJjbGllbnRpZCI6ImU1Y2Q3ZTQ4OTFiZjk1ZDFkMTkyMDZjZTI0YTdiMzJlIiwidGVuYW50SWQiOiIwMDAwMDAiLCJ1c2VySWQiOiIxNzYyNTcwODUwMTU3MzQ4MiIsInVzZXJOYW1lIjoiMDAzMjAxMzQiLCJkZXB0SWQiOjkxOTE5OTk1OSwiZGVwdE5hbWUiOiLlub_kuJzmlbDlrZfpg6giLCJkZXB0Q2F0ZWdvcnkiOiIifQ.k_nirBz6a2gyW3spEwV9Qznlce-4sEfcSm3WDk3MgZc
2026-01-04 10:24:46 [XNIO-1 task-5] INFO  o.d.c.w.i.PlusWebInvokeTimeInterceptor - [PLUS]结束请求 => URL[POST /auth/logout],耗时:[4]毫秒
2026-01-04 10:24:46 [XNIO-1 task-5] INFO  o.d.c.w.i.PlusWebInvokeTimeInterceptor - [PLUS]开始请求 => URL[GET /resource/sse/close],无参数
2026-01-04 10:24:46 [XNIO-1 task-5] INFO  o.d.c.w.i.PlusWebInvokeTimeInterceptor - [PLUS]结束请求 => URL[GET /resource/sse/close],耗时:[0]毫秒
2026-01-04 10:24:46 [XNIO-1 task-4] INFO  o.d.c.w.i.PlusWebInvokeTimeInterceptor - [PLUS]开始请求 => URL[GET /resource/sse],参数类型[param],参数:[{"Authorization":["Bearer eyJ0eXAiOiJKV1QiLCJhbGciOiJIUzI1NiJ9.eyJsb2dpblR5cGUiOiJsb2dpbiIsImxvZ2luSWQiOiJzeXNfdXNlcjoxNzYyNTcwODUwMTU3MzQ4MiIsInJuU3RyIjoiQ2VYckJQMGVENnU4bEZ6cHpoWmJTNTlwUEFlQkJndHoiLCJjbGllbnRpZCI6ImU1Y2Q3ZTQ4OTFiZjk1ZDFkMTkyMDZjZTI0YTdiMzJlIiwidGVuYW50SWQiOiIwMDAwMDAiLCJ1c2VySWQiOiIxNzYyNTcwODUwMTU3MzQ4MiIsInVzZXJOYW1lIjoiMDAzMjAxMzQiLCJkZXB0SWQiOjkxOTE5OTk1OSwiZGVwdE5hbWUiOiLlub_kuJzmlbDlrZfpg6giLCJkZXB0Q2F0ZWdvcnkiOiIifQ.k_nirBz6a2gyW3spEwV9Qznlce-4sEfcSm3WDk3MgZc"],"clientid":["e5cd7e4891bf95d1d19206ce24a7b32e"]}]
2026-01-04 10:24:46 [XNIO-1 task-4] INFO  o.d.c.w.i.PlusWebInvokeTimeInterceptor - [PLUS]结束请求 => URL[GET /resource/sse],耗时:[0]毫秒
2026-01-04 10:24:46 [XNIO-1 task-4] INFO  o.d.c.w.i.PlusWebInvokeTimeInterceptor - [PLUS]开始请求 => URL[GET /auth/code],无参数
2026-01-04 10:24:46 [XNIO-1 task-4] INFO  o.d.c.r.aspectj.RateLimiterAspect - 限制令牌 => 10, 剩余令牌 => 8, 缓存key => 'global:rate_limit:/auth/code:0:0:0:0:0:0:0:1:'
2026-01-04 10:24:46 [XNIO-1 task-4] INFO  o.d.c.w.i.PlusWebInvokeTimeInterceptor - [PLUS]结束请求 => URL[GET /auth/code],耗时:[5]毫秒
2026-01-04 10:24:46 [XNIO-1 task-4] INFO  o.d.c.w.i.PlusWebInvokeTimeInterceptor - [PLUS]开始请求 => URL[GET /auth/tenant/list],无参数
2026-01-04 10:24:46 [XNIO-1 task-4] INFO  o.d.c.r.aspectj.RateLimiterAspect - 限制令牌 => 20, 剩余令牌 => 17, 缓存key => 'global:rate_limit:/auth/tenant/list:0:0:0:0:0:0:0:1:'
2026-01-04 10:24:46 [XNIO-1 task-4] INFO  o.d.c.w.i.PlusWebInvokeTimeInterceptor - [PLUS]结束请求 => URL[GET /auth/tenant/list],耗时:[4]毫秒
2026-01-04 10:24:47 [sj-client-check] WARN  c.a.s.c.c.r.c.g.SnailJobGrpcClient - gRPC channel state=TRANSIENT_FAILURE, try reconnect...
2026-01-04 10:24:48 [snail-job-grpc-client-executor-127.0.0.1-439] ERROR c.a.s.c.c.handler.ClientRegister - heartbeat check requestId:[439] message:[UNAVAILABLE: io exception]
2026-01-04 10:24:57 [sj-client-check] WARN  c.a.s.c.c.r.c.g.SnailJobGrpcClient - gRPC channel state=TRANSIENT_FAILURE, try reconnect...
2026-01-04 10:24:58 [snail-job-grpc-client-executor-127.0.0.1-440] ERROR c.a.s.c.c.handler.ClientRegister - heartbeat check requestId:[440] message:[UNAVAILABLE: io exception]
2026-01-04 10:24:59 [XNIO-1 task-4] INFO  o.d.c.w.i.PlusWebInvokeTimeInterceptor - [PLUS]开始请求 => URL[GET /auth/code],无参数
2026-01-04 10:24:59 [XNIO-1 task-5] INFO  o.d.c.w.i.PlusWebInvokeTimeInterceptor - [PLUS]开始请求 => URL[GET /auth/tenant/list],无参数
2026-01-04 10:24:59 [XNIO-1 task-4] INFO  o.d.c.r.aspectj.RateLimiterAspect - 限制令牌 => 10, 剩余令牌 => 7, 缓存key => 'global:rate_limit:/auth/code:0:0:0:0:0:0:0:1:'
2026-01-04 10:24:59 [XNIO-1 task-5] INFO  o.d.c.r.aspectj.RateLimiterAspect - 限制令牌 => 20, 剩余令牌 => 16, 缓存key => 'global:rate_limit:/auth/tenant/list:0:0:0:0:0:0:0:1:'
2026-01-04 10:24:59 [XNIO-1 task-5] INFO  o.d.c.w.i.PlusWebInvokeTimeInterceptor - [PLUS]结束请求 => URL[GET /auth/tenant/list],耗时:[4]毫秒
2026-01-04 10:24:59 [XNIO-1 task-4] INFO  o.d.c.w.i.PlusWebInvokeTimeInterceptor - [PLUS]结束请求 => URL[GET /auth/code],耗时:[5]毫秒
2026-01-04 10:24:59 [XNIO-1 task-4] INFO  o.d.c.w.i.PlusWebInvokeTimeInterceptor - [PLUS]开始请求 => URL[GET /auth/binding/maxkey],参数类型[param],参数:[{"domain":["localhost:81"],"tenantId":["000000"]}]
2026-01-04 10:24:59 [XNIO-1 task-4] INFO  o.d.c.w.i.PlusWebInvokeTimeInterceptor - [PLUS]结束请求 => URL[GET /auth/binding/maxkey],耗时:[0]毫秒
2026-01-04 10:25:07 [XNIO-1 task-4] INFO  o.d.c.w.i.PlusWebInvokeTimeInterceptor - [PLUS]开始请求 => URL[GET /auth/code],无参数
2026-01-04 10:25:07 [XNIO-1 task-5] INFO  o.d.c.w.i.PlusWebInvokeTimeInterceptor - [PLUS]开始请求 => URL[GET /auth/tenant/list],无参数
2026-01-04 10:25:07 [XNIO-1 task-5] INFO  o.d.c.r.aspectj.RateLimiterAspect - 限制令牌 => 20, 剩余令牌 => 15, 缓存key => 'global:rate_limit:/auth/tenant/list:0:0:0:0:0:0:0:1:'
2026-01-04 10:25:07 [XNIO-1 task-4] INFO  o.d.c.r.aspectj.RateLimiterAspect - 限制令牌 => 10, 剩余令牌 => 6, 缓存key => 'global:rate_limit:/auth/code:0:0:0:0:0:0:0:1:'
2026-01-04 10:25:07 [XNIO-1 task-5] INFO  o.d.c.w.i.PlusWebInvokeTimeInterceptor - [PLUS]结束请求 => URL[GET /auth/tenant/list],耗时:[4]毫秒
2026-01-04 10:25:07 [XNIO-1 task-4] INFO  o.d.c.w.i.PlusWebInvokeTimeInterceptor - [PLUS]结束请求 => URL[GET /auth/code],耗时:[6]毫秒
2026-01-04 10:25:07 [XNIO-1 task-4] INFO  o.d.c.w.i.PlusWebInvokeTimeInterceptor - [PLUS]开始请求 => URL[GET /auth/binding/maxkey],参数类型[param],参数:[{"domain":["localhost:81"],"tenantId":["000000"]}]
2026-01-04 10:25:07 [XNIO-1 task-4] INFO  o.d.c.w.i.PlusWebInvokeTimeInterceptor - [PLUS]结束请求 => URL[GET /auth/binding/maxkey],耗时:[0]毫秒
2026-01-04 10:25:07 [sj-client-check] WARN  c.a.s.c.c.r.c.g.SnailJobGrpcClient - gRPC channel state=TRANSIENT_FAILURE, try reconnect...
2026-01-04 10:25:08 [snail-job-grpc-client-executor-127.0.0.1-441] ERROR c.a.s.c.c.handler.ClientRegister - heartbeat check requestId:[441] message:[UNAVAILABLE: io exception]
2026-01-04 10:25:10 [XNIO-1 task-4] INFO  o.d.c.w.i.PlusWebInvokeTimeInterceptor - [PLUS]开始请求 => URL[POST /auth/login],参数类型[json],参数:[{"socialCode":"ff95c6f8-d795-4ce2-9dea-ea3a146085e5","socialState":"eyJkb21haW4iOiJsb2NhbGhvc3Q6ODEiLCJ0ZW5hbnRJZCI6IjAwMDAwMCIsInN0YXRlIjoiY2YyNDI4MzEwYTVjNzE2NTJjZTEyYzI2MjUzNmIyOGUifQ==","tenantId":"000000","source":"maxkey","clientId":"e5cd7e4891bf95d1d19206ce24a7b32e","grantType":"social"}]
2026-01-04 10:25:10 [async-18] INFO  o.d.s.s.i.SysLogininforServiceImpl - [0:0:0:0:0:0:0:1]内网IP[00320134][Success][登录成功]
2026-01-04 10:25:10 [XNIO-1 task-4] INFO  o.d.web.listener.UserActionListener - user doLogin, userId:sys_user:17625708501573482, token:eyJ0eXAiOiJKV1QiLCJhbGciOiJIUzI1NiJ9.eyJsb2dpblR5cGUiOiJsb2dpbiIsImxvZ2luSWQiOiJzeXNfdXNlcjoxNzYyNTcwODUwMTU3MzQ4MiIsInJuU3RyIjoiaE9iRWhYUzRIb3hvM0RXNm9DZVVFUTlCNDBTaDJRSGUiLCJjbGllbnRpZCI6ImU1Y2Q3ZTQ4OTFiZjk1ZDFkMTkyMDZjZTI0YTdiMzJlIiwidGVuYW50SWQiOiIwMDAwMDAiLCJ1c2VySWQiOiIxNzYyNTcwODUwMTU3MzQ4MiIsInVzZXJOYW1lIjoiMDAzMjAxMzQiLCJkZXB0SWQiOjkxOTE5OTk1OSwiZGVwdE5hbWUiOiLlub_kuJzmlbDlrZfpg6giLCJkZXB0Q2F0ZWdvcnkiOiIifQ.raD0K015u34LlMP9Fjab8HobLjd8b2QjRynPOsbx6kE
2026-01-04 10:25:10 [XNIO-1 task-4] INFO  o.d.c.w.i.PlusWebInvokeTimeInterceptor - [PLUS]结束请求 => URL[POST /auth/login],耗时:[49]毫秒
2026-01-04 10:25:12 [XNIO-1 task-4] INFO  o.d.c.w.i.PlusWebInvokeTimeInterceptor - [PLUS]开始请求 => URL[GET /system/user/getInfo],无参数
2026-01-04 10:25:12 [XNIO-1 task-4] INFO  o.d.c.w.i.PlusWebInvokeTimeInterceptor - [PLUS]结束请求 => URL[GET /system/user/getInfo],耗时:[8]毫秒
2026-01-04 10:25:12 [XNIO-1 task-4] INFO  o.d.c.w.i.PlusWebInvokeTimeInterceptor - [PLUS]开始请求 => URL[GET /system/menu/getRouters],无参数
2026-01-04 10:25:12 [XNIO-1 task-4] INFO  o.d.c.w.i.PlusWebInvokeTimeInterceptor - [PLUS]结束请求 => URL[GET /system/menu/getRouters],耗时:[4]毫秒
2026-01-04 10:25:12 [XNIO-1 task-4] INFO  o.d.c.w.i.PlusWebInvokeTimeInterceptor - [PLUS]开始请求 => URL[GET /auth/tenant/list],无参数
2026-01-04 10:25:12 [XNIO-1 task-4] INFO  o.d.c.r.aspectj.RateLimiterAspect - 限制令牌 => 20, 剩余令牌 => 14, 缓存key => 'global:rate_limit:/auth/tenant/list:0:0:0:0:0:0:0:1:'
2026-01-04 10:25:12 [XNIO-1 task-4] INFO  o.d.c.w.i.PlusWebInvokeTimeInterceptor - [PLUS]结束请求 => URL[GET /auth/tenant/list],耗时:[6]毫秒
2026-01-04 10:25:12 [XNIO-1 task-4] INFO  o.d.c.w.i.PlusWebInvokeTimeInterceptor - [PLUS]开始请求 => URL[GET /resource/sse],参数类型[param],参数:[{"Authorization":["Bearer eyJ0eXAiOiJKV1QiLCJhbGciOiJIUzI1NiJ9.eyJsb2dpblR5cGUiOiJsb2dpbiIsImxvZ2luSWQiOiJzeXNfdXNlcjoxNzYyNTcwODUwMTU3MzQ4MiIsInJuU3RyIjoiaE9iRWhYUzRIb3hvM0RXNm9DZVVFUTlCNDBTaDJRSGUiLCJjbGllbnRpZCI6ImU1Y2Q3ZTQ4OTFiZjk1ZDFkMTkyMDZjZTI0YTdiMzJlIiwidGVuYW50SWQiOiIwMDAwMDAiLCJ1c2VySWQiOiIxNzYyNTcwODUwMTU3MzQ4MiIsInVzZXJOYW1lIjoiMDAzMjAxMzQiLCJkZXB0SWQiOjkxOTE5OTk1OSwiZGVwdE5hbWUiOiLlub_kuJzmlbDlrZfpg6giLCJkZXB0Q2F0ZWdvcnkiOiIifQ.raD0K015u34LlMP9Fjab8HobLjd8b2QjRynPOsbx6kE"],"clientid":["e5cd7e4891bf95d1d19206ce24a7b32e"]}]
2026-01-04 10:25:15 [schedule-pool-13] INFO  o.d.c.sse.core.SseEmitterManager - SSE发送主题订阅消息topic:global:sse session keys:[17625708501573482] message:欢迎登录RuoYi-Vue-Plus后台管理系统
2026-01-04 10:25:15 [redisson-3-2] INFO  o.d.c.sse.listener.SseTopicListener - SSE主题订阅收到消息session keys=[17625708501573482] message=欢迎登录RuoYi-Vue-Plus后台管理系统
2026-01-04 10:25:15 [XNIO-1 task-4] INFO  o.d.c.w.i.PlusWebInvokeTimeInterceptor - [PLUS]开始请求 => URL[GET /resource/sse],参数类型[param],参数:[{"Authorization":["Bearer eyJ0eXAiOiJKV1QiLCJhbGciOiJIUzI1NiJ9.eyJsb2dpblR5cGUiOiJsb2dpbiIsImxvZ2luSWQiOiJzeXNfdXNlcjoxNzYyNTcwODUwMTU3MzQ4MiIsInJuU3RyIjoiaE9iRWhYUzRIb3hvM0RXNm9DZVVFUTlCNDBTaDJRSGUiLCJjbGllbnRpZCI6ImU1Y2Q3ZTQ4OTFiZjk1ZDFkMTkyMDZjZTI0YTdiMzJlIiwidGVuYW50SWQiOiIwMDAwMDAiLCJ1c2VySWQiOiIxNzYyNTcwODUwMTU3MzQ4MiIsInVzZXJOYW1lIjoiMDAzMjAxMzQiLCJkZXB0SWQiOjkxOTE5OTk1OSwiZGVwdE5hbWUiOiLlub_kuJzmlbDlrZfpg6giLCJkZXB0Q2F0ZWdvcnkiOiIifQ.raD0K015u34LlMP9Fjab8HobLjd8b2QjRynPOsbx6kE"],"clientid":["e5cd7e4891bf95d1d19206ce24a7b32e"]}]
2026-01-04 10:25:15 [XNIO-1 task-4] INFO  o.d.c.w.i.PlusWebInvokeTimeInterceptor - [PLUS]结束请求 => URL[GET /resource/sse],耗时:[0]毫秒
2026-01-04 10:25:17 [sj-client-check] WARN  c.a.s.c.c.r.c.g.SnailJobGrpcClient - gRPC channel state=TRANSIENT_FAILURE, try reconnect...
2026-01-04 10:25:18 [snail-job-grpc-client-executor-127.0.0.1-443] ERROR c.a.s.c.c.handler.ClientRegister - heartbeat check requestId:[443] message:[UNAVAILABLE: io exception]
2026-01-04 10:25:19 [XNIO-1 task-4] INFO  o.d.c.w.i.PlusWebInvokeTimeInterceptor - [PLUS]开始请求 => URL[GET /system/user/getInfo],无参数
2026-01-04 10:25:19 [XNIO-1 task-4] INFO  o.d.c.w.i.PlusWebInvokeTimeInterceptor - [PLUS]结束请求 => URL[GET /system/user/getInfo],耗时:[13]毫秒
2026-01-04 10:25:19 [XNIO-1 task-4] INFO  o.d.c.w.i.PlusWebInvokeTimeInterceptor - [PLUS]开始请求 => URL[GET /system/menu/getRouters],无参数
2026-01-04 10:25:19 [XNIO-1 task-4] INFO  o.d.c.w.i.PlusWebInvokeTimeInterceptor - [PLUS]结束请求 => URL[GET /system/menu/getRouters],耗时:[4]毫秒
2026-01-04 10:25:19 [XNIO-1 task-4] INFO  o.d.c.w.i.PlusWebInvokeTimeInterceptor - [PLUS]开始请求 => URL[GET /auth/tenant/list],无参数
2026-01-04 10:25:19 [XNIO-1 task-4] INFO  o.d.c.r.aspectj.RateLimiterAspect - 限制令牌 => 20, 剩余令牌 => 14, 缓存key => 'global:rate_limit:/auth/tenant/list:0:0:0:0:0:0:0:1:'
2026-01-04 10:25:19 [XNIO-1 task-4] INFO  o.d.c.w.i.PlusWebInvokeTimeInterceptor - [PLUS]结束请求 => URL[GET /auth/tenant/list],耗时:[8]毫秒
2026-01-04 10:25:19 [XNIO-1 task-4] INFO  o.d.c.w.i.PlusWebInvokeTimeInterceptor - [PLUS]开始请求 => URL[GET /resource/sse],参数类型[param],参数:[{"Authorization":["Bearer eyJ0eXAiOiJKV1QiLCJhbGciOiJIUzI1NiJ9.eyJsb2dpblR5cGUiOiJsb2dpbiIsImxvZ2luSWQiOiJzeXNfdXNlcjoxNzYyNTcwODUwMTU3MzQ4MiIsInJuU3RyIjoiaE9iRWhYUzRIb3hvM0RXNm9DZVVFUTlCNDBTaDJRSGUiLCJjbGllbnRpZCI6ImU1Y2Q3ZTQ4OTFiZjk1ZDFkMTkyMDZjZTI0YTdiMzJlIiwidGVuYW50SWQiOiIwMDAwMDAiLCJ1c2VySWQiOiIxNzYyNTcwODUwMTU3MzQ4MiIsInVzZXJOYW1lIjoiMDAzMjAxMzQiLCJkZXB0SWQiOjkxOTE5OTk1OSwiZGVwdE5hbWUiOiLlub_kuJzmlbDlrZfpg6giLCJkZXB0Q2F0ZWdvcnkiOiIifQ.raD0K015u34LlMP9Fjab8HobLjd8b2QjRynPOsbx6kE"],"clientid":["e5cd7e4891bf95d1d19206ce24a7b32e"]}]
2026-01-04 10:25:23 [XNIO-1 task-5] INFO  o.d.c.w.i.PlusWebInvokeTimeInterceptor - [PLUS]开始请求 => URL[GET /resource/sse/close],无参数
2026-01-04 10:25:23 [XNIO-1 task-4] INFO  o.d.c.w.i.PlusWebInvokeTimeInterceptor - [PLUS]开始请求 => URL[POST /auth/logout],无参数
2026-01-04 10:25:23 [XNIO-1 task-3] INFO  o.d.c.w.i.PlusWebInvokeTimeInterceptor - [PLUS]开始请求 => URL[GET /resource/sse],参数类型[param],参数:[{"Authorization":["Bearer eyJ0eXAiOiJKV1QiLCJhbGciOiJIUzI1NiJ9.eyJsb2dpblR5cGUiOiJsb2dpbiIsImxvZ2luSWQiOiJzeXNfdXNlcjoxNzYyNTcwODUwMTU3MzQ4MiIsInJuU3RyIjoiaE9iRWhYUzRIb3hvM0RXNm9DZVVFUTlCNDBTaDJRSGUiLCJjbGllbnRpZCI6ImU1Y2Q3ZTQ4OTFiZjk1ZDFkMTkyMDZjZTI0YTdiMzJlIiwidGVuYW50SWQiOiIwMDAwMDAiLCJ1c2VySWQiOiIxNzYyNTcwODUwMTU3MzQ4MiIsInVzZXJOYW1lIjoiMDAzMjAxMzQiLCJkZXB0SWQiOjkxOTE5OTk1OSwiZGVwdE5hbWUiOiLlub_kuJzmlbDlrZfpg6giLCJkZXB0Q2F0ZWdvcnkiOiIifQ.raD0K015u34LlMP9Fjab8HobLjd8b2QjRynPOsbx6kE"],"clientid":["e5cd7e4891bf95d1d19206ce24a7b32e"]}]
2026-01-04 10:25:23 [XNIO-1 task-5] INFO  o.d.c.w.i.PlusWebInvokeTimeInterceptor - [PLUS]结束请求 => URL[GET /resource/sse/close],耗时:[0]毫秒
2026-01-04 10:25:23 [XNIO-1 task-3] INFO  o.d.c.w.i.PlusWebInvokeTimeInterceptor - [PLUS]结束请求 => URL[GET /resource/sse],耗时:[0]毫秒
2026-01-04 10:25:23 [async-19] INFO  o.d.s.s.i.SysLogininforServiceImpl - [0:0:0:0:0:0:0:1]内网IP[00320134][Logout][退出成功]
2026-01-04 10:25:23 [XNIO-1 task-4] INFO  o.d.web.listener.UserActionListener - user doLogout, userId:sys_user:17625708501573482, token:eyJ0eXAiOiJKV1QiLCJhbGciOiJIUzI1NiJ9.eyJsb2dpblR5cGUiOiJsb2dpbiIsImxvZ2luSWQiOiJzeXNfdXNlcjoxNzYyNTcwODUwMTU3MzQ4MiIsInJuU3RyIjoiaE9iRWhYUzRIb3hvM0RXNm9DZVVFUTlCNDBTaDJRSGUiLCJjbGllbnRpZCI6ImU1Y2Q3ZTQ4OTFiZjk1ZDFkMTkyMDZjZTI0YTdiMzJlIiwidGVuYW50SWQiOiIwMDAwMDAiLCJ1c2VySWQiOiIxNzYyNTcwODUwMTU3MzQ4MiIsInVzZXJOYW1lIjoiMDAzMjAxMzQiLCJkZXB0SWQiOjkxOTE5OTk1OSwiZGVwdE5hbWUiOiLlub_kuJzmlbDlrZfpg6giLCJkZXB0Q2F0ZWdvcnkiOiIifQ.raD0K015u34LlMP9Fjab8HobLjd8b2QjRynPOsbx6kE
2026-01-04 10:25:23 [XNIO-1 task-4] INFO  o.d.c.w.i.PlusWebInvokeTimeInterceptor - [PLUS]结束请求 => URL[POST /auth/logout],耗时:[4]毫秒
2026-01-04 10:25:23 [XNIO-1 task-4] INFO  o.d.c.w.i.PlusWebInvokeTimeInterceptor - [PLUS]开始请求 => URL[GET /auth/code],无参数
2026-01-04 10:25:23 [XNIO-1 task-4] INFO  o.d.c.r.aspectj.RateLimiterAspect - 限制令牌 => 10, 剩余令牌 => 6, 缓存key => 'global:rate_limit:/auth/code:0:0:0:0:0:0:0:1:'
2026-01-04 10:25:23 [XNIO-1 task-4] INFO  o.d.c.w.i.PlusWebInvokeTimeInterceptor - [PLUS]结束请求 => URL[GET /auth/code],耗时:[6]毫秒
2026-01-04 10:25:23 [XNIO-1 task-4] INFO  o.d.c.w.i.PlusWebInvokeTimeInterceptor - [PLUS]开始请求 => URL[GET /auth/tenant/list],无参数
2026-01-04 10:25:23 [XNIO-1 task-4] INFO  o.d.c.r.aspectj.RateLimiterAspect - 限制令牌 => 20, 剩余令牌 => 13, 缓存key => 'global:rate_limit:/auth/tenant/list:0:0:0:0:0:0:0:1:'
2026-01-04 10:25:23 [XNIO-1 task-4] INFO  o.d.c.w.i.PlusWebInvokeTimeInterceptor - [PLUS]结束请求 => URL[GET /auth/tenant/list],耗时:[4]毫秒
2026-01-04 10:25:27 [sj-client-check] WARN  c.a.s.c.c.r.c.g.SnailJobGrpcClient - gRPC channel state=TRANSIENT_FAILURE, try reconnect...
2026-01-04 10:25:28 [snail-job-grpc-client-executor-127.0.0.1-444] ERROR c.a.s.c.c.handler.ClientRegister - heartbeat check requestId:[444] message:[UNAVAILABLE: io exception]
2026-01-04 10:25:29 [XNIO-1 task-4] INFO  o.d.c.w.i.PlusWebInvokeTimeInterceptor - [PLUS]开始请求 => URL[GET /auth/code],无参数
2026-01-04 10:25:29 [XNIO-1 task-3] INFO  o.d.c.w.i.PlusWebInvokeTimeInterceptor - [PLUS]开始请求 => URL[GET /auth/tenant/list],无参数
2026-01-04 10:25:29 [XNIO-1 task-4] INFO  o.d.c.r.aspectj.RateLimiterAspect - 限制令牌 => 10, 剩余令牌 => 5, 缓存key => 'global:rate_limit:/auth/code:0:0:0:0:0:0:0:1:'
2026-01-04 10:25:29 [XNIO-1 task-3] INFO  o.d.c.r.aspectj.RateLimiterAspect - 限制令牌 => 20, 剩余令牌 => 12, 缓存key => 'global:rate_limit:/auth/tenant/list:0:0:0:0:0:0:0:1:'
2026-01-04 10:25:29 [XNIO-1 task-3] INFO  o.d.c.w.i.PlusWebInvokeTimeInterceptor - [PLUS]结束请求 => URL[GET /auth/tenant/list],耗时:[5]毫秒
2026-01-04 10:25:29 [XNIO-1 task-4] INFO  o.d.c.w.i.PlusWebInvokeTimeInterceptor - [PLUS]结束请求 => URL[GET /auth/code],耗时:[10]毫秒
2026-01-04 10:25:29 [XNIO-1 task-4] INFO  o.d.c.w.i.PlusWebInvokeTimeInterceptor - [PLUS]开始请求 => URL[GET /auth/binding/maxkey],参数类型[param],参数:[{"domain":["localhost:81"],"tenantId":["000000"]}]
2026-01-04 10:25:29 [XNIO-1 task-4] INFO  o.d.c.w.i.PlusWebInvokeTimeInterceptor - [PLUS]结束请求 => URL[GET /auth/binding/maxkey],耗时:[0]毫秒
2026-01-04 10:25:37 [sj-client-check] WARN  c.a.s.c.c.r.c.g.SnailJobGrpcClient - gRPC channel state=TRANSIENT_FAILURE, try reconnect...
2026-01-04 10:25:38 [snail-job-grpc-client-executor-127.0.0.1-445] ERROR c.a.s.c.c.handler.ClientRegister - heartbeat check requestId:[445] message:[UNAVAILABLE: io exception]
2026-01-04 10:25:42 [XNIO-1 task-3] INFO  o.d.c.w.i.PlusWebInvokeTimeInterceptor - [PLUS]开始请求 => URL[GET /auth/tenant/list],无参数
2026-01-04 10:25:42 [XNIO-1 task-4] INFO  o.d.c.w.i.PlusWebInvokeTimeInterceptor - [PLUS]开始请求 => URL[GET /auth/code],无参数
2026-01-04 10:25:42 [XNIO-1 task-4] INFO  o.d.c.r.aspectj.RateLimiterAspect - 限制令牌 => 10, 剩余令牌 => 4, 缓存key => 'global:rate_limit:/auth/code:0:0:0:0:0:0:0:1:'
2026-01-04 10:25:42 [XNIO-1 task-3] INFO  o.d.c.r.aspectj.RateLimiterAspect - 限制令牌 => 20, 剩余令牌 => 12, 缓存key => 'global:rate_limit:/auth/tenant/list:0:0:0:0:0:0:0:1:'
2026-01-04 10:25:42 [XNIO-1 task-3] INFO  o.d.c.w.i.PlusWebInvokeTimeInterceptor - [PLUS]结束请求 => URL[GET /auth/tenant/list],耗时:[4]毫秒
2026-01-04 10:25:42 [XNIO-1 task-4] INFO  o.d.c.w.i.PlusWebInvokeTimeInterceptor - [PLUS]结束请求 => URL[GET /auth/code],耗时:[5]毫秒
2026-01-04 10:25:42 [XNIO-1 task-4] INFO  o.d.c.w.i.PlusWebInvokeTimeInterceptor - [PLUS]开始请求 => URL[GET /auth/binding/maxkey],参数类型[param],参数:[{"domain":["localhost:81"],"tenantId":["000000"]}]
2026-01-04 10:25:42 [XNIO-1 task-4] INFO  o.d.c.w.i.PlusWebInvokeTimeInterceptor - [PLUS]结束请求 => URL[GET /auth/binding/maxkey],耗时:[1]毫秒
2026-01-04 10:25:47 [sj-client-check] WARN  c.a.s.c.c.r.c.g.SnailJobGrpcClient - gRPC channel state=TRANSIENT_FAILURE, try reconnect...
2026-01-04 10:25:48 [snail-job-grpc-client-executor-127.0.0.1-446] ERROR c.a.s.c.c.handler.ClientRegister - heartbeat check requestId:[446] message:[UNAVAILABLE: io exception]
2026-01-04 10:25:57 [sj-client-check] WARN  c.a.s.c.c.r.c.g.SnailJobGrpcClient - gRPC channel state=TRANSIENT_FAILURE, try reconnect...
2026-01-04 10:25:58 [snail-job-grpc-client-executor-127.0.0.1-447] ERROR c.a.s.c.c.handler.ClientRegister - heartbeat check requestId:[447] message:[UNAVAILABLE: io exception]
2026-01-04 10:26:07 [sj-client-check] WARN  c.a.s.c.c.r.c.g.SnailJobGrpcClient - gRPC channel state=TRANSIENT_FAILURE, try reconnect...
2026-01-04 10:26:08 [snail-job-grpc-client-executor-127.0.0.1-448] ERROR c.a.s.c.c.handler.ClientRegister - heartbeat check requestId:[448] message:[UNAVAILABLE: io exception]
2026-01-04 10:26:17 [sj-client-check] WARN  c.a.s.c.c.r.c.g.SnailJobGrpcClient - gRPC channel state=TRANSIENT_FAILURE, try reconnect...
2026-01-04 10:26:18 [snail-job-grpc-client-executor-127.0.0.1-450] ERROR c.a.s.c.c.handler.ClientRegister - heartbeat check requestId:[450] message:[UNAVAILABLE: io exception]
2026-01-04 10:26:27 [sj-client-check] WARN  c.a.s.c.c.r.c.g.SnailJobGrpcClient - gRPC channel state=TRANSIENT_FAILURE, try reconnect...
2026-01-04 10:26:28 [snail-job-grpc-client-executor-127.0.0.1-451] ERROR c.a.s.c.c.handler.ClientRegister - heartbeat check requestId:[451] message:[UNAVAILABLE: io exception]
2026-01-04 10:26:30 [XNIO-1 task-4] INFO  o.d.c.w.i.PlusWebInvokeTimeInterceptor - [PLUS]开始请求 => URL[GET /auth/code],无参数
2026-01-04 10:26:30 [XNIO-1 task-3] INFO  o.d.c.w.i.PlusWebInvokeTimeInterceptor - [PLUS]开始请求 => URL[GET /auth/tenant/list],无参数
2026-01-04 10:26:30 [XNIO-1 task-3] INFO  o.d.c.r.aspectj.RateLimiterAspect - 限制令牌 => 20, 剩余令牌 => 18, 缓存key => 'global:rate_limit:/auth/tenant/list:0:0:0:0:0:0:0:1:'
2026-01-04 10:26:30 [XNIO-1 task-4] INFO  o.d.c.r.aspectj.RateLimiterAspect - 限制令牌 => 10, 剩余令牌 => 8, 缓存key => 'global:rate_limit:/auth/code:0:0:0:0:0:0:0:1:'
2026-01-04 10:26:30 [XNIO-1 task-3] INFO  o.d.c.w.i.PlusWebInvokeTimeInterceptor - [PLUS]结束请求 => URL[GET /auth/tenant/list],耗时:[4]毫秒
2026-01-04 10:26:30 [XNIO-1 task-4] INFO  o.d.c.w.i.PlusWebInvokeTimeInterceptor - [PLUS]结束请求 => URL[GET /auth/code],耗时:[6]毫秒
2026-01-04 10:26:30 [XNIO-1 task-4] INFO  o.d.c.w.i.PlusWebInvokeTimeInterceptor - [PLUS]开始请求 => URL[GET /auth/binding/maxkey],参数类型[param],参数:[{"domain":["localhost:81"],"tenantId":["000000"]}]
2026-01-04 10:26:30 [XNIO-1 task-4] INFO  o.d.c.w.i.PlusWebInvokeTimeInterceptor - [PLUS]结束请求 => URL[GET /auth/binding/maxkey],耗时:[1]毫秒
2026-01-04 10:26:31 [XNIO-1 task-4] INFO  o.d.c.w.i.PlusWebInvokeTimeInterceptor - [PLUS]开始请求 => URL[POST /auth/login],参数类型[json],参数:[{"socialCode":"dc4a7402-87d2-43f9-9746-fd4feb5d014e","socialState":"eyJkb21haW4iOiJsb2NhbGhvc3Q6ODEiLCJ0ZW5hbnRJZCI6IjAwMDAwMCIsInN0YXRlIjoiODUxODM2YmU4ZDE0NzY2MmYyOWI4ZDQ1ZjY1Mjc5YjEifQ==","tenantId":"000000","source":"maxkey","clientId":"e5cd7e4891bf95d1d19206ce24a7b32e","grantType":"social"}]
2026-01-04 10:26:31 [async-20] INFO  o.d.s.s.i.SysLogininforServiceImpl - [0:0:0:0:0:0:0:1]内网IP[00320134][Success][登录成功]
2026-01-04 10:26:31 [XNIO-1 task-4] INFO  o.d.web.listener.UserActionListener - user doLogin, userId:sys_user:17625708501573482, token:eyJ0eXAiOiJKV1QiLCJhbGciOiJIUzI1NiJ9.eyJsb2dpblR5cGUiOiJsb2dpbiIsImxvZ2luSWQiOiJzeXNfdXNlcjoxNzYyNTcwODUwMTU3MzQ4MiIsInJuU3RyIjoiZGR2U0s4bDRhbjhmOWh4bGVCN0dTcHZ4ZWk1SzhOR0IiLCJjbGllbnRpZCI6ImU1Y2Q3ZTQ4OTFiZjk1ZDFkMTkyMDZjZTI0YTdiMzJlIiwidGVuYW50SWQiOiIwMDAwMDAiLCJ1c2VySWQiOiIxNzYyNTcwODUwMTU3MzQ4MiIsInVzZXJOYW1lIjoiMDAzMjAxMzQiLCJkZXB0SWQiOjkxOTE5OTk1OSwiZGVwdE5hbWUiOiLlub_kuJzmlbDlrZfpg6giLCJkZXB0Q2F0ZWdvcnkiOiIifQ.aiGn-Ew8twfkEa8xUjwsWrTmgaZPBKDFOr23UTui12c
2026-01-04 10:26:31 [XNIO-1 task-4] INFO  o.d.c.w.i.PlusWebInvokeTimeInterceptor - [PLUS]结束请求 => URL[POST /auth/login],耗时:[58]毫秒
2026-01-04 10:26:33 [XNIO-1 task-4] INFO  o.d.c.w.i.PlusWebInvokeTimeInterceptor - [PLUS]开始请求 => URL[GET /system/user/getInfo],无参数
2026-01-04 10:26:33 [XNIO-1 task-4] INFO  o.d.c.w.i.PlusWebInvokeTimeInterceptor - [PLUS]结束请求 => URL[GET /system/user/getInfo],耗时:[4]毫秒
2026-01-04 10:26:33 [XNIO-1 task-4] INFO  o.d.c.w.i.PlusWebInvokeTimeInterceptor - [PLUS]开始请求 => URL[GET /system/menu/getRouters],无参数
2026-01-04 10:26:33 [XNIO-1 task-4] INFO  o.d.c.w.i.PlusWebInvokeTimeInterceptor - [PLUS]结束请求 => URL[GET /system/menu/getRouters],耗时:[3]毫秒
2026-01-04 10:26:33 [XNIO-1 task-4] INFO  o.d.c.w.i.PlusWebInvokeTimeInterceptor - [PLUS]开始请求 => URL[GET /auth/tenant/list],无参数
2026-01-04 10:26:33 [XNIO-1 task-4] INFO  o.d.c.r.aspectj.RateLimiterAspect - 限制令牌 => 20, 剩余令牌 => 17, 缓存key => 'global:rate_limit:/auth/tenant/list:0:0:0:0:0:0:0:1:'
2026-01-04 10:26:33 [XNIO-1 task-4] INFO  o.d.c.w.i.PlusWebInvokeTimeInterceptor - [PLUS]结束请求 => URL[GET /auth/tenant/list],耗时:[4]毫秒
2026-01-04 10:26:34 [XNIO-1 task-4] INFO  o.d.c.w.i.PlusWebInvokeTimeInterceptor - [PLUS]开始请求 => URL[GET /resource/sse],参数类型[param],参数:[{"Authorization":["Bearer eyJ0eXAiOiJKV1QiLCJhbGciOiJIUzI1NiJ9.eyJsb2dpblR5cGUiOiJsb2dpbiIsImxvZ2luSWQiOiJzeXNfdXNlcjoxNzYyNTcwODUwMTU3MzQ4MiIsInJuU3RyIjoiZGR2U0s4bDRhbjhmOWh4bGVCN0dTcHZ4ZWk1SzhOR0IiLCJjbGllbnRpZCI6ImU1Y2Q3ZTQ4OTFiZjk1ZDFkMTkyMDZjZTI0YTdiMzJlIiwidGVuYW50SWQiOiIwMDAwMDAiLCJ1c2VySWQiOiIxNzYyNTcwODUwMTU3MzQ4MiIsInVzZXJOYW1lIjoiMDAzMjAxMzQiLCJkZXB0SWQiOjkxOTE5OTk1OSwiZGVwdE5hbWUiOiLlub_kuJzmlbDlrZfpg6giLCJkZXB0Q2F0ZWdvcnkiOiIifQ.aiGn-Ew8twfkEa8xUjwsWrTmgaZPBKDFOr23UTui12c"],"clientid":["e5cd7e4891bf95d1d19206ce24a7b32e"]}]
2026-01-04 10:26:36 [schedule-pool-8] INFO  o.d.c.sse.core.SseEmitterManager - SSE发送主题订阅消息topic:global:sse session keys:[17625708501573482] message:欢迎登录RuoYi-Vue-Plus后台管理系统
2026-01-04 10:26:36 [redisson-3-3] INFO  o.d.c.sse.listener.SseTopicListener - SSE主题订阅收到消息session keys=[17625708501573482] message=欢迎登录RuoYi-Vue-Plus后台管理系统
2026-01-04 10:26:37 [sj-client-check] WARN  c.a.s.c.c.r.c.g.SnailJobGrpcClient - gRPC channel state=TRANSIENT_FAILURE, try reconnect...
2026-01-04 10:26:38 [XNIO-1 task-4] INFO  o.d.c.w.i.PlusWebInvokeTimeInterceptor - [PLUS]开始请求 => URL[POST /auth/logout],无参数
2026-01-04 10:26:38 [XNIO-1 task-3] INFO  o.d.c.w.i.PlusWebInvokeTimeInterceptor - [PLUS]开始请求 => URL[GET /resource/sse/close],无参数
2026-01-04 10:26:38 [XNIO-1 task-5] INFO  o.d.c.w.i.PlusWebInvokeTimeInterceptor - [PLUS]开始请求 => URL[GET /resource/sse],参数类型[param],参数:[{"Authorization":["Bearer eyJ0eXAiOiJKV1QiLCJhbGciOiJIUzI1NiJ9.eyJsb2dpblR5cGUiOiJsb2dpbiIsImxvZ2luSWQiOiJzeXNfdXNlcjoxNzYyNTcwODUwMTU3MzQ4MiIsInJuU3RyIjoiZGR2U0s4bDRhbjhmOWh4bGVCN0dTcHZ4ZWk1SzhOR0IiLCJjbGllbnRpZCI6ImU1Y2Q3ZTQ4OTFiZjk1ZDFkMTkyMDZjZTI0YTdiMzJlIiwidGVuYW50SWQiOiIwMDAwMDAiLCJ1c2VySWQiOiIxNzYyNTcwODUwMTU3MzQ4MiIsInVzZXJOYW1lIjoiMDAzMjAxMzQiLCJkZXB0SWQiOjkxOTE5OTk1OSwiZGVwdE5hbWUiOiLlub_kuJzmlbDlrZfpg6giLCJkZXB0Q2F0ZWdvcnkiOiIifQ.aiGn-Ew8twfkEa8xUjwsWrTmgaZPBKDFOr23UTui12c"],"clientid":["e5cd7e4891bf95d1d19206ce24a7b32e"]}]
2026-01-04 10:26:38 [XNIO-1 task-3] INFO  o.d.c.w.i.PlusWebInvokeTimeInterceptor - [PLUS]结束请求 => URL[GET /resource/sse/close],耗时:[0]毫秒
2026-01-04 10:26:38 [XNIO-1 task-5] INFO  o.d.c.w.i.PlusWebInvokeTimeInterceptor - [PLUS]结束请求 => URL[GET /resource/sse],耗时:[0]毫秒
2026-01-04 10:26:38 [async-21] INFO  o.d.s.s.i.SysLogininforServiceImpl - [0:0:0:0:0:0:0:1]内网IP[00320134][Logout][退出成功]
2026-01-04 10:26:38 [XNIO-1 task-4] INFO  o.d.web.listener.UserActionListener - user doLogout, userId:sys_user:17625708501573482, token:eyJ0eXAiOiJKV1QiLCJhbGciOiJIUzI1NiJ9.eyJsb2dpblR5cGUiOiJsb2dpbiIsImxvZ2luSWQiOiJzeXNfdXNlcjoxNzYyNTcwODUwMTU3MzQ4MiIsInJuU3RyIjoiZGR2U0s4bDRhbjhmOWh4bGVCN0dTcHZ4ZWk1SzhOR0IiLCJjbGllbnRpZCI6ImU1Y2Q3ZTQ4OTFiZjk1ZDFkMTkyMDZjZTI0YTdiMzJlIiwidGVuYW50SWQiOiIwMDAwMDAiLCJ1c2VySWQiOiIxNzYyNTcwODUwMTU3MzQ4MiIsInVzZXJOYW1lIjoiMDAzMjAxMzQiLCJkZXB0SWQiOjkxOTE5OTk1OSwiZGVwdE5hbWUiOiLlub_kuJzmlbDlrZfpg6giLCJkZXB0Q2F0ZWdvcnkiOiIifQ.aiGn-Ew8twfkEa8xUjwsWrTmgaZPBKDFOr23UTui12c
2026-01-04 10:26:38 [XNIO-1 task-4] INFO  o.d.c.w.i.PlusWebInvokeTimeInterceptor - [PLUS]结束请求 => URL[POST /auth/logout],耗时:[3]毫秒
2026-01-04 10:26:38 [snail-job-grpc-client-executor-127.0.0.1-452] ERROR c.a.s.c.c.handler.ClientRegister - heartbeat check requestId:[452] message:[UNAVAILABLE: io exception]
2026-01-04 10:26:38 [XNIO-1 task-4] INFO  o.d.c.w.i.PlusWebInvokeTimeInterceptor - [PLUS]开始请求 => URL[GET /auth/code],无参数
2026-01-04 10:26:38 [XNIO-1 task-4] INFO  o.d.c.r.aspectj.RateLimiterAspect - 限制令牌 => 10, 剩余令牌 => 7, 缓存key => 'global:rate_limit:/auth/code:0:0:0:0:0:0:0:1:'
2026-01-04 10:26:38 [XNIO-1 task-4] INFO  o.d.c.w.i.PlusWebInvokeTimeInterceptor - [PLUS]结束请求 => URL[GET /auth/code],耗时:[4]毫秒
2026-01-04 10:26:39 [XNIO-1 task-4] INFO  o.d.c.w.i.PlusWebInvokeTimeInterceptor - [PLUS]开始请求 => URL[GET /auth/tenant/list],无参数
2026-01-04 10:26:39 [XNIO-1 task-4] INFO  o.d.c.r.aspectj.RateLimiterAspect - 限制令牌 => 20, 剩余令牌 => 16, 缓存key => 'global:rate_limit:/auth/tenant/list:0:0:0:0:0:0:0:1:'
2026-01-04 10:26:39 [XNIO-1 task-4] INFO  o.d.c.w.i.PlusWebInvokeTimeInterceptor - [PLUS]结束请求 => URL[GET /auth/tenant/list],耗时:[2]毫秒
2026-01-04 10:26:41 [XNIO-1 task-3] INFO  o.d.c.w.i.PlusWebInvokeTimeInterceptor - [PLUS]开始请求 => URL[GET /auth/tenant/list],无参数
2026-01-04 10:26:41 [XNIO-1 task-4] INFO  o.d.c.w.i.PlusWebInvokeTimeInterceptor - [PLUS]开始请求 => URL[GET /auth/code],无参数
2026-01-04 10:26:41 [XNIO-1 task-4] INFO  o.d.c.r.aspectj.RateLimiterAspect - 限制令牌 => 10, 剩余令牌 => 6, 缓存key => 'global:rate_limit:/auth/code:0:0:0:0:0:0:0:1:'
2026-01-04 10:26:41 [XNIO-1 task-3] INFO  o.d.c.r.aspectj.RateLimiterAspect - 限制令牌 => 20, 剩余令牌 => 15, 缓存key => 'global:rate_limit:/auth/tenant/list:0:0:0:0:0:0:0:1:'
2026-01-04 10:26:41 [XNIO-1 task-3] INFO  o.d.c.w.i.PlusWebInvokeTimeInterceptor - [PLUS]结束请求 => URL[GET /auth/tenant/list],耗时:[4]毫秒
2026-01-04 10:26:41 [XNIO-1 task-4] INFO  o.d.c.w.i.PlusWebInvokeTimeInterceptor - [PLUS]结束请求 => URL[GET /auth/code],耗时:[4]毫秒
2026-01-04 10:26:41 [XNIO-1 task-4] INFO  o.d.c.w.i.PlusWebInvokeTimeInterceptor - [PLUS]开始请求 => URL[GET /auth/binding/maxkey],参数类型[param],参数:[{"domain":["localhost:81"],"tenantId":["000000"]}]
2026-01-04 10:26:41 [XNIO-1 task-4] INFO  o.d.c.w.i.PlusWebInvokeTimeInterceptor - [PLUS]结束请求 => URL[GET /auth/binding/maxkey],耗时:[0]毫秒
2026-01-04 10:26:42 [XNIO-1 task-4] INFO  o.d.c.w.i.PlusWebInvokeTimeInterceptor - [PLUS]开始请求 => URL[POST /auth/login],参数类型[json],参数:[{"socialCode":"dc993585-3b76-4f2a-90ca-8bc3fbf33e9f","socialState":"eyJkb21haW4iOiJsb2NhbGhvc3Q6ODEiLCJ0ZW5hbnRJZCI6IjAwMDAwMCIsInN0YXRlIjoiNDBhNWEyMmU5ZTc2YmU3YTNhZWE5YzJiMzc2NzNmM2YifQ==","tenantId":"000000","source":"maxkey","clientId":"e5cd7e4891bf95d1d19206ce24a7b32e","grantType":"social"}]
2026-01-04 10:26:42 [async-22] INFO  o.d.s.s.i.SysLogininforServiceImpl - [0:0:0:0:0:0:0:1]内网IP[00320134][Success][登录成功]
2026-01-04 10:26:42 [XNIO-1 task-4] INFO  o.d.web.listener.UserActionListener - user doLogin, userId:sys_user:17625708501573482, token:eyJ0eXAiOiJKV1QiLCJhbGciOiJIUzI1NiJ9.eyJsb2dpblR5cGUiOiJsb2dpbiIsImxvZ2luSWQiOiJzeXNfdXNlcjoxNzYyNTcwODUwMTU3MzQ4MiIsInJuU3RyIjoiSVhRNEkzMlRpTm52bXZONW1iQTVpdUZNN3NzTFdSQVEiLCJjbGllbnRpZCI6ImU1Y2Q3ZTQ4OTFiZjk1ZDFkMTkyMDZjZTI0YTdiMzJlIiwidGVuYW50SWQiOiIwMDAwMDAiLCJ1c2VySWQiOiIxNzYyNTcwODUwMTU3MzQ4MiIsInVzZXJOYW1lIjoiMDAzMjAxMzQiLCJkZXB0SWQiOjkxOTE5OTk1OSwiZGVwdE5hbWUiOiLlub_kuJzmlbDlrZfpg6giLCJkZXB0Q2F0ZWdvcnkiOiIifQ.8Pjes8LRWdHGMd_KIUmSA5T-ubhQrMaXSq7jlZGGbHc
2026-01-04 10:26:42 [XNIO-1 task-4] INFO  o.d.c.w.i.PlusWebInvokeTimeInterceptor - [PLUS]结束请求 => URL[POST /auth/login],耗时:[39]毫秒
2026-01-04 10:26:44 [XNIO-1 task-4] INFO  o.d.c.w.i.PlusWebInvokeTimeInterceptor - [PLUS]开始请求 => URL[GET /system/user/getInfo],无参数
2026-01-04 10:26:44 [XNIO-1 task-4] INFO  o.d.c.w.i.PlusWebInvokeTimeInterceptor - [PLUS]结束请求 => URL[GET /system/user/getInfo],耗时:[5]毫秒
2026-01-04 10:26:44 [XNIO-1 task-4] INFO  o.d.c.w.i.PlusWebInvokeTimeInterceptor - [PLUS]开始请求 => URL[GET /system/menu/getRouters],无参数
2026-01-04 10:26:44 [XNIO-1 task-4] INFO  o.d.c.w.i.PlusWebInvokeTimeInterceptor - [PLUS]结束请求 => URL[GET /system/menu/getRouters],耗时:[5]毫秒
2026-01-04 10:26:44 [XNIO-1 task-4] INFO  o.d.c.w.i.PlusWebInvokeTimeInterceptor - [PLUS]开始请求 => URL[GET /auth/tenant/list],无参数
2026-01-04 10:26:44 [XNIO-1 task-4] INFO  o.d.c.r.aspectj.RateLimiterAspect - 限制令牌 => 20, 剩余令牌 => 15, 缓存key => 'global:rate_limit:/auth/tenant/list:0:0:0:0:0:0:0:1:'
2026-01-04 10:26:44 [XNIO-1 task-4] INFO  o.d.c.w.i.PlusWebInvokeTimeInterceptor - [PLUS]结束请求 => URL[GET /auth/tenant/list],耗时:[4]毫秒
2026-01-04 10:26:44 [XNIO-1 task-4] INFO  o.d.c.w.i.PlusWebInvokeTimeInterceptor - [PLUS]开始请求 => URL[GET /resource/sse],参数类型[param],参数:[{"Authorization":["Bearer eyJ0eXAiOiJKV1QiLCJhbGciOiJIUzI1NiJ9.eyJsb2dpblR5cGUiOiJsb2dpbiIsImxvZ2luSWQiOiJzeXNfdXNlcjoxNzYyNTcwODUwMTU3MzQ4MiIsInJuU3RyIjoiSVhRNEkzMlRpTm52bXZONW1iQTVpdUZNN3NzTFdSQVEiLCJjbGllbnRpZCI6ImU1Y2Q3ZTQ4OTFiZjk1ZDFkMTkyMDZjZTI0YTdiMzJlIiwidGVuYW50SWQiOiIwMDAwMDAiLCJ1c2VySWQiOiIxNzYyNTcwODUwMTU3MzQ4MiIsInVzZXJOYW1lIjoiMDAzMjAxMzQiLCJkZXB0SWQiOjkxOTE5OTk1OSwiZGVwdE5hbWUiOiLlub_kuJzmlbDlrZfpg6giLCJkZXB0Q2F0ZWdvcnkiOiIifQ.8Pjes8LRWdHGMd_KIUmSA5T-ubhQrMaXSq7jlZGGbHc"],"clientid":["e5cd7e4891bf95d1d19206ce24a7b32e"]}]
2026-01-04 10:26:47 [sj-client-check] WARN  c.a.s.c.c.r.c.g.SnailJobGrpcClient - gRPC channel state=TRANSIENT_FAILURE, try reconnect...
2026-01-04 10:26:47 [schedule-pool-9] INFO  o.d.c.sse.core.SseEmitterManager - SSE发送主题订阅消息topic:global:sse session keys:[17625708501573482] message:欢迎登录RuoYi-Vue-Plus后台管理系统
2026-01-04 10:26:47 [redisson-3-4] INFO  o.d.c.sse.listener.SseTopicListener - SSE主题订阅收到消息session keys=[17625708501573482] message=欢迎登录RuoYi-Vue-Plus后台管理系统
2026-01-04 10:26:48 [snail-job-grpc-client-executor-127.0.0.1-453] ERROR c.a.s.c.c.handler.ClientRegister - heartbeat check requestId:[453] message:[UNAVAILABLE: io exception]
2026-01-04 10:26:51 [XNIO-1 task-4] INFO  o.d.c.w.i.PlusWebInvokeTimeInterceptor - [PLUS]开始请求 => URL[POST /auth/logout],无参数
2026-01-04 10:26:51 [async-23] INFO  o.d.s.s.i.SysLogininforServiceImpl - [0:0:0:0:0:0:0:1]内网IP[00320134][Logout][退出成功]
2026-01-04 10:26:51 [XNIO-1 task-4] INFO  o.d.web.listener.UserActionListener - user doLogout, userId:sys_user:17625708501573482, token:eyJ0eXAiOiJKV1QiLCJhbGciOiJIUzI1NiJ9.eyJsb2dpblR5cGUiOiJsb2dpbiIsImxvZ2luSWQiOiJzeXNfdXNlcjoxNzYyNTcwODUwMTU3MzQ4MiIsInJuU3RyIjoiSVhRNEkzMlRpTm52bXZONW1iQTVpdUZNN3NzTFdSQVEiLCJjbGllbnRpZCI6ImU1Y2Q3ZTQ4OTFiZjk1ZDFkMTkyMDZjZTI0YTdiMzJlIiwidGVuYW50SWQiOiIwMDAwMDAiLCJ1c2VySWQiOiIxNzYyNTcwODUwMTU3MzQ4MiIsInVzZXJOYW1lIjoiMDAzMjAxMzQiLCJkZXB0SWQiOjkxOTE5OTk1OSwiZGVwdE5hbWUiOiLlub_kuJzmlbDlrZfpg6giLCJkZXB0Q2F0ZWdvcnkiOiIifQ.8Pjes8LRWdHGMd_KIUmSA5T-ubhQrMaXSq7jlZGGbHc
2026-01-04 10:26:51 [XNIO-1 task-4] INFO  o.d.c.w.i.PlusWebInvokeTimeInterceptor - [PLUS]结束请求 => URL[POST /auth/logout],耗时:[4]毫秒
2026-01-04 10:26:52 [XNIO-1 task-4] INFO  o.d.c.w.i.PlusWebInvokeTimeInterceptor - [PLUS]开始请求 => URL[GET /resource/sse/close],无参数
2026-01-04 10:26:52 [XNIO-1 task-4] INFO  o.d.c.w.i.PlusWebInvokeTimeInterceptor - [PLUS]结束请求 => URL[GET /resource/sse/close],耗时:[0]毫秒
2026-01-04 10:26:52 [XNIO-1 task-3] INFO  o.d.c.w.i.PlusWebInvokeTimeInterceptor - [PLUS]开始请求 => URL[GET /resource/sse],参数类型[param],参数:[{"Authorization":["Bearer eyJ0eXAiOiJKV1QiLCJhbGciOiJIUzI1NiJ9.eyJsb2dpblR5cGUiOiJsb2dpbiIsImxvZ2luSWQiOiJzeXNfdXNlcjoxNzYyNTcwODUwMTU3MzQ4MiIsInJuU3RyIjoiSVhRNEkzMlRpTm52bXZONW1iQTVpdUZNN3NzTFdSQVEiLCJjbGllbnRpZCI6ImU1Y2Q3ZTQ4OTFiZjk1ZDFkMTkyMDZjZTI0YTdiMzJlIiwidGVuYW50SWQiOiIwMDAwMDAiLCJ1c2VySWQiOiIxNzYyNTcwODUwMTU3MzQ4MiIsInVzZXJOYW1lIjoiMDAzMjAxMzQiLCJkZXB0SWQiOjkxOTE5OTk1OSwiZGVwdE5hbWUiOiLlub_kuJzmlbDlrZfpg6giLCJkZXB0Q2F0ZWdvcnkiOiIifQ.8Pjes8LRWdHGMd_KIUmSA5T-ubhQrMaXSq7jlZGGbHc"],"clientid":["e5cd7e4891bf95d1d19206ce24a7b32e"]}]
2026-01-04 10:26:52 [XNIO-1 task-3] INFO  o.d.c.w.i.PlusWebInvokeTimeInterceptor - [PLUS]结束请求 => URL[GET /resource/sse],耗时:[0]毫秒
2026-01-04 10:26:52 [XNIO-1 task-3] INFO  o.d.c.w.i.PlusWebInvokeTimeInterceptor - [PLUS]开始请求 => URL[GET /auth/code],无参数
2026-01-04 10:26:52 [XNIO-1 task-3] INFO  o.d.c.r.aspectj.RateLimiterAspect - 限制令牌 => 10, 剩余令牌 => 6, 缓存key => 'global:rate_limit:/auth/code:0:0:0:0:0:0:0:1:'
2026-01-04 10:26:52 [XNIO-1 task-3] INFO  o.d.c.w.i.PlusWebInvokeTimeInterceptor - [PLUS]结束请求 => URL[GET /auth/code],耗时:[6]毫秒
2026-01-04 10:26:52 [XNIO-1 task-3] INFO  o.d.c.w.i.PlusWebInvokeTimeInterceptor - [PLUS]开始请求 => URL[GET /auth/tenant/list],无参数
2026-01-04 10:26:52 [XNIO-1 task-3] INFO  o.d.c.r.aspectj.RateLimiterAspect - 限制令牌 => 20, 剩余令牌 => 14, 缓存key => 'global:rate_limit:/auth/tenant/list:0:0:0:0:0:0:0:1:'
2026-01-04 10:26:52 [XNIO-1 task-3] INFO  o.d.c.w.i.PlusWebInvokeTimeInterceptor - [PLUS]结束请求 => URL[GET /auth/tenant/list],耗时:[3]毫秒
2026-01-04 10:26:57 [sj-client-check] WARN  c.a.s.c.c.r.c.g.SnailJobGrpcClient - gRPC channel state=TRANSIENT_FAILURE, try reconnect...
2026-01-04 10:26:58 [snail-job-grpc-client-executor-127.0.0.1-454] ERROR c.a.s.c.c.handler.ClientRegister - heartbeat check requestId:[454] message:[UNAVAILABLE: io exception]
2026-01-04 10:27:07 [sj-client-check] WARN  c.a.s.c.c.r.c.g.SnailJobGrpcClient - gRPC channel state=TRANSIENT_FAILURE, try reconnect...
2026-01-04 10:27:08 [snail-job-grpc-client-executor-127.0.0.1-455] ERROR c.a.s.c.c.handler.ClientRegister - heartbeat check requestId:[455] message:[UNAVAILABLE: io exception]
2026-01-04 10:27:17 [sj-client-check] WARN  c.a.s.c.c.r.c.g.SnailJobGrpcClient - gRPC channel state=TRANSIENT_FAILURE, try reconnect...
2026-01-04 10:27:18 [snail-job-grpc-client-executor-127.0.0.1-456] ERROR c.a.s.c.c.handler.ClientRegister - heartbeat check requestId:[456] message:[UNAVAILABLE: io exception]
2026-01-04 10:27:21 [XNIO-1 task-3] INFO  o.d.c.w.i.PlusWebInvokeTimeInterceptor - [PLUS]开始请求 => URL[POST /auth/login],参数类型[json],参数:[{"tenantId":"000000","username":"00320134","password":"123456","rememberMe":false,"code":"2","clientId":"e5cd7e4891bf95d1d19206ce24a7b32e","grantType":"password"}]
2026-01-04 10:27:21 [XNIO-1 task-3] ERROR o.d.c.w.h.GlobalExceptionHandler - 验证码已失效
2026-01-04 10:27:21 [XNIO-1 task-3] INFO  o.d.c.w.i.PlusWebInvokeTimeInterceptor - [PLUS]结束请求 => URL[POST /auth/login],耗时:[3]毫秒
2026-01-04 10:27:21 [async-24] INFO  o.d.s.s.i.SysLogininforServiceImpl - [0:0:0:0:0:0:0:1]内网IP[00320134][Error][验证码已失效]
2026-01-04 10:27:21 [XNIO-1 task-3] INFO  o.d.c.w.i.PlusWebInvokeTimeInterceptor - [PLUS]开始请求 => URL[GET /auth/code],无参数
2026-01-04 10:27:21 [XNIO-1 task-3] INFO  o.d.c.r.aspectj.RateLimiterAspect - 限制令牌 => 10, 剩余令牌 => 5, 缓存key => 'global:rate_limit:/auth/code:0:0:0:0:0:0:0:1:'
2026-01-04 10:27:21 [XNIO-1 task-3] INFO  o.d.c.w.i.PlusWebInvokeTimeInterceptor - [PLUS]结束请求 => URL[GET /auth/code],耗时:[4]毫秒
2026-01-04 10:27:22 [XNIO-1 task-3] INFO  o.d.c.w.i.PlusWebInvokeTimeInterceptor - [PLUS]开始请求 => URL[POST /auth/login],参数类型[json],参数:[{"tenantId":"000000","username":"00320134","password":"123456","rememberMe":false,"code":"3","uuid":"c9a9fb30c7d94b0087b5ad2487c463fb","clientId":"e5cd7e4891bf95d1d19206ce24a7b32e","grantType":"password"}]
2026-01-04 10:27:22 [async-25] INFO  o.d.s.s.i.SysLogininforServiceImpl - [0:0:0:0:0:0:0:1]内网IP[00320134][Success][登录成功]
2026-01-04 10:27:22 [XNIO-1 task-3] INFO  o.d.web.listener.UserActionListener - user doLogin, userId:sys_user:17625708501573482, token:eyJ0eXAiOiJKV1QiLCJhbGciOiJIUzI1NiJ9.eyJsb2dpblR5cGUiOiJsb2dpbiIsImxvZ2luSWQiOiJzeXNfdXNlcjoxNzYyNTcwODUwMTU3MzQ4MiIsInJuU3RyIjoiZ0RQVlBYRmJONWxxWmJpdHVzUVFCckx6WlpFSXh6cHQiLCJjbGllbnRpZCI6ImU1Y2Q3ZTQ4OTFiZjk1ZDFkMTkyMDZjZTI0YTdiMzJlIiwidGVuYW50SWQiOiIwMDAwMDAiLCJ1c2VySWQiOiIxNzYyNTcwODUwMTU3MzQ4MiIsInVzZXJOYW1lIjoiMDAzMjAxMzQiLCJkZXB0SWQiOjkxOTE5OTk1OSwiZGVwdE5hbWUiOiLlub_kuJzmlbDlrZfpg6giLCJkZXB0Q2F0ZWdvcnkiOiIifQ.fWgc2-OGzuE1sFzML8GWw1APjCY5i_lyQnpfmwJ4azo
2026-01-04 10:27:22 [XNIO-1 task-3] INFO  o.d.c.w.i.PlusWebInvokeTimeInterceptor - [PLUS]结束请求 => URL[POST /auth/login],耗时:[19]毫秒
2026-01-04 10:27:23 [XNIO-1 task-3] INFO  o.d.c.w.i.PlusWebInvokeTimeInterceptor - [PLUS]开始请求 => URL[GET /system/user/getInfo],无参数
2026-01-04 10:27:23 [XNIO-1 task-3] INFO  o.d.c.w.i.PlusWebInvokeTimeInterceptor - [PLUS]结束请求 => URL[GET /system/user/getInfo],耗时:[5]毫秒
2026-01-04 10:27:23 [XNIO-1 task-3] INFO  o.d.c.w.i.PlusWebInvokeTimeInterceptor - [PLUS]开始请求 => URL[GET /system/menu/getRouters],无参数
2026-01-04 10:27:23 [XNIO-1 task-3] INFO  o.d.c.w.i.PlusWebInvokeTimeInterceptor - [PLUS]结束请求 => URL[GET /system/menu/getRouters],耗时:[5]毫秒
2026-01-04 10:27:23 [XNIO-1 task-3] INFO  o.d.c.w.i.PlusWebInvokeTimeInterceptor - [PLUS]开始请求 => URL[GET /auth/tenant/list],无参数
2026-01-04 10:27:23 [XNIO-1 task-3] INFO  o.d.c.r.aspectj.RateLimiterAspect - 限制令牌 => 20, 剩余令牌 => 13, 缓存key => 'global:rate_limit:/auth/tenant/list:0:0:0:0:0:0:0:1:'
2026-01-04 10:27:23 [XNIO-1 task-3] INFO  o.d.c.w.i.PlusWebInvokeTimeInterceptor - [PLUS]结束请求 => URL[GET /auth/tenant/list],耗时:[6]毫秒
2026-01-04 10:27:23 [XNIO-1 task-3] INFO  o.d.c.w.i.PlusWebInvokeTimeInterceptor - [PLUS]开始请求 => URL[GET /resource/sse],参数类型[param],参数:[{"Authorization":["Bearer eyJ0eXAiOiJKV1QiLCJhbGciOiJIUzI1NiJ9.eyJsb2dpblR5cGUiOiJsb2dpbiIsImxvZ2luSWQiOiJzeXNfdXNlcjoxNzYyNTcwODUwMTU3MzQ4MiIsInJuU3RyIjoiZ0RQVlBYRmJONWxxWmJpdHVzUVFCckx6WlpFSXh6cHQiLCJjbGllbnRpZCI6ImU1Y2Q3ZTQ4OTFiZjk1ZDFkMTkyMDZjZTI0YTdiMzJlIiwidGVuYW50SWQiOiIwMDAwMDAiLCJ1c2VySWQiOiIxNzYyNTcwODUwMTU3MzQ4MiIsInVzZXJOYW1lIjoiMDAzMjAxMzQiLCJkZXB0SWQiOjkxOTE5OTk1OSwiZGVwdE5hbWUiOiLlub_kuJzmlbDlrZfpg6giLCJkZXB0Q2F0ZWdvcnkiOiIifQ.fWgc2-OGzuE1sFzML8GWw1APjCY5i_lyQnpfmwJ4azo"],"clientid":["e5cd7e4891bf95d1d19206ce24a7b32e"]}]
2026-01-04 10:27:26 [XNIO-1 task-3] INFO  o.d.c.w.i.PlusWebInvokeTimeInterceptor - [PLUS]开始请求 => URL[GET /system/dict/data/type/sys_device_type],无参数
2026-01-04 10:27:26 [XNIO-1 task-3] INFO  o.d.c.w.i.PlusWebInvokeTimeInterceptor - [PLUS]结束请求 => URL[GET /system/dict/data/type/sys_device_type],耗时:[1]毫秒
2026-01-04 10:27:26 [XNIO-1 task-3] INFO  o.d.c.w.i.PlusWebInvokeTimeInterceptor - [PLUS]开始请求 => URL[GET /system/user/profile],无参数
2026-01-04 10:27:26 [XNIO-1 task-5] INFO  o.d.c.w.i.PlusWebInvokeTimeInterceptor - [PLUS]开始请求 => URL[GET /monitor/online],无参数
2026-01-04 10:27:26 [XNIO-1 task-4] INFO  o.d.c.w.i.PlusWebInvokeTimeInterceptor - [PLUS]开始请求 => URL[GET /system/social/list],无参数
2026-01-04 10:27:26 [XNIO-1 task-5] INFO  o.d.c.w.i.PlusWebInvokeTimeInterceptor - [PLUS]结束请求 => URL[GET /monitor/online],耗时:[1]毫秒
2026-01-04 10:27:26 [XNIO-1 task-4] INFO  o.d.c.w.i.PlusWebInvokeTimeInterceptor - [PLUS]结束请求 => URL[GET /system/social/list],耗时:[3]毫秒
2026-01-04 10:27:26 [XNIO-1 task-3] INFO  o.d.c.w.i.PlusWebInvokeTimeInterceptor - [PLUS]结束请求 => URL[GET /system/user/profile],耗时:[11]毫秒
2026-01-04 10:27:27 [sj-client-check] WARN  c.a.s.c.c.r.c.g.SnailJobGrpcClient - gRPC channel state=TRANSIENT_FAILURE, try reconnect...
2026-01-04 10:27:28 [schedule-pool-3] INFO  o.d.c.sse.core.SseEmitterManager - SSE发送主题订阅消息topic:global:sse session keys:[17625708501573482] message:欢迎登录RuoYi-Vue-Plus后台管理系统
2026-01-04 10:27:28 [redisson-3-1] INFO  o.d.c.sse.listener.SseTopicListener - SSE主题订阅收到消息session keys=[17625708501573482] message=欢迎登录RuoYi-Vue-Plus后台管理系统
2026-01-04 10:27:28 [snail-job-grpc-client-executor-127.0.0.1-458] ERROR c.a.s.c.c.handler.ClientRegister - heartbeat check requestId:[458] message:[UNAVAILABLE: io exception]
2026-01-04 10:27:37 [sj-client-check] WARN  c.a.s.c.c.r.c.g.SnailJobGrpcClient - gRPC channel state=TRANSIENT_FAILURE, try reconnect...
2026-01-04 10:27:38 [snail-job-grpc-client-executor-127.0.0.1-459] ERROR c.a.s.c.c.handler.ClientRegister - heartbeat check requestId:[459] message:[UNAVAILABLE: io exception]
2026-01-04 10:27:45 [XNIO-1 task-3] INFO  o.d.c.w.i.PlusWebInvokeTimeInterceptor - [PLUS]开始请求 => URL[PUT /system/user/profile/updatePwd],参数类型[json],参数:[{"oldPassword":"123456","newPassword":"wsx1357994653200"}]
2026-01-04 10:27:46 [XNIO-1 task-3] INFO  o.d.c.w.i.PlusWebInvokeTimeInterceptor - [PLUS]结束请求 => URL[PUT /system/user/profile/updatePwd],耗时:[35]毫秒
2026-01-04 10:27:46 [XNIO-1 task-4] INFO  o.d.c.w.i.PlusWebInvokeTimeInterceptor - [PLUS]开始请求 => URL[GET /resource/sse/close],无参数
2026-01-04 10:27:46 [XNIO-1 task-3] INFO  o.d.c.w.i.PlusWebInvokeTimeInterceptor - [PLUS]开始请求 => URL[POST /auth/logout],无参数
2026-01-04 10:27:46 [XNIO-1 task-5] INFO  o.d.c.w.i.PlusWebInvokeTimeInterceptor - [PLUS]开始请求 => URL[GET /resource/sse],参数类型[param],参数:[{"Authorization":["Bearer eyJ0eXAiOiJKV1QiLCJhbGciOiJIUzI1NiJ9.eyJsb2dpblR5cGUiOiJsb2dpbiIsImxvZ2luSWQiOiJzeXNfdXNlcjoxNzYyNTcwODUwMTU3MzQ4MiIsInJuU3RyIjoiZ0RQVlBYRmJONWxxWmJpdHVzUVFCckx6WlpFSXh6cHQiLCJjbGllbnRpZCI6ImU1Y2Q3ZTQ4OTFiZjk1ZDFkMTkyMDZjZTI0YTdiMzJlIiwidGVuYW50SWQiOiIwMDAwMDAiLCJ1c2VySWQiOiIxNzYyNTcwODUwMTU3MzQ4MiIsInVzZXJOYW1lIjoiMDAzMjAxMzQiLCJkZXB0SWQiOjkxOTE5OTk1OSwiZGVwdE5hbWUiOiLlub_kuJzmlbDlrZfpg6giLCJkZXB0Q2F0ZWdvcnkiOiIifQ.fWgc2-OGzuE1sFzML8GWw1APjCY5i_lyQnpfmwJ4azo"],"clientid":["e5cd7e4891bf95d1d19206ce24a7b32e"]}]
2026-01-04 10:27:46 [XNIO-1 task-4] INFO  o.d.c.w.i.PlusWebInvokeTimeInterceptor - [PLUS]结束请求 => URL[GET /resource/sse/close],耗时:[0]毫秒
2026-01-04 10:27:46 [XNIO-1 task-5] INFO  o.d.c.w.i.PlusWebInvokeTimeInterceptor - [PLUS]结束请求 => URL[GET /resource/sse],耗时:[0]毫秒
2026-01-04 10:27:46 [async-27] INFO  o.d.s.s.i.SysLogininforServiceImpl - [0:0:0:0:0:0:0:1]内网IP[00320134][Logout][退出成功]
2026-01-04 10:27:46 [XNIO-1 task-3] INFO  o.d.web.listener.UserActionListener - user doLogout, userId:sys_user:17625708501573482, token:eyJ0eXAiOiJKV1QiLCJhbGciOiJIUzI1NiJ9.eyJsb2dpblR5cGUiOiJsb2dpbiIsImxvZ2luSWQiOiJzeXNfdXNlcjoxNzYyNTcwODUwMTU3MzQ4MiIsInJuU3RyIjoiZ0RQVlBYRmJONWxxWmJpdHVzUVFCckx6WlpFSXh6cHQiLCJjbGllbnRpZCI6ImU1Y2Q3ZTQ4OTFiZjk1ZDFkMTkyMDZjZTI0YTdiMzJlIiwidGVuYW50SWQiOiIwMDAwMDAiLCJ1c2VySWQiOiIxNzYyNTcwODUwMTU3MzQ4MiIsInVzZXJOYW1lIjoiMDAzMjAxMzQiLCJkZXB0SWQiOjkxOTE5OTk1OSwiZGVwdE5hbWUiOiLlub_kuJzmlbDlrZfpg6giLCJkZXB0Q2F0ZWdvcnkiOiIifQ.fWgc2-OGzuE1sFzML8GWw1APjCY5i_lyQnpfmwJ4azo
2026-01-04 10:27:46 [XNIO-1 task-3] INFO  o.d.c.w.i.PlusWebInvokeTimeInterceptor - [PLUS]结束请求 => URL[POST /auth/logout],耗时:[5]毫秒
2026-01-04 10:27:46 [XNIO-1 task-5] INFO  o.d.c.w.i.PlusWebInvokeTimeInterceptor - [PLUS]开始请求 => URL[GET /auth/tenant/list],无参数
2026-01-04 10:27:46 [XNIO-1 task-3] INFO  o.d.c.w.i.PlusWebInvokeTimeInterceptor - [PLUS]开始请求 => URL[GET /auth/code],无参数
2026-01-04 10:27:46 [XNIO-1 task-3] INFO  o.d.c.r.aspectj.RateLimiterAspect - 限制令牌 => 10, 剩余令牌 => 7, 缓存key => 'global:rate_limit:/auth/code:0:0:0:0:0:0:0:1:'
2026-01-04 10:27:46 [XNIO-1 task-5] INFO  o.d.c.r.aspectj.RateLimiterAspect - 限制令牌 => 20, 剩余令牌 => 17, 缓存key => 'global:rate_limit:/auth/tenant/list:0:0:0:0:0:0:0:1:'
2026-01-04 10:27:46 [XNIO-1 task-5] INFO  o.d.c.w.i.PlusWebInvokeTimeInterceptor - [PLUS]结束请求 => URL[GET /auth/tenant/list],耗时:[3]毫秒
2026-01-04 10:27:46 [XNIO-1 task-3] INFO  o.d.c.w.i.PlusWebInvokeTimeInterceptor - [PLUS]结束请求 => URL[GET /auth/code],耗时:[3]毫秒
2026-01-04 10:27:47 [sj-client-check] WARN  c.a.s.c.c.r.c.g.SnailJobGrpcClient - gRPC channel state=TRANSIENT_FAILURE, try reconnect...
2026-01-04 10:27:48 [snail-job-grpc-client-executor-127.0.0.1-460] ERROR c.a.s.c.c.handler.ClientRegister - heartbeat check requestId:[460] message:[UNAVAILABLE: io exception]
2026-01-04 10:27:57 [sj-client-check] WARN  c.a.s.c.c.r.c.g.SnailJobGrpcClient - gRPC channel state=TRANSIENT_FAILURE, try reconnect...
2026-01-04 10:27:57 [XNIO-1 task-3] INFO  o.d.c.w.i.PlusWebInvokeTimeInterceptor - [PLUS]开始请求 => URL[POST /auth/login],参数类型[json],参数:[{"tenantId":"000000","username":"00320134","password":"wsx1357994653200","rememberMe":false,"uuid":"1bb6bd7b337b4c0aaaf35fa6baf5ab7a","code":"7","clientId":"e5cd7e4891bf95d1d19206ce24a7b32e","grantType":"password"}]
2026-01-04 10:27:57 [async-28] INFO  o.d.s.s.i.SysLogininforServiceImpl - [0:0:0:0:0:0:0:1]内网IP[00320134][Success][登录成功]
2026-01-04 10:27:57 [XNIO-1 task-3] INFO  o.d.web.listener.UserActionListener - user doLogin, userId:sys_user:17625708501573482, token:eyJ0eXAiOiJKV1QiLCJhbGciOiJIUzI1NiJ9.eyJsb2dpblR5cGUiOiJsb2dpbiIsImxvZ2luSWQiOiJzeXNfdXNlcjoxNzYyNTcwODUwMTU3MzQ4MiIsInJuU3RyIjoiV2hKc1RCZUNic3Frdnk2ZVBwQ0NxcjhOTnB2TU04REwiLCJjbGllbnRpZCI6ImU1Y2Q3ZTQ4OTFiZjk1ZDFkMTkyMDZjZTI0YTdiMzJlIiwidGVuYW50SWQiOiIwMDAwMDAiLCJ1c2VySWQiOiIxNzYyNTcwODUwMTU3MzQ4MiIsInVzZXJOYW1lIjoiMDAzMjAxMzQiLCJkZXB0SWQiOjkxOTE5OTk1OSwiZGVwdE5hbWUiOiLlub_kuJzmlbDlrZfpg6giLCJkZXB0Q2F0ZWdvcnkiOiIifQ.U8_6_KiWGUUjENLplH9li2C74peCp3WvcGHSQ_xbYg0
2026-01-04 10:27:57 [XNIO-1 task-3] INFO  o.d.c.w.i.PlusWebInvokeTimeInterceptor - [PLUS]结束请求 => URL[POST /auth/login],耗时:[131]毫秒
2026-01-04 10:27:58 [XNIO-1 task-3] INFO  o.d.c.w.i.PlusWebInvokeTimeInterceptor - [PLUS]开始请求 => URL[GET /system/user/getInfo],无参数
2026-01-04 10:27:58 [XNIO-1 task-3] INFO  o.d.c.w.i.PlusWebInvokeTimeInterceptor - [PLUS]结束请求 => URL[GET /system/user/getInfo],耗时:[4]毫秒
2026-01-04 10:27:58 [XNIO-1 task-3] INFO  o.d.c.w.i.PlusWebInvokeTimeInterceptor - [PLUS]开始请求 => URL[GET /system/menu/getRouters],无参数
2026-01-04 10:27:58 [XNIO-1 task-3] INFO  o.d.c.w.i.PlusWebInvokeTimeInterceptor - [PLUS]结束请求 => URL[GET /system/menu/getRouters],耗时:[6]毫秒
2026-01-04 10:27:58 [XNIO-1 task-3] INFO  o.d.c.w.i.PlusWebInvokeTimeInterceptor - [PLUS]开始请求 => URL[GET /auth/tenant/list],无参数
2026-01-04 10:27:58 [XNIO-1 task-3] INFO  o.d.c.r.aspectj.RateLimiterAspect - 限制令牌 => 20, 剩余令牌 => 17, 缓存key => 'global:rate_limit:/auth/tenant/list:0:0:0:0:0:0:0:1:'
2026-01-04 10:27:58 [XNIO-1 task-3] INFO  o.d.c.w.i.PlusWebInvokeTimeInterceptor - [PLUS]结束请求 => URL[GET /auth/tenant/list],耗时:[5]毫秒
2026-01-04 10:27:58 [XNIO-1 task-3] INFO  o.d.c.w.i.PlusWebInvokeTimeInterceptor - [PLUS]开始请求 => URL[GET /resource/sse],参数类型[param],参数:[{"Authorization":["Bearer eyJ0eXAiOiJKV1QiLCJhbGciOiJIUzI1NiJ9.eyJsb2dpblR5cGUiOiJsb2dpbiIsImxvZ2luSWQiOiJzeXNfdXNlcjoxNzYyNTcwODUwMTU3MzQ4MiIsInJuU3RyIjoiV2hKc1RCZUNic3Frdnk2ZVBwQ0NxcjhOTnB2TU04REwiLCJjbGllbnRpZCI6ImU1Y2Q3ZTQ4OTFiZjk1ZDFkMTkyMDZjZTI0YTdiMzJlIiwidGVuYW50SWQiOiIwMDAwMDAiLCJ1c2VySWQiOiIxNzYyNTcwODUwMTU3MzQ4MiIsInVzZXJOYW1lIjoiMDAzMjAxMzQiLCJkZXB0SWQiOjkxOTE5OTk1OSwiZGVwdE5hbWUiOiLlub_kuJzmlbDlrZfpg6giLCJkZXB0Q2F0ZWdvcnkiOiIifQ.U8_6_KiWGUUjENLplH9li2C74peCp3WvcGHSQ_xbYg0"],"clientid":["e5cd7e4891bf95d1d19206ce24a7b32e"]}]
2026-01-04 10:27:58 [snail-job-grpc-client-executor-127.0.0.1-461] ERROR c.a.s.c.c.handler.ClientRegister - heartbeat check requestId:[461] message:[UNAVAILABLE: io exception]
2026-01-04 10:28:01 [XNIO-1 task-3] INFO  o.d.c.w.i.PlusWebInvokeTimeInterceptor - [PLUS]开始请求 => URL[GET /system/user/profile],无参数
2026-01-04 10:28:01 [XNIO-1 task-3] INFO  o.d.c.w.i.PlusWebInvokeTimeInterceptor - [PLUS]结束请求 => URL[GET /system/user/profile],耗时:[10]毫秒
2026-01-04 10:28:02 [XNIO-1 task-3] INFO  o.d.c.w.i.PlusWebInvokeTimeInterceptor - [PLUS]开始请求 => URL[GET /system/social/list],无参数
2026-01-04 10:28:02 [XNIO-1 task-5] INFO  o.d.c.w.i.PlusWebInvokeTimeInterceptor - [PLUS]开始请求 => URL[GET /monitor/online],无参数
2026-01-04 10:28:02 [XNIO-1 task-5] INFO  o.d.c.w.i.PlusWebInvokeTimeInterceptor - [PLUS]结束请求 => URL[GET /monitor/online],耗时:[1]毫秒
2026-01-04 10:28:02 [XNIO-1 task-3] INFO  o.d.c.w.i.PlusWebInvokeTimeInterceptor - [PLUS]结束请求 => URL[GET /system/social/list],耗时:[3]毫秒
2026-01-04 10:28:02 [schedule-pool-11] INFO  o.d.c.sse.core.SseEmitterManager - SSE发送主题订阅消息topic:global:sse session keys:[17625708501573482] message:欢迎登录RuoYi-Vue-Plus后台管理系统
2026-01-04 10:28:02 [redisson-3-2] INFO  o.d.c.sse.listener.SseTopicListener - SSE主题订阅收到消息session keys=[17625708501573482] message=欢迎登录RuoYi-Vue-Plus后台管理系统
2026-01-04 10:28:07 [sj-client-check] WARN  c.a.s.c.c.r.c.g.SnailJobGrpcClient - gRPC channel state=TRANSIENT_FAILURE, try reconnect...
2026-01-04 10:28:08 [snail-job-grpc-client-executor-127.0.0.1-462] ERROR c.a.s.c.c.handler.ClientRegister - heartbeat check requestId:[462] message:[UNAVAILABLE: io exception]
2026-01-04 10:28:17 [sj-client-check] WARN  c.a.s.c.c.r.c.g.SnailJobGrpcClient - gRPC channel state=TRANSIENT_FAILURE, try reconnect...
2026-01-04 10:28:18 [snail-job-grpc-client-executor-127.0.0.1-463] ERROR c.a.s.c.c.handler.ClientRegister - heartbeat check requestId:[464] message:[UNAVAILABLE: io exception]
2026-01-04 10:28:27 [sj-client-check] WARN  c.a.s.c.c.r.c.g.SnailJobGrpcClient - gRPC channel state=TRANSIENT_FAILURE, try reconnect...
2026-01-04 10:28:28 [snail-job-grpc-client-executor-127.0.0.1-465] ERROR c.a.s.c.c.handler.ClientRegister - heartbeat check requestId:[465] message:[UNAVAILABLE: io exception]
2026-01-04 10:28:30 [XNIO-1 task-5] INFO  o.d.c.w.i.PlusWebInvokeTimeInterceptor - [PLUS]开始请求 => URL[GET /resource/sse/close],无参数
2026-01-04 10:28:30 [XNIO-1 task-3] INFO  o.d.c.w.i.PlusWebInvokeTimeInterceptor - [PLUS]开始请求 => URL[POST /auth/logout],无参数
2026-01-04 10:28:30 [XNIO-1 task-5] INFO  o.d.c.w.i.PlusWebInvokeTimeInterceptor - [PLUS]结束请求 => URL[GET /resource/sse/close],耗时:[0]毫秒
2026-01-04 10:28:30 [XNIO-1 task-4] INFO  o.d.c.w.i.PlusWebInvokeTimeInterceptor - [PLUS]开始请求 => URL[GET /resource/sse],参数类型[param],参数:[{"Authorization":["Bearer eyJ0eXAiOiJKV1QiLCJhbGciOiJIUzI1NiJ9.eyJsb2dpblR5cGUiOiJsb2dpbiIsImxvZ2luSWQiOiJzeXNfdXNlcjoxNzYyNTcwODUwMTU3MzQ4MiIsInJuU3RyIjoiV2hKc1RCZUNic3Frdnk2ZVBwQ0NxcjhOTnB2TU04REwiLCJjbGllbnRpZCI6ImU1Y2Q3ZTQ4OTFiZjk1ZDFkMTkyMDZjZTI0YTdiMzJlIiwidGVuYW50SWQiOiIwMDAwMDAiLCJ1c2VySWQiOiIxNzYyNTcwODUwMTU3MzQ4MiIsInVzZXJOYW1lIjoiMDAzMjAxMzQiLCJkZXB0SWQiOjkxOTE5OTk1OSwiZGVwdE5hbWUiOiLlub_kuJzmlbDlrZfpg6giLCJkZXB0Q2F0ZWdvcnkiOiIifQ.U8_6_KiWGUUjENLplH9li2C74peCp3WvcGHSQ_xbYg0"],"clientid":["e5cd7e4891bf95d1d19206ce24a7b32e"]}]
2026-01-04 10:28:30 [XNIO-1 task-4] INFO  o.d.c.w.i.PlusWebInvokeTimeInterceptor - [PLUS]结束请求 => URL[GET /resource/sse],耗时:[0]毫秒
2026-01-04 10:28:30 [async-29] INFO  o.d.s.s.i.SysLogininforServiceImpl - [0:0:0:0:0:0:0:1]内网IP[00320134][Logout][退出成功]
2026-01-04 10:28:30 [XNIO-1 task-3] INFO  o.d.web.listener.UserActionListener - user doLogout, userId:sys_user:17625708501573482, token:eyJ0eXAiOiJKV1QiLCJhbGciOiJIUzI1NiJ9.eyJsb2dpblR5cGUiOiJsb2dpbiIsImxvZ2luSWQiOiJzeXNfdXNlcjoxNzYyNTcwODUwMTU3MzQ4MiIsInJuU3RyIjoiV2hKc1RCZUNic3Frdnk2ZVBwQ0NxcjhOTnB2TU04REwiLCJjbGllbnRpZCI6ImU1Y2Q3ZTQ4OTFiZjk1ZDFkMTkyMDZjZTI0YTdiMzJlIiwidGVuYW50SWQiOiIwMDAwMDAiLCJ1c2VySWQiOiIxNzYyNTcwODUwMTU3MzQ4MiIsInVzZXJOYW1lIjoiMDAzMjAxMzQiLCJkZXB0SWQiOjkxOTE5OTk1OSwiZGVwdE5hbWUiOiLlub_kuJzmlbDlrZfpg6giLCJkZXB0Q2F0ZWdvcnkiOiIifQ.U8_6_KiWGUUjENLplH9li2C74peCp3WvcGHSQ_xbYg0
2026-01-04 10:28:30 [XNIO-1 task-3] INFO  o.d.c.w.i.PlusWebInvokeTimeInterceptor - [PLUS]结束请求 => URL[POST /auth/logout],耗时:[6]毫秒
2026-01-04 10:28:31 [XNIO-1 task-3] INFO  o.d.c.w.i.PlusWebInvokeTimeInterceptor - [PLUS]开始请求 => URL[GET /auth/code],无参数
2026-01-04 10:28:31 [XNIO-1 task-4] INFO  o.d.c.w.i.PlusWebInvokeTimeInterceptor - [PLUS]开始请求 => URL[GET /auth/tenant/list],无参数
2026-01-04 10:28:31 [XNIO-1 task-4] INFO  o.d.c.r.aspectj.RateLimiterAspect - 限制令牌 => 20, 剩余令牌 => 17, 缓存key => 'global:rate_limit:/auth/tenant/list:0:0:0:0:0:0:0:1:'
2026-01-04 10:28:31 [XNIO-1 task-3] INFO  o.d.c.r.aspectj.RateLimiterAspect - 限制令牌 => 10, 剩余令牌 => 8, 缓存key => 'global:rate_limit:/auth/code:0:0:0:0:0:0:0:1:'
2026-01-04 10:28:31 [XNIO-1 task-4] INFO  o.d.c.w.i.PlusWebInvokeTimeInterceptor - [PLUS]结束请求 => URL[GET /auth/tenant/list],耗时:[3]毫秒
2026-01-04 10:28:31 [XNIO-1 task-3] INFO  o.d.c.w.i.PlusWebInvokeTimeInterceptor - [PLUS]结束请求 => URL[GET /auth/code],耗时:[4]毫秒
2026-01-04 10:28:35 [XNIO-1 task-3] INFO  o.d.c.w.i.PlusWebInvokeTimeInterceptor - [PLUS]开始请求 => URL[GET /auth/code],无参数
2026-01-04 10:28:35 [XNIO-1 task-4] INFO  o.d.c.w.i.PlusWebInvokeTimeInterceptor - [PLUS]开始请求 => URL[GET /auth/tenant/list],无参数
2026-01-04 10:28:35 [XNIO-1 task-4] INFO  o.d.c.r.aspectj.RateLimiterAspect - 限制令牌 => 20, 剩余令牌 => 16, 缓存key => 'global:rate_limit:/auth/tenant/list:0:0:0:0:0:0:0:1:'
2026-01-04 10:28:35 [XNIO-1 task-3] INFO  o.d.c.r.aspectj.RateLimiterAspect - 限制令牌 => 10, 剩余令牌 => 7, 缓存key => 'global:rate_limit:/auth/code:0:0:0:0:0:0:0:1:'
2026-01-04 10:28:35 [XNIO-1 task-4] INFO  o.d.c.w.i.PlusWebInvokeTimeInterceptor - [PLUS]结束请求 => URL[GET /auth/tenant/list],耗时:[4]毫秒
2026-01-04 10:28:35 [XNIO-1 task-3] INFO  o.d.c.w.i.PlusWebInvokeTimeInterceptor - [PLUS]结束请求 => URL[GET /auth/code],耗时:[5]毫秒
2026-01-04 10:28:35 [XNIO-1 task-3] INFO  o.d.c.w.i.PlusWebInvokeTimeInterceptor - [PLUS]开始请求 => URL[GET /auth/binding/maxkey],参数类型[param],参数:[{"domain":["localhost:81"],"tenantId":["000000"]}]
2026-01-04 10:28:35 [XNIO-1 task-3] INFO  o.d.c.w.i.PlusWebInvokeTimeInterceptor - [PLUS]结束请求 => URL[GET /auth/binding/maxkey],耗时:[1]毫秒
2026-01-04 10:28:36 [XNIO-1 task-3] INFO  o.d.c.w.i.PlusWebInvokeTimeInterceptor - [PLUS]开始请求 => URL[POST /auth/login],参数类型[json],参数:[{"socialCode":"918724f8-0029-4b1a-8051-69c646955cba","socialState":"eyJkb21haW4iOiJsb2NhbGhvc3Q6ODEiLCJ0ZW5hbnRJZCI6IjAwMDAwMCIsInN0YXRlIjoiMmYzZTg5YmEwMDBmYzVkNGFkZGJhMTZkYjA3MmUyZjYifQ==","tenantId":"000000","source":"maxkey","clientId":"e5cd7e4891bf95d1d19206ce24a7b32e","grantType":"social"}]
2026-01-04 10:28:36 [async-30] INFO  o.d.s.s.i.SysLogininforServiceImpl - [0:0:0:0:0:0:0:1]内网IP[00320134][Success][登录成功]
2026-01-04 10:28:36 [XNIO-1 task-3] INFO  o.d.web.listener.UserActionListener - user doLogin, userId:sys_user:17625708501573482, token:eyJ0eXAiOiJKV1QiLCJhbGciOiJIUzI1NiJ9.eyJsb2dpblR5cGUiOiJsb2dpbiIsImxvZ2luSWQiOiJzeXNfdXNlcjoxNzYyNTcwODUwMTU3MzQ4MiIsInJuU3RyIjoiTm9IUjdBcGt2dHFBcUlyUmthY3JOSnRrU052czE3dEUiLCJjbGllbnRpZCI6ImU1Y2Q3ZTQ4OTFiZjk1ZDFkMTkyMDZjZTI0YTdiMzJlIiwidGVuYW50SWQiOiIwMDAwMDAiLCJ1c2VySWQiOiIxNzYyNTcwODUwMTU3MzQ4MiIsInVzZXJOYW1lIjoiMDAzMjAxMzQiLCJkZXB0SWQiOjkxOTE5OTk1OSwiZGVwdE5hbWUiOiLlub_kuJzmlbDlrZfpg6giLCJkZXB0Q2F0ZWdvcnkiOiIifQ.1T1_4algmj2tHV3RzFelTKBNKnuQEZypA2joiG6SNqI
2026-01-04 10:28:36 [XNIO-1 task-3] INFO  o.d.c.w.i.PlusWebInvokeTimeInterceptor - [PLUS]结束请求 => URL[POST /auth/login],耗时:[43]毫秒
2026-01-04 10:28:37 [sj-client-check] WARN  c.a.s.c.c.r.c.g.SnailJobGrpcClient - gRPC channel state=TRANSIENT_FAILURE, try reconnect...
2026-01-04 10:28:38 [XNIO-1 task-3] INFO  o.d.c.w.i.PlusWebInvokeTimeInterceptor - [PLUS]开始请求 => URL[GET /system/user/getInfo],无参数
2026-01-04 10:28:38 [XNIO-1 task-3] INFO  o.d.c.w.i.PlusWebInvokeTimeInterceptor - [PLUS]结束请求 => URL[GET /system/user/getInfo],耗时:[4]毫秒
2026-01-04 10:28:38 [XNIO-1 task-3] INFO  o.d.c.w.i.PlusWebInvokeTimeInterceptor - [PLUS]开始请求 => URL[GET /system/menu/getRouters],无参数
2026-01-04 10:28:38 [XNIO-1 task-3] INFO  o.d.c.w.i.PlusWebInvokeTimeInterceptor - [PLUS]结束请求 => URL[GET /system/menu/getRouters],耗时:[4]毫秒
2026-01-04 10:28:38 [XNIO-1 task-3] INFO  o.d.c.w.i.PlusWebInvokeTimeInterceptor - [PLUS]开始请求 => URL[GET /auth/tenant/list],无参数
2026-01-04 10:28:38 [XNIO-1 task-3] INFO  o.d.c.r.aspectj.RateLimiterAspect - 限制令牌 => 20, 剩余令牌 => 15, 缓存key => 'global:rate_limit:/auth/tenant/list:0:0:0:0:0:0:0:1:'
2026-01-04 10:28:38 [XNIO-1 task-3] INFO  o.d.c.w.i.PlusWebInvokeTimeInterceptor - [PLUS]结束请求 => URL[GET /auth/tenant/list],耗时:[4]毫秒
2026-01-04 10:28:38 [XNIO-1 task-3] INFO  o.d.c.w.i.PlusWebInvokeTimeInterceptor - [PLUS]开始请求 => URL[GET /resource/sse],参数类型[param],参数:[{"Authorization":["Bearer eyJ0eXAiOiJKV1QiLCJhbGciOiJIUzI1NiJ9.eyJsb2dpblR5cGUiOiJsb2dpbiIsImxvZ2luSWQiOiJzeXNfdXNlcjoxNzYyNTcwODUwMTU3MzQ4MiIsInJuU3RyIjoiTm9IUjdBcGt2dHFBcUlyUmthY3JOSnRrU052czE3dEUiLCJjbGllbnRpZCI6ImU1Y2Q3ZTQ4OTFiZjk1ZDFkMTkyMDZjZTI0YTdiMzJlIiwidGVuYW50SWQiOiIwMDAwMDAiLCJ1c2VySWQiOiIxNzYyNTcwODUwMTU3MzQ4MiIsInVzZXJOYW1lIjoiMDAzMjAxMzQiLCJkZXB0SWQiOjkxOTE5OTk1OSwiZGVwdE5hbWUiOiLlub_kuJzmlbDlrZfpg6giLCJkZXB0Q2F0ZWdvcnkiOiIifQ.1T1_4algmj2tHV3RzFelTKBNKnuQEZypA2joiG6SNqI"],"clientid":["e5cd7e4891bf95d1d19206ce24a7b32e"]}]
2026-01-04 10:28:38 [snail-job-grpc-client-executor-127.0.0.1-466] ERROR c.a.s.c.c.handler.ClientRegister - heartbeat check requestId:[466] message:[UNAVAILABLE: io exception]
2026-01-04 10:28:41 [schedule-pool-2] INFO  o.d.c.sse.core.SseEmitterManager - SSE发送主题订阅消息topic:global:sse session keys:[17625708501573482] message:欢迎登录RuoYi-Vue-Plus后台管理系统
2026-01-04 10:28:41 [redisson-3-3] INFO  o.d.c.sse.listener.SseTopicListener - SSE主题订阅收到消息session keys=[17625708501573482] message=欢迎登录RuoYi-Vue-Plus后台管理系统
2026-01-04 10:28:47 [sj-client-check] WARN  c.a.s.c.c.r.c.g.SnailJobGrpcClient - gRPC channel state=TRANSIENT_FAILURE, try reconnect...
2026-01-04 10:28:48 [snail-job-grpc-client-executor-127.0.0.1-467] ERROR c.a.s.c.c.handler.ClientRegister - heartbeat check requestId:[467] message:[UNAVAILABLE: io exception]
2026-01-04 10:28:55 [XNIO-1 task-3] INFO  o.d.c.w.i.PlusWebInvokeTimeInterceptor - [PLUS]开始请求 => URL[GET /system/dict/data/type/sys_device_type],无参数
2026-01-04 10:28:55 [XNIO-1 task-3] INFO  o.d.c.w.i.PlusWebInvokeTimeInterceptor - [PLUS]结束请求 => URL[GET /system/dict/data/type/sys_device_type],耗时:[1]毫秒
2026-01-04 10:28:56 [XNIO-1 task-5] INFO  o.d.c.w.i.PlusWebInvokeTimeInterceptor - [PLUS]开始请求 => URL[GET /monitor/online],无参数
2026-01-04 10:28:56 [XNIO-1 task-3] INFO  o.d.c.w.i.PlusWebInvokeTimeInterceptor - [PLUS]开始请求 => URL[GET /system/user/profile],无参数
2026-01-04 10:28:56 [XNIO-1 task-4] INFO  o.d.c.w.i.PlusWebInvokeTimeInterceptor - [PLUS]开始请求 => URL[GET /system/social/list],无参数
2026-01-04 10:28:56 [XNIO-1 task-5] INFO  o.d.c.w.i.PlusWebInvokeTimeInterceptor - [PLUS]结束请求 => URL[GET /monitor/online],耗时:[1]毫秒
2026-01-04 10:28:56 [XNIO-1 task-4] INFO  o.d.c.w.i.PlusWebInvokeTimeInterceptor - [PLUS]结束请求 => URL[GET /system/social/list],耗时:[3]毫秒
2026-01-04 10:28:56 [XNIO-1 task-3] INFO  o.d.c.w.i.PlusWebInvokeTimeInterceptor - [PLUS]结束请求 => URL[GET /system/user/profile],耗时:[9]毫秒
2026-01-04 10:28:57 [sj-client-check] WARN  c.a.s.c.c.r.c.g.SnailJobGrpcClient - gRPC channel state=TRANSIENT_FAILURE, try reconnect...
2026-01-04 10:28:58 [snail-job-grpc-client-executor-127.0.0.1-468] ERROR c.a.s.c.c.handler.ClientRegister - heartbeat check requestId:[468] message:[UNAVAILABLE: io exception]
2026-01-04 10:29:07 [sj-client-check] WARN  c.a.s.c.c.r.c.g.SnailJobGrpcClient - gRPC channel state=TRANSIENT_FAILURE, try reconnect...
2026-01-04 10:29:08 [snail-job-grpc-client-executor-127.0.0.1-469] ERROR c.a.s.c.c.handler.ClientRegister - heartbeat check requestId:[469] message:[UNAVAILABLE: io exception]
2026-01-04 10:29:09 [XNIO-1 task-3] INFO  o.d.c.w.i.PlusWebInvokeTimeInterceptor - [PLUS]开始请求 => URL[PUT /system/user/profile/updatePwd],参数类型[json],参数:[{"oldPassword":"wsx1357994653200","newPassword":"123456"}]
2026-01-04 10:29:09 [XNIO-1 task-3] INFO  o.d.c.w.i.PlusWebInvokeTimeInterceptor - [PLUS]结束请求 => URL[PUT /system/user/profile/updatePwd],耗时:[9]毫秒
2026-01-04 10:29:09 [XNIO-1 task-3] INFO  o.d.c.w.i.PlusWebInvokeTimeInterceptor - [PLUS]开始请求 => URL[POST /auth/logout],无参数
2026-01-04 10:29:09 [XNIO-1 task-4] INFO  o.d.c.w.i.PlusWebInvokeTimeInterceptor - [PLUS]开始请求 => URL[GET /resource/sse/close],无参数
2026-01-04 10:29:09 [XNIO-1 task-4] INFO  o.d.c.w.i.PlusWebInvokeTimeInterceptor - [PLUS]结束请求 => URL[GET /resource/sse/close],耗时:[0]毫秒
2026-01-04 10:29:09 [XNIO-1 task-5] INFO  o.d.c.w.i.PlusWebInvokeTimeInterceptor - [PLUS]开始请求 => URL[GET /resource/sse],参数类型[param],参数:[{"Authorization":["Bearer eyJ0eXAiOiJKV1QiLCJhbGciOiJIUzI1NiJ9.eyJsb2dpblR5cGUiOiJsb2dpbiIsImxvZ2luSWQiOiJzeXNfdXNlcjoxNzYyNTcwODUwMTU3MzQ4MiIsInJuU3RyIjoiTm9IUjdBcGt2dHFBcUlyUmthY3JOSnRrU052czE3dEUiLCJjbGllbnRpZCI6ImU1Y2Q3ZTQ4OTFiZjk1ZDFkMTkyMDZjZTI0YTdiMzJlIiwidGVuYW50SWQiOiIwMDAwMDAiLCJ1c2VySWQiOiIxNzYyNTcwODUwMTU3MzQ4MiIsInVzZXJOYW1lIjoiMDAzMjAxMzQiLCJkZXB0SWQiOjkxOTE5OTk1OSwiZGVwdE5hbWUiOiLlub_kuJzmlbDlrZfpg6giLCJkZXB0Q2F0ZWdvcnkiOiIifQ.1T1_4algmj2tHV3RzFelTKBNKnuQEZypA2joiG6SNqI"],"clientid":["e5cd7e4891bf95d1d19206ce24a7b32e"]}]
2026-01-04 10:29:09 [XNIO-1 task-5] INFO  o.d.c.w.i.PlusWebInvokeTimeInterceptor - [PLUS]结束请求 => URL[GET /resource/sse],耗时:[0]毫秒
2026-01-04 10:29:09 [async-32] INFO  o.d.s.s.i.SysLogininforServiceImpl - [0:0:0:0:0:0:0:1]内网IP[00320134][Logout][退出成功]
2026-01-04 10:29:09 [XNIO-1 task-3] INFO  o.d.web.listener.UserActionListener - user doLogout, userId:sys_user:17625708501573482, token:eyJ0eXAiOiJKV1QiLCJhbGciOiJIUzI1NiJ9.eyJsb2dpblR5cGUiOiJsb2dpbiIsImxvZ2luSWQiOiJzeXNfdXNlcjoxNzYyNTcwODUwMTU3MzQ4MiIsInJuU3RyIjoiTm9IUjdBcGt2dHFBcUlyUmthY3JOSnRrU052czE3dEUiLCJjbGllbnRpZCI6ImU1Y2Q3ZTQ4OTFiZjk1ZDFkMTkyMDZjZTI0YTdiMzJlIiwidGVuYW50SWQiOiIwMDAwMDAiLCJ1c2VySWQiOiIxNzYyNTcwODUwMTU3MzQ4MiIsInVzZXJOYW1lIjoiMDAzMjAxMzQiLCJkZXB0SWQiOjkxOTE5OTk1OSwiZGVwdE5hbWUiOiLlub_kuJzmlbDlrZfpg6giLCJkZXB0Q2F0ZWdvcnkiOiIifQ.1T1_4algmj2tHV3RzFelTKBNKnuQEZypA2joiG6SNqI
2026-01-04 10:29:09 [XNIO-1 task-3] INFO  o.d.c.w.i.PlusWebInvokeTimeInterceptor - [PLUS]结束请求 => URL[POST /auth/logout],耗时:[4]毫秒
2026-01-04 10:29:10 [XNIO-1 task-3] INFO  o.d.c.w.i.PlusWebInvokeTimeInterceptor - [PLUS]开始请求 => URL[GET /auth/code],无参数
2026-01-04 10:29:10 [XNIO-1 task-3] INFO  o.d.c.r.aspectj.RateLimiterAspect - 限制令牌 => 10, 剩余令牌 => 7, 缓存key => 'global:rate_limit:/auth/code:0:0:0:0:0:0:0:1:'
2026-01-04 10:29:10 [XNIO-1 task-3] INFO  o.d.c.w.i.PlusWebInvokeTimeInterceptor - [PLUS]结束请求 => URL[GET /auth/code],耗时:[4]毫秒
2026-01-04 10:29:10 [XNIO-1 task-3] INFO  o.d.c.w.i.PlusWebInvokeTimeInterceptor - [PLUS]开始请求 => URL[GET /auth/tenant/list],无参数
2026-01-04 10:29:10 [XNIO-1 task-3] INFO  o.d.c.r.aspectj.RateLimiterAspect - 限制令牌 => 20, 剩余令牌 => 16, 缓存key => 'global:rate_limit:/auth/tenant/list:0:0:0:0:0:0:0:1:'
2026-01-04 10:29:10 [XNIO-1 task-3] INFO  o.d.c.w.i.PlusWebInvokeTimeInterceptor - [PLUS]结束请求 => URL[GET /auth/tenant/list],耗时:[4]毫秒
2026-01-04 10:29:17 [sj-client-check] WARN  c.a.s.c.c.r.c.g.SnailJobGrpcClient - gRPC channel state=TRANSIENT_FAILURE, try reconnect...
2026-01-04 10:29:18 [snail-job-grpc-client-executor-127.0.0.1-471] ERROR c.a.s.c.c.handler.ClientRegister - heartbeat check requestId:[471] message:[UNAVAILABLE: io exception]
2026-01-04 10:29:26 [XNIO-1 task-3] INFO  o.d.c.w.i.PlusWebInvokeTimeInterceptor - [PLUS]开始请求 => URL[GET /auth/code],无参数
2026-01-04 10:29:26 [XNIO-1 task-3] INFO  o.d.c.r.aspectj.RateLimiterAspect - 限制令牌 => 10, 剩余令牌 => 6, 缓存key => 'global:rate_limit:/auth/code:0:0:0:0:0:0:0:1:'
2026-01-04 10:29:26 [XNIO-1 task-3] INFO  o.d.c.w.i.PlusWebInvokeTimeInterceptor - [PLUS]结束请求 => URL[GET /auth/code],耗时:[4]毫秒
2026-01-04 10:29:26 [XNIO-1 task-3] INFO  o.d.c.w.i.PlusWebInvokeTimeInterceptor - [PLUS]开始请求 => URL[GET /auth/tenant/list],无参数
2026-01-04 10:29:26 [XNIO-1 task-3] INFO  o.d.c.r.aspectj.RateLimiterAspect - 限制令牌 => 20, 剩余令牌 => 15, 缓存key => 'global:rate_limit:/auth/tenant/list:0:0:0:0:0:0:0:1:'
2026-01-04 10:29:26 [XNIO-1 task-3] INFO  o.d.c.w.i.PlusWebInvokeTimeInterceptor - [PLUS]结束请求 => URL[GET /auth/tenant/list],耗时:[2]毫秒
2026-01-04 10:29:26 [XNIO-1 task-3] INFO  o.d.c.w.i.PlusWebInvokeTimeInterceptor - [PLUS]开始请求 => URL[GET /auth/binding/maxkey],参数类型[param],参数:[{"domain":["localhost:81"],"tenantId":["000000"]}]
2026-01-04 10:29:26 [XNIO-1 task-3] INFO  o.d.c.w.i.PlusWebInvokeTimeInterceptor - [PLUS]结束请求 => URL[GET /auth/binding/maxkey],耗时:[0]毫秒
2026-01-04 10:29:27 [sj-client-check] WARN  c.a.s.c.c.r.c.g.SnailJobGrpcClient - gRPC channel state=TRANSIENT_FAILURE, try reconnect...
2026-01-04 10:29:28 [snail-job-grpc-client-executor-127.0.0.1-472] ERROR c.a.s.c.c.handler.ClientRegister - heartbeat check requestId:[472] message:[UNAVAILABLE: io exception]
2026-01-04 10:29:32 [XNIO-1 task-3] INFO  o.d.c.w.i.PlusWebInvokeTimeInterceptor - [PLUS]开始请求 => URL[POST /auth/login],参数类型[json],参数:[{"socialCode":"18ac15d0-c811-4b39-bb0c-2cb9c722e301","socialState":"eyJkb21haW4iOiJsb2NhbGhvc3Q6ODEiLCJ0ZW5hbnRJZCI6IjAwMDAwMCIsInN0YXRlIjoiYzEwMzEyZDU4MTVjODk5Mzc3NDQxMjIwOGNkYjUxYWYifQ==","tenantId":"000000","source":"maxkey","clientId":"e5cd7e4891bf95d1d19206ce24a7b32e","grantType":"social"}]
2026-01-04 10:29:32 [async-33] INFO  o.d.s.s.i.SysLogininforServiceImpl - [0:0:0:0:0:0:0:1]内网IP[admin][Success][登录成功]
2026-01-04 10:29:32 [XNIO-1 task-3] INFO  o.d.web.listener.UserActionListener - user doLogin, userId:sys_user:1, token:eyJ0eXAiOiJKV1QiLCJhbGciOiJIUzI1NiJ9.eyJsb2dpblR5cGUiOiJsb2dpbiIsImxvZ2luSWQiOiJzeXNfdXNlcjoxIiwicm5TdHIiOiJHaWRyTnRSMGV4N21vSE5EUnpIczFSczRPcTBhY3NKSiIsImNsaWVudGlkIjoiZTVjZDdlNDg5MWJmOTVkMWQxOTIwNmNlMjRhN2IzMmUiLCJ0ZW5hbnRJZCI6IjAwMDAwMCIsInVzZXJJZCI6IjEiLCJ1c2VyTmFtZSI6ImFkbWluIiwiZGVwdElkIjoxLCJkZXB0TmFtZSI6IuW5v-S4nOebiOa1qeW3peiJuuWItuWTgeaciemZkOWFrOWPuCIsImRlcHRDYXRlZ29yeSI6IiJ9.6bHXHEUPVLl84H4jX3UXylCvmueZe89iYB0533oLnlE
2026-01-04 10:29:32 [XNIO-1 task-3] INFO  o.d.c.w.i.PlusWebInvokeTimeInterceptor - [PLUS]结束请求 => URL[POST /auth/login],耗时:[37]毫秒
2026-01-04 10:29:34 [XNIO-1 task-3] INFO  o.d.c.w.i.PlusWebInvokeTimeInterceptor - [PLUS]开始请求 => URL[GET /system/user/getInfo],无参数
2026-01-04 10:29:34 [XNIO-1 task-3] INFO  o.d.c.w.i.PlusWebInvokeTimeInterceptor - [PLUS]结束请求 => URL[GET /system/user/getInfo],耗时:[4]毫秒
2026-01-04 10:29:34 [XNIO-1 task-3] INFO  o.d.c.w.i.PlusWebInvokeTimeInterceptor - [PLUS]开始请求 => URL[GET /system/menu/getRouters],无参数
2026-01-04 10:29:34 [XNIO-1 task-3] INFO  o.d.c.w.i.PlusWebInvokeTimeInterceptor - [PLUS]结束请求 => URL[GET /system/menu/getRouters],耗时:[3]毫秒
2026-01-04 10:29:35 [XNIO-1 task-3] INFO  o.d.c.w.i.PlusWebInvokeTimeInterceptor - [PLUS]开始请求 => URL[GET /auth/tenant/list],无参数
2026-01-04 10:29:35 [XNIO-1 task-3] INFO  o.d.c.r.aspectj.RateLimiterAspect - 限制令牌 => 20, 剩余令牌 => 15, 缓存key => 'global:rate_limit:/auth/tenant/list:0:0:0:0:0:0:0:1:'
2026-01-04 10:29:35 [XNIO-1 task-3] INFO  o.d.c.w.i.PlusWebInvokeTimeInterceptor - [PLUS]结束请求 => URL[GET /auth/tenant/list],耗时:[4]毫秒
2026-01-04 10:29:35 [XNIO-1 task-3] INFO  o.d.c.w.i.PlusWebInvokeTimeInterceptor - [PLUS]开始请求 => URL[GET /resource/sse],参数类型[param],参数:[{"Authorization":["Bearer eyJ0eXAiOiJKV1QiLCJhbGciOiJIUzI1NiJ9.eyJsb2dpblR5cGUiOiJsb2dpbiIsImxvZ2luSWQiOiJzeXNfdXNlcjoxIiwicm5TdHIiOiJHaWRyTnRSMGV4N21vSE5EUnpIczFSczRPcTBhY3NKSiIsImNsaWVudGlkIjoiZTVjZDdlNDg5MWJmOTVkMWQxOTIwNmNlMjRhN2IzMmUiLCJ0ZW5hbnRJZCI6IjAwMDAwMCIsInVzZXJJZCI6IjEiLCJ1c2VyTmFtZSI6ImFkbWluIiwiZGVwdElkIjoxLCJkZXB0TmFtZSI6IuW5v-S4nOebiOa1qeW3peiJuuWItuWTgeaciemZkOWFrOWPuCIsImRlcHRDYXRlZ29yeSI6IiJ9.6bHXHEUPVLl84H4jX3UXylCvmueZe89iYB0533oLnlE"],"clientid":["e5cd7e4891bf95d1d19206ce24a7b32e"]}]
2026-01-04 10:29:37 [sj-client-check] WARN  c.a.s.c.c.r.c.g.SnailJobGrpcClient - gRPC channel state=TRANSIENT_FAILURE, try reconnect...
2026-01-04 10:29:37 [schedule-pool-9] INFO  o.d.c.sse.core.SseEmitterManager - SSE发送主题订阅消息topic:global:sse session keys:[1] message:欢迎登录RuoYi-Vue-Plus后台管理系统
2026-01-04 10:29:37 [redisson-3-4] INFO  o.d.c.sse.listener.SseTopicListener - SSE主题订阅收到消息session keys=[1] message=欢迎登录RuoYi-Vue-Plus后台管理系统
2026-01-04 10:29:38 [snail-job-grpc-client-executor-127.0.0.1-473] ERROR c.a.s.c.c.handler.ClientRegister - heartbeat check requestId:[473] message:[UNAVAILABLE: io exception]
2026-01-04 10:29:40 [XNIO-1 task-4] INFO  o.d.c.w.i.PlusWebInvokeTimeInterceptor - [PLUS]开始请求 => URL[GET /system/dict/data/type/pro_employee_status],无参数
2026-01-04 10:29:40 [XNIO-1 task-5] INFO  o.d.c.w.i.PlusWebInvokeTimeInterceptor - [PLUS]开始请求 => URL[GET /system/dict/data/type/pro_main_post],无参数
2026-01-04 10:29:40 [XNIO-1 task-3] INFO  o.d.c.w.i.PlusWebInvokeTimeInterceptor - [PLUS]开始请求 => URL[GET /system/dict/data/type/sys_user_sex],无参数
2026-01-04 10:29:40 [XNIO-1 task-3] INFO  o.d.c.w.i.PlusWebInvokeTimeInterceptor - [PLUS]结束请求 => URL[GET /system/dict/data/type/sys_user_sex],耗时:[4]毫秒
2026-01-04 10:29:40 [XNIO-1 task-4] INFO  o.d.c.w.i.PlusWebInvokeTimeInterceptor - [PLUS]结束请求 => URL[GET /system/dict/data/type/pro_employee_status],耗时:[4]毫秒
2026-01-04 10:29:40 [XNIO-1 task-5] INFO  o.d.c.w.i.PlusWebInvokeTimeInterceptor - [PLUS]结束请求 => URL[GET /system/dict/data/type/pro_main_post],耗时:[5]毫秒
2026-01-04 10:29:40 [XNIO-1 task-3] INFO  o.d.c.w.i.PlusWebInvokeTimeInterceptor - [PLUS]开始请求 => URL[GET /system/dict/data/type/pro_position_list],无参数
2026-01-04 10:29:40 [XNIO-1 task-5] INFO  o.d.c.w.i.PlusWebInvokeTimeInterceptor - [PLUS]开始请求 => URL[GET /system/dict/data/type/pro_is_supervisor],无参数
2026-01-04 10:29:40 [XNIO-1 task-5] INFO  o.d.c.w.i.PlusWebInvokeTimeInterceptor - [PLUS]结束请求 => URL[GET /system/dict/data/type/pro_is_supervisor],耗时:[4]毫秒
2026-01-04 10:29:40 [XNIO-1 task-3] INFO  o.d.c.w.i.PlusWebInvokeTimeInterceptor - [PLUS]结束请求 => URL[GET /system/dict/data/type/pro_position_list],耗时:[5]毫秒
2026-01-04 10:29:40 [XNIO-1 task-3] INFO  o.d.c.w.i.PlusWebInvokeTimeInterceptor - [PLUS]开始请求 => URL[GET /profile/staff/list],参数类型[param],参数:[{"pageSize":["10"],"pageNum":["1"]}]
2026-01-04 10:29:40 [XNIO-1 task-5] INFO  o.d.c.w.i.PlusWebInvokeTimeInterceptor - [PLUS]开始请求 => URL[GET /system/user/deptTree],无参数
2026-01-04 10:29:40 [XNIO-1 task-5] INFO  o.d.c.w.i.PlusWebInvokeTimeInterceptor - [PLUS]结束请求 => URL[GET /system/user/deptTree],耗时:[43]毫秒
2026-01-04 10:29:40 [XNIO-1 task-3] INFO  o.d.c.w.i.PlusWebInvokeTimeInterceptor - [PLUS]结束请求 => URL[GET /profile/staff/list],耗时:[65]毫秒
2026-01-04 10:29:47 [sj-client-check] WARN  c.a.s.c.c.r.c.g.SnailJobGrpcClient - gRPC channel state=TRANSIENT_FAILURE, try reconnect...
2026-01-04 10:29:48 [snail-job-grpc-client-executor-127.0.0.1-474] ERROR c.a.s.c.c.handler.ClientRegister - heartbeat check requestId:[474] message:[UNAVAILABLE: io exception]
2026-01-04 10:29:57 [sj-client-check] WARN  c.a.s.c.c.r.c.g.SnailJobGrpcClient - gRPC channel state=TRANSIENT_FAILURE, try reconnect...
2026-01-04 10:29:58 [snail-job-grpc-client-executor-127.0.0.1-475] ERROR c.a.s.c.c.handler.ClientRegister - heartbeat check requestId:[475] message:[UNAVAILABLE: io exception]
2026-01-04 10:30:07 [sj-client-check] WARN  c.a.s.c.c.r.c.g.SnailJobGrpcClient - gRPC channel state=TRANSIENT_FAILURE, try reconnect...
2026-01-04 10:30:08 [snail-job-grpc-client-executor-127.0.0.1-476] ERROR c.a.s.c.c.handler.ClientRegister - heartbeat check requestId:[476] message:[UNAVAILABLE: io exception]
2026-01-04 10:30:17 [sj-client-check] WARN  c.a.s.c.c.r.c.g.SnailJobGrpcClient - gRPC channel state=TRANSIENT_FAILURE, try reconnect...
2026-01-04 10:30:18 [snail-job-grpc-client-executor-127.0.0.1-477] ERROR c.a.s.c.c.handler.ClientRegister - heartbeat check requestId:[477] message:[UNAVAILABLE: io exception]
2026-01-04 10:30:27 [sj-client-check] WARN  c.a.s.c.c.r.c.g.SnailJobGrpcClient - gRPC channel state=TRANSIENT_FAILURE, try reconnect...
2026-01-04 10:30:28 [snail-job-grpc-client-executor-127.0.0.1-479] ERROR c.a.s.c.c.handler.ClientRegister - heartbeat check requestId:[479] message:[UNAVAILABLE: io exception]
2026-01-04 10:30:37 [sj-client-check] WARN  c.a.s.c.c.r.c.g.SnailJobGrpcClient - gRPC channel state=TRANSIENT_FAILURE, try reconnect...
2026-01-04 10:30:38 [snail-job-grpc-client-executor-127.0.0.1-480] ERROR c.a.s.c.c.handler.ClientRegister - heartbeat check requestId:[480] message:[UNAVAILABLE: io exception]
2026-01-04 10:30:47 [sj-client-check] WARN  c.a.s.c.c.r.c.g.SnailJobGrpcClient - gRPC channel state=TRANSIENT_FAILURE, try reconnect...
2026-01-04 10:30:48 [snail-job-grpc-client-executor-127.0.0.1-481] ERROR c.a.s.c.c.handler.ClientRegister - heartbeat check requestId:[481] message:[UNAVAILABLE: io exception]
2026-01-04 10:30:57 [sj-client-check] WARN  c.a.s.c.c.r.c.g.SnailJobGrpcClient - gRPC channel state=TRANSIENT_FAILURE, try reconnect...
2026-01-04 10:30:58 [snail-job-grpc-client-executor-127.0.0.1-482] ERROR c.a.s.c.c.handler.ClientRegister - heartbeat check requestId:[482] message:[UNAVAILABLE: io exception]
2026-01-04 10:31:07 [sj-client-check] WARN  c.a.s.c.c.r.c.g.SnailJobGrpcClient - gRPC channel state=TRANSIENT_FAILURE, try reconnect...
2026-01-04 10:31:08 [snail-job-grpc-client-executor-127.0.0.1-483] ERROR c.a.s.c.c.handler.ClientRegister - heartbeat check requestId:[483] message:[UNAVAILABLE: io exception]
2026-01-04 10:31:17 [sj-client-check] WARN  c.a.s.c.c.r.c.g.SnailJobGrpcClient - gRPC channel state=TRANSIENT_FAILURE, try reconnect...
2026-01-04 10:31:18 [snail-job-grpc-client-executor-127.0.0.1-484] ERROR c.a.s.c.c.handler.ClientRegister - heartbeat check requestId:[485] message:[UNAVAILABLE: io exception]
2026-01-04 10:31:27 [sj-client-check] WARN  c.a.s.c.c.r.c.g.SnailJobGrpcClient - gRPC channel state=TRANSIENT_FAILURE, try reconnect...
2026-01-04 10:31:28 [snail-job-grpc-client-executor-127.0.0.1-486] ERROR c.a.s.c.c.handler.ClientRegister - heartbeat check requestId:[486] message:[UNAVAILABLE: io exception]
2026-01-04 10:31:37 [sj-client-check] WARN  c.a.s.c.c.r.c.g.SnailJobGrpcClient - gRPC channel state=TRANSIENT_FAILURE, try reconnect...
2026-01-04 10:31:38 [snail-job-grpc-client-executor-127.0.0.1-487] ERROR c.a.s.c.c.handler.ClientRegister - heartbeat check requestId:[487] message:[UNAVAILABLE: io exception]
2026-01-04 10:31:47 [sj-client-check] WARN  c.a.s.c.c.r.c.g.SnailJobGrpcClient - gRPC channel state=TRANSIENT_FAILURE, try reconnect...
2026-01-04 10:31:48 [snail-job-grpc-client-executor-127.0.0.1-488] ERROR c.a.s.c.c.handler.ClientRegister - heartbeat check requestId:[488] message:[UNAVAILABLE: io exception]
2026-01-04 10:31:57 [sj-client-check] WARN  c.a.s.c.c.r.c.g.SnailJobGrpcClient - gRPC channel state=TRANSIENT_FAILURE, try reconnect...
2026-01-04 10:31:58 [snail-job-grpc-client-executor-127.0.0.1-489] ERROR c.a.s.c.c.handler.ClientRegister - heartbeat check requestId:[489] message:[UNAVAILABLE: io exception]
2026-01-04 10:32:07 [sj-client-check] WARN  c.a.s.c.c.r.c.g.SnailJobGrpcClient - gRPC channel state=TRANSIENT_FAILURE, try reconnect...
2026-01-04 10:32:08 [snail-job-grpc-client-executor-127.0.0.1-490] ERROR c.a.s.c.c.handler.ClientRegister - heartbeat check requestId:[490] message:[UNAVAILABLE: io exception]
2026-01-04 10:32:17 [sj-client-check] WARN  c.a.s.c.c.r.c.g.SnailJobGrpcClient - gRPC channel state=TRANSIENT_FAILURE, try reconnect...
2026-01-04 10:32:18 [snail-job-grpc-client-executor-127.0.0.1-491] ERROR c.a.s.c.c.handler.ClientRegister - heartbeat check requestId:[491] message:[UNAVAILABLE: io exception]
2026-01-04 10:32:27 [sj-client-check] WARN  c.a.s.c.c.r.c.g.SnailJobGrpcClient - gRPC channel state=TRANSIENT_FAILURE, try reconnect...
2026-01-04 10:32:28 [snail-job-grpc-client-executor-127.0.0.1-493] ERROR c.a.s.c.c.handler.ClientRegister - heartbeat check requestId:[493] message:[UNAVAILABLE: io exception]
2026-01-04 10:32:37 [sj-client-check] WARN  c.a.s.c.c.r.c.g.SnailJobGrpcClient - gRPC channel state=TRANSIENT_FAILURE, try reconnect...
2026-01-04 10:32:38 [snail-job-grpc-client-executor-127.0.0.1-494] ERROR c.a.s.c.c.handler.ClientRegister - heartbeat check requestId:[494] message:[UNAVAILABLE: io exception]
2026-01-04 10:32:47 [sj-client-check] WARN  c.a.s.c.c.r.c.g.SnailJobGrpcClient - gRPC channel state=TRANSIENT_FAILURE, try reconnect...
2026-01-04 10:32:48 [snail-job-grpc-client-executor-127.0.0.1-495] ERROR c.a.s.c.c.handler.ClientRegister - heartbeat check requestId:[495] message:[UNAVAILABLE: io exception]
2026-01-04 10:32:57 [sj-client-check] WARN  c.a.s.c.c.r.c.g.SnailJobGrpcClient - gRPC channel state=TRANSIENT_FAILURE, try reconnect...
2026-01-04 10:32:58 [snail-job-grpc-client-executor-127.0.0.1-496] ERROR c.a.s.c.c.handler.ClientRegister - heartbeat check requestId:[496] message:[UNAVAILABLE: io exception]
2026-01-04 10:33:07 [sj-client-check] WARN  c.a.s.c.c.r.c.g.SnailJobGrpcClient - gRPC channel state=TRANSIENT_FAILURE, try reconnect...
2026-01-04 10:33:08 [snail-job-grpc-client-executor-127.0.0.1-497] ERROR c.a.s.c.c.handler.ClientRegister - heartbeat check requestId:[497] message:[UNAVAILABLE: io exception]
2026-01-04 10:33:17 [sj-client-check] WARN  c.a.s.c.c.r.c.g.SnailJobGrpcClient - gRPC channel state=TRANSIENT_FAILURE, try reconnect...
2026-01-04 10:33:18 [snail-job-grpc-client-executor-127.0.0.1-498] ERROR c.a.s.c.c.handler.ClientRegister - heartbeat check requestId:[499] message:[UNAVAILABLE: io exception]
2026-01-04 10:33:27 [sj-client-check] WARN  c.a.s.c.c.r.c.g.SnailJobGrpcClient - gRPC channel state=TRANSIENT_FAILURE, try reconnect...
2026-01-04 10:33:28 [snail-job-grpc-client-executor-127.0.0.1-500] ERROR c.a.s.c.c.handler.ClientRegister - heartbeat check requestId:[500] message:[UNAVAILABLE: io exception]
2026-01-04 10:33:37 [sj-client-check] WARN  c.a.s.c.c.r.c.g.SnailJobGrpcClient - gRPC channel state=TRANSIENT_FAILURE, try reconnect...
2026-01-04 10:33:38 [snail-job-grpc-client-executor-127.0.0.1-501] ERROR c.a.s.c.c.handler.ClientRegister - heartbeat check requestId:[501] message:[UNAVAILABLE: io exception]
2026-01-04 10:33:47 [sj-client-check] WARN  c.a.s.c.c.r.c.g.SnailJobGrpcClient - gRPC channel state=TRANSIENT_FAILURE, try reconnect...
2026-01-04 10:33:48 [snail-job-grpc-client-executor-127.0.0.1-502] ERROR c.a.s.c.c.handler.ClientRegister - heartbeat check requestId:[502] message:[UNAVAILABLE: io exception]
2026-01-04 10:33:57 [sj-client-check] WARN  c.a.s.c.c.r.c.g.SnailJobGrpcClient - gRPC channel state=TRANSIENT_FAILURE, try reconnect...
2026-01-04 10:33:58 [snail-job-grpc-client-executor-127.0.0.1-503] ERROR c.a.s.c.c.handler.ClientRegister - heartbeat check requestId:[503] message:[UNAVAILABLE: io exception]
2026-01-04 10:34:07 [sj-client-check] WARN  c.a.s.c.c.r.c.g.SnailJobGrpcClient - gRPC channel state=TRANSIENT_FAILURE, try reconnect...
2026-01-04 10:34:08 [snail-job-grpc-client-executor-127.0.0.1-504] ERROR c.a.s.c.c.handler.ClientRegister - heartbeat check requestId:[504] message:[UNAVAILABLE: io exception]
2026-01-04 10:34:17 [sj-client-check] WARN  c.a.s.c.c.r.c.g.SnailJobGrpcClient - gRPC channel state=TRANSIENT_FAILURE, try reconnect...
2026-01-04 10:34:18 [snail-job-grpc-client-executor-127.0.0.1-506] ERROR c.a.s.c.c.handler.ClientRegister - heartbeat check requestId:[506] message:[UNAVAILABLE: io exception]
2026-01-04 10:34:27 [sj-client-check] WARN  c.a.s.c.c.r.c.g.SnailJobGrpcClient - gRPC channel state=TRANSIENT_FAILURE, try reconnect...
2026-01-04 10:34:28 [snail-job-grpc-client-executor-127.0.0.1-507] ERROR c.a.s.c.c.handler.ClientRegister - heartbeat check requestId:[507] message:[UNAVAILABLE: io exception]
2026-01-04 10:34:37 [sj-client-check] WARN  c.a.s.c.c.r.c.g.SnailJobGrpcClient - gRPC channel state=TRANSIENT_FAILURE, try reconnect...
2026-01-04 10:34:38 [snail-job-grpc-client-executor-127.0.0.1-508] ERROR c.a.s.c.c.handler.ClientRegister - heartbeat check requestId:[508] message:[UNAVAILABLE: io exception]
2026-01-04 10:34:47 [sj-client-check] WARN  c.a.s.c.c.r.c.g.SnailJobGrpcClient - gRPC channel state=TRANSIENT_FAILURE, try reconnect...
2026-01-04 10:34:48 [snail-job-grpc-client-executor-127.0.0.1-509] ERROR c.a.s.c.c.handler.ClientRegister - heartbeat check requestId:[509] message:[UNAVAILABLE: io exception]
2026-01-04 10:34:57 [sj-client-check] WARN  c.a.s.c.c.r.c.g.SnailJobGrpcClient - gRPC channel state=TRANSIENT_FAILURE, try reconnect...
2026-01-04 10:34:58 [snail-job-grpc-client-executor-127.0.0.1-510] ERROR c.a.s.c.c.handler.ClientRegister - heartbeat check requestId:[510] message:[UNAVAILABLE: io exception]
2026-01-04 10:35:07 [sj-client-check] WARN  c.a.s.c.c.r.c.g.SnailJobGrpcClient - gRPC channel state=TRANSIENT_FAILURE, try reconnect...
2026-01-04 10:35:08 [snail-job-grpc-client-executor-127.0.0.1-511] ERROR c.a.s.c.c.handler.ClientRegister - heartbeat check requestId:[511] message:[UNAVAILABLE: io exception]
2026-01-04 10:35:17 [sj-client-check] WARN  c.a.s.c.c.r.c.g.SnailJobGrpcClient - gRPC channel state=TRANSIENT_FAILURE, try reconnect...
2026-01-04 10:35:18 [snail-job-grpc-client-executor-127.0.0.1-513] ERROR c.a.s.c.c.handler.ClientRegister - heartbeat check requestId:[513] message:[UNAVAILABLE: io exception]
2026-01-04 10:35:27 [sj-client-check] WARN  c.a.s.c.c.r.c.g.SnailJobGrpcClient - gRPC channel state=TRANSIENT_FAILURE, try reconnect...
2026-01-04 10:35:28 [snail-job-grpc-client-executor-127.0.0.1-514] ERROR c.a.s.c.c.handler.ClientRegister - heartbeat check requestId:[514] message:[UNAVAILABLE: io exception]
2026-01-04 10:35:37 [sj-client-check] WARN  c.a.s.c.c.r.c.g.SnailJobGrpcClient - gRPC channel state=TRANSIENT_FAILURE, try reconnect...
2026-01-04 10:35:38 [snail-job-grpc-client-executor-127.0.0.1-515] ERROR c.a.s.c.c.handler.ClientRegister - heartbeat check requestId:[515] message:[UNAVAILABLE: io exception]
2026-01-04 10:35:47 [sj-client-check] WARN  c.a.s.c.c.r.c.g.SnailJobGrpcClient - gRPC channel state=TRANSIENT_FAILURE, try reconnect...
2026-01-04 10:35:48 [snail-job-grpc-client-executor-127.0.0.1-516] ERROR c.a.s.c.c.handler.ClientRegister - heartbeat check requestId:[516] message:[UNAVAILABLE: io exception]
2026-01-04 10:35:57 [sj-client-check] WARN  c.a.s.c.c.r.c.g.SnailJobGrpcClient - gRPC channel state=TRANSIENT_FAILURE, try reconnect...
2026-01-04 10:35:58 [snail-job-grpc-client-executor-127.0.0.1-517] ERROR c.a.s.c.c.handler.ClientRegister - heartbeat check requestId:[517] message:[UNAVAILABLE: io exception]
2026-01-04 10:36:07 [sj-client-check] WARN  c.a.s.c.c.r.c.g.SnailJobGrpcClient - gRPC channel state=TRANSIENT_FAILURE, try reconnect...
2026-01-04 10:36:08 [snail-job-grpc-client-executor-127.0.0.1-518] ERROR c.a.s.c.c.handler.ClientRegister - heartbeat check requestId:[518] message:[UNAVAILABLE: io exception]
2026-01-04 10:36:17 [sj-client-check] WARN  c.a.s.c.c.r.c.g.SnailJobGrpcClient - gRPC channel state=TRANSIENT_FAILURE, try reconnect...
2026-01-04 10:36:18 [snail-job-grpc-client-executor-127.0.0.1-520] ERROR c.a.s.c.c.handler.ClientRegister - heartbeat check requestId:[520] message:[UNAVAILABLE: io exception]
2026-01-04 10:36:27 [sj-client-check] WARN  c.a.s.c.c.r.c.g.SnailJobGrpcClient - gRPC channel state=TRANSIENT_FAILURE, try reconnect...
2026-01-04 10:36:28 [snail-job-grpc-client-executor-127.0.0.1-521] ERROR c.a.s.c.c.handler.ClientRegister - heartbeat check requestId:[521] message:[UNAVAILABLE: io exception]
2026-01-04 10:36:37 [sj-client-check] WARN  c.a.s.c.c.r.c.g.SnailJobGrpcClient - gRPC channel state=TRANSIENT_FAILURE, try reconnect...
2026-01-04 10:36:38 [snail-job-grpc-client-executor-127.0.0.1-522] ERROR c.a.s.c.c.handler.ClientRegister - heartbeat check requestId:[522] message:[UNAVAILABLE: io exception]
2026-01-04 10:36:47 [sj-client-check] WARN  c.a.s.c.c.r.c.g.SnailJobGrpcClient - gRPC channel state=TRANSIENT_FAILURE, try reconnect...
2026-01-04 10:36:48 [snail-job-grpc-client-executor-127.0.0.1-523] ERROR c.a.s.c.c.handler.ClientRegister - heartbeat check requestId:[523] message:[UNAVAILABLE: io exception]
2026-01-04 10:36:57 [sj-client-check] WARN  c.a.s.c.c.r.c.g.SnailJobGrpcClient - gRPC channel state=TRANSIENT_FAILURE, try reconnect...
2026-01-04 10:36:58 [snail-job-grpc-client-executor-127.0.0.1-524] ERROR c.a.s.c.c.handler.ClientRegister - heartbeat check requestId:[524] message:[UNAVAILABLE: io exception]
2026-01-04 10:37:07 [sj-client-check] WARN  c.a.s.c.c.r.c.g.SnailJobGrpcClient - gRPC channel state=TRANSIENT_FAILURE, try reconnect...
2026-01-04 10:37:08 [snail-job-grpc-client-executor-127.0.0.1-525] ERROR c.a.s.c.c.handler.ClientRegister - heartbeat check requestId:[525] message:[UNAVAILABLE: io exception]
2026-01-04 10:37:17 [sj-client-check] WARN  c.a.s.c.c.r.c.g.SnailJobGrpcClient - gRPC channel state=TRANSIENT_FAILURE, try reconnect...
2026-01-04 10:37:18 [snail-job-grpc-client-executor-127.0.0.1-526] ERROR c.a.s.c.c.handler.ClientRegister - heartbeat check requestId:[527] message:[UNAVAILABLE: io exception]
2026-01-04 10:37:27 [sj-client-check] WARN  c.a.s.c.c.r.c.g.SnailJobGrpcClient - gRPC channel state=TRANSIENT_FAILURE, try reconnect...
2026-01-04 10:37:28 [snail-job-grpc-client-executor-127.0.0.1-528] ERROR c.a.s.c.c.handler.ClientRegister - heartbeat check requestId:[528] message:[UNAVAILABLE: io exception]
2026-01-04 10:37:37 [sj-client-check] WARN  c.a.s.c.c.r.c.g.SnailJobGrpcClient - gRPC channel state=TRANSIENT_FAILURE, try reconnect...
2026-01-04 10:37:38 [snail-job-grpc-client-executor-127.0.0.1-529] ERROR c.a.s.c.c.handler.ClientRegister - heartbeat check requestId:[529] message:[UNAVAILABLE: io exception]
2026-01-04 10:37:47 [sj-client-check] WARN  c.a.s.c.c.r.c.g.SnailJobGrpcClient - gRPC channel state=TRANSIENT_FAILURE, try reconnect...
2026-01-04 10:37:48 [snail-job-grpc-client-executor-127.0.0.1-530] ERROR c.a.s.c.c.handler.ClientRegister - heartbeat check requestId:[530] message:[UNAVAILABLE: io exception]
2026-01-04 10:37:57 [sj-client-check] WARN  c.a.s.c.c.r.c.g.SnailJobGrpcClient - gRPC channel state=TRANSIENT_FAILURE, try reconnect...
2026-01-04 10:37:58 [snail-job-grpc-client-executor-127.0.0.1-531] ERROR c.a.s.c.c.handler.ClientRegister - heartbeat check requestId:[531] message:[UNAVAILABLE: io exception]
2026-01-04 10:38:07 [sj-client-check] WARN  c.a.s.c.c.r.c.g.SnailJobGrpcClient - gRPC channel state=TRANSIENT_FAILURE, try reconnect...
2026-01-04 10:38:08 [snail-job-grpc-client-executor-127.0.0.1-532] ERROR c.a.s.c.c.handler.ClientRegister - heartbeat check requestId:[532] message:[UNAVAILABLE: io exception]
2026-01-04 10:38:17 [sj-client-check] WARN  c.a.s.c.c.r.c.g.SnailJobGrpcClient - gRPC channel state=TRANSIENT_FAILURE, try reconnect...
2026-01-04 10:38:18 [snail-job-grpc-client-executor-127.0.0.1-534] ERROR c.a.s.c.c.handler.ClientRegister - heartbeat check requestId:[533] message:[UNAVAILABLE: io exception]
2026-01-04 10:38:27 [sj-client-check] WARN  c.a.s.c.c.r.c.g.SnailJobGrpcClient - gRPC channel state=TRANSIENT_FAILURE, try reconnect...
2026-01-04 10:38:28 [snail-job-grpc-client-executor-127.0.0.1-535] ERROR c.a.s.c.c.handler.ClientRegister - heartbeat check requestId:[535] message:[UNAVAILABLE: io exception]
2026-01-04 10:38:37 [sj-client-check] WARN  c.a.s.c.c.r.c.g.SnailJobGrpcClient - gRPC channel state=TRANSIENT_FAILURE, try reconnect...
2026-01-04 10:38:38 [snail-job-grpc-client-executor-127.0.0.1-536] ERROR c.a.s.c.c.handler.ClientRegister - heartbeat check requestId:[536] message:[UNAVAILABLE: io exception]
2026-01-04 10:38:47 [sj-client-check] WARN  c.a.s.c.c.r.c.g.SnailJobGrpcClient - gRPC channel state=TRANSIENT_FAILURE, try reconnect...
2026-01-04 10:38:48 [snail-job-grpc-client-executor-127.0.0.1-537] ERROR c.a.s.c.c.handler.ClientRegister - heartbeat check requestId:[537] message:[UNAVAILABLE: io exception]
2026-01-04 10:38:57 [sj-client-check] WARN  c.a.s.c.c.r.c.g.SnailJobGrpcClient - gRPC channel state=TRANSIENT_FAILURE, try reconnect...
2026-01-04 10:38:58 [snail-job-grpc-client-executor-127.0.0.1-538] ERROR c.a.s.c.c.handler.ClientRegister - heartbeat check requestId:[538] message:[UNAVAILABLE: io exception]
2026-01-04 10:39:07 [sj-client-check] WARN  c.a.s.c.c.r.c.g.SnailJobGrpcClient - gRPC channel state=TRANSIENT_FAILURE, try reconnect...
2026-01-04 10:39:08 [snail-job-grpc-client-executor-127.0.0.1-539] ERROR c.a.s.c.c.handler.ClientRegister - heartbeat check requestId:[539] message:[UNAVAILABLE: io exception]
2026-01-04 10:39:15 [XNIO-1 task-3] INFO  o.d.c.w.i.PlusWebInvokeTimeInterceptor - [PLUS]开始请求 => URL[GET /system/user/getInfo],无参数
2026-01-04 10:39:15 [XNIO-1 task-3] INFO  o.d.c.w.i.PlusWebInvokeTimeInterceptor - [PLUS]结束请求 => URL[GET /system/user/getInfo],耗时:[10]毫秒
2026-01-04 10:39:15 [XNIO-1 task-3] INFO  o.d.c.w.i.PlusWebInvokeTimeInterceptor - [PLUS]开始请求 => URL[GET /system/menu/getRouters],无参数
2026-01-04 10:39:15 [XNIO-1 task-3] INFO  o.d.c.w.i.PlusWebInvokeTimeInterceptor - [PLUS]结束请求 => URL[GET /system/menu/getRouters],耗时:[4]毫秒
2026-01-04 10:39:15 [XNIO-1 task-3] INFO  o.d.c.w.i.PlusWebInvokeTimeInterceptor - [PLUS]开始请求 => URL[GET /auth/tenant/list],无参数
2026-01-04 10:39:15 [XNIO-1 task-3] INFO  o.d.c.r.aspectj.RateLimiterAspect - 限制令牌 => 20, 剩余令牌 => 19, 缓存key => 'global:rate_limit:/auth/tenant/list:0:0:0:0:0:0:0:1:'
2026-01-04 10:39:15 [XNIO-1 task-3] INFO  o.d.c.w.i.PlusWebInvokeTimeInterceptor - [PLUS]结束请求 => URL[GET /auth/tenant/list],耗时:[5]毫秒
2026-01-04 10:39:15 [XNIO-1 task-3] INFO  o.d.c.w.i.PlusWebInvokeTimeInterceptor - [PLUS]开始请求 => URL[GET /resource/sse],参数类型[param],参数:[{"Authorization":["Bearer eyJ0eXAiOiJKV1QiLCJhbGciOiJIUzI1NiJ9.eyJsb2dpblR5cGUiOiJsb2dpbiIsImxvZ2luSWQiOiJzeXNfdXNlcjoxIiwicm5TdHIiOiJHaWRyTnRSMGV4N21vSE5EUnpIczFSczRPcTBhY3NKSiIsImNsaWVudGlkIjoiZTVjZDdlNDg5MWJmOTVkMWQxOTIwNmNlMjRhN2IzMmUiLCJ0ZW5hbnRJZCI6IjAwMDAwMCIsInVzZXJJZCI6IjEiLCJ1c2VyTmFtZSI6ImFkbWluIiwiZGVwdElkIjoxLCJkZXB0TmFtZSI6IuW5v-S4nOebiOa1qeW3peiJuuWItuWTgeaciemZkOWFrOWPuCIsImRlcHRDYXRlZ29yeSI6IiJ9.6bHXHEUPVLl84H4jX3UXylCvmueZe89iYB0533oLnlE"],"clientid":["e5cd7e4891bf95d1d19206ce24a7b32e"]}]
2026-01-04 10:39:15 [XNIO-1 task-5] INFO  o.d.c.w.i.PlusWebInvokeTimeInterceptor - [PLUS]开始请求 => URL[GET /resource/sse],参数类型[param],参数:[{"Authorization":["Bearer eyJ0eXAiOiJKV1QiLCJhbGciOiJIUzI1NiJ9.eyJsb2dpblR5cGUiOiJsb2dpbiIsImxvZ2luSWQiOiJzeXNfdXNlcjoxIiwicm5TdHIiOiJHaWRyTnRSMGV4N21vSE5EUnpIczFSczRPcTBhY3NKSiIsImNsaWVudGlkIjoiZTVjZDdlNDg5MWJmOTVkMWQxOTIwNmNlMjRhN2IzMmUiLCJ0ZW5hbnRJZCI6IjAwMDAwMCIsInVzZXJJZCI6IjEiLCJ1c2VyTmFtZSI6ImFkbWluIiwiZGVwdElkIjoxLCJkZXB0TmFtZSI6IuW5v-S4nOebiOa1qeW3peiJuuWItuWTgeaciemZkOWFrOWPuCIsImRlcHRDYXRlZ29yeSI6IiJ9.6bHXHEUPVLl84H4jX3UXylCvmueZe89iYB0533oLnlE"],"clientid":["e5cd7e4891bf95d1d19206ce24a7b32e"]}]
2026-01-04 10:39:15 [XNIO-1 task-5] INFO  o.d.c.w.i.PlusWebInvokeTimeInterceptor - [PLUS]结束请求 => URL[GET /resource/sse],耗时:[0]毫秒
2026-01-04 10:39:15 [XNIO-1 task-3] INFO  o.d.c.w.i.PlusWebInvokeTimeInterceptor - [PLUS]开始请求 => URL[GET /resource/sse],参数类型[param],参数:[{"Authorization":["Bearer eyJ0eXAiOiJKV1QiLCJhbGciOiJIUzI1NiJ9.eyJsb2dpblR5cGUiOiJsb2dpbiIsImxvZ2luSWQiOiJzeXNfdXNlcjoxIiwicm5TdHIiOiJHaWRyTnRSMGV4N21vSE5EUnpIczFSczRPcTBhY3NKSiIsImNsaWVudGlkIjoiZTVjZDdlNDg5MWJmOTVkMWQxOTIwNmNlMjRhN2IzMmUiLCJ0ZW5hbnRJZCI6IjAwMDAwMCIsInVzZXJJZCI6IjEiLCJ1c2VyTmFtZSI6ImFkbWluIiwiZGVwdElkIjoxLCJkZXB0TmFtZSI6IuW5v-S4nOebiOa1qeW3peiJuuWItuWTgeaciemZkOWFrOWPuCIsImRlcHRDYXRlZ29yeSI6IiJ9.6bHXHEUPVLl84H4jX3UXylCvmueZe89iYB0533oLnlE"],"clientid":["e5cd7e4891bf95d1d19206ce24a7b32e"]}]
2026-01-04 10:39:15 [XNIO-1 task-3] INFO  o.d.c.w.i.PlusWebInvokeTimeInterceptor - [PLUS]结束请求 => URL[GET /resource/sse],耗时:[0]毫秒
2026-01-04 10:39:17 [sj-client-check] WARN  c.a.s.c.c.r.c.g.SnailJobGrpcClient - gRPC channel state=TRANSIENT_FAILURE, try reconnect...
2026-01-04 10:39:18 [snail-job-grpc-client-executor-127.0.0.1-541] ERROR c.a.s.c.c.handler.ClientRegister - heartbeat check requestId:[541] message:[UNAVAILABLE: io exception]
2026-01-04 10:39:18 [XNIO-1 task-3] INFO  o.d.c.w.i.PlusWebInvokeTimeInterceptor - [PLUS]开始请求 => URL[GET /resource/sse],参数类型[param],参数:[{"Authorization":["Bearer eyJ0eXAiOiJKV1QiLCJhbGciOiJIUzI1NiJ9.eyJsb2dpblR5cGUiOiJsb2dpbiIsImxvZ2luSWQiOiJzeXNfdXNlcjoxIiwicm5TdHIiOiJHaWRyTnRSMGV4N21vSE5EUnpIczFSczRPcTBhY3NKSiIsImNsaWVudGlkIjoiZTVjZDdlNDg5MWJmOTVkMWQxOTIwNmNlMjRhN2IzMmUiLCJ0ZW5hbnRJZCI6IjAwMDAwMCIsInVzZXJJZCI6IjEiLCJ1c2VyTmFtZSI6ImFkbWluIiwiZGVwdElkIjoxLCJkZXB0TmFtZSI6IuW5v-S4nOebiOa1qeW3peiJuuWItuWTgeaciemZkOWFrOWPuCIsImRlcHRDYXRlZ29yeSI6IiJ9.6bHXHEUPVLl84H4jX3UXylCvmueZe89iYB0533oLnlE"],"clientid":["e5cd7e4891bf95d1d19206ce24a7b32e"]}]
2026-01-04 10:39:19 [XNIO-1 task-3] INFO  o.d.c.w.i.PlusWebInvokeTimeInterceptor - [PLUS]开始请求 => URL[GET /resource/sse],参数类型[param],参数:[{"Authorization":["Bearer eyJ0eXAiOiJKV1QiLCJhbGciOiJIUzI1NiJ9.eyJsb2dpblR5cGUiOiJsb2dpbiIsImxvZ2luSWQiOiJzeXNfdXNlcjoxIiwicm5TdHIiOiJHaWRyTnRSMGV4N21vSE5EUnpIczFSczRPcTBhY3NKSiIsImNsaWVudGlkIjoiZTVjZDdlNDg5MWJmOTVkMWQxOTIwNmNlMjRhN2IzMmUiLCJ0ZW5hbnRJZCI6IjAwMDAwMCIsInVzZXJJZCI6IjEiLCJ1c2VyTmFtZSI6ImFkbWluIiwiZGVwdElkIjoxLCJkZXB0TmFtZSI6IuW5v-S4nOebiOa1qeW3peiJuuWItuWTgeaciemZkOWFrOWPuCIsImRlcHRDYXRlZ29yeSI6IiJ9.6bHXHEUPVLl84H4jX3UXylCvmueZe89iYB0533oLnlE"],"clientid":["e5cd7e4891bf95d1d19206ce24a7b32e"]}]
2026-01-04 10:39:19 [XNIO-1 task-5] INFO  o.d.c.w.i.PlusWebInvokeTimeInterceptor - [PLUS]开始请求 => URL[GET /resource/sse],参数类型[param],参数:[{"Authorization":["Bearer eyJ0eXAiOiJKV1QiLCJhbGciOiJIUzI1NiJ9.eyJsb2dpblR5cGUiOiJsb2dpbiIsImxvZ2luSWQiOiJzeXNfdXNlcjoxIiwicm5TdHIiOiJHaWRyTnRSMGV4N21vSE5EUnpIczFSczRPcTBhY3NKSiIsImNsaWVudGlkIjoiZTVjZDdlNDg5MWJmOTVkMWQxOTIwNmNlMjRhN2IzMmUiLCJ0ZW5hbnRJZCI6IjAwMDAwMCIsInVzZXJJZCI6IjEiLCJ1c2VyTmFtZSI6ImFkbWluIiwiZGVwdElkIjoxLCJkZXB0TmFtZSI6IuW5v-S4nOebiOa1qeW3peiJuuWItuWTgeaciemZkOWFrOWPuCIsImRlcHRDYXRlZ29yeSI6IiJ9.6bHXHEUPVLl84H4jX3UXylCvmueZe89iYB0533oLnlE"],"clientid":["e5cd7e4891bf95d1d19206ce24a7b32e"]}]
2026-01-04 10:39:19 [XNIO-1 task-5] INFO  o.d.c.w.i.PlusWebInvokeTimeInterceptor - [PLUS]结束请求 => URL[GET /resource/sse],耗时:[0]毫秒
2026-01-04 10:39:19 [XNIO-1 task-3] INFO  o.d.c.w.i.PlusWebInvokeTimeInterceptor - [PLUS]开始请求 => URL[GET /resource/sse],参数类型[param],参数:[{"Authorization":["Bearer eyJ0eXAiOiJKV1QiLCJhbGciOiJIUzI1NiJ9.eyJsb2dpblR5cGUiOiJsb2dpbiIsImxvZ2luSWQiOiJzeXNfdXNlcjoxIiwicm5TdHIiOiJHaWRyTnRSMGV4N21vSE5EUnpIczFSczRPcTBhY3NKSiIsImNsaWVudGlkIjoiZTVjZDdlNDg5MWJmOTVkMWQxOTIwNmNlMjRhN2IzMmUiLCJ0ZW5hbnRJZCI6IjAwMDAwMCIsInVzZXJJZCI6IjEiLCJ1c2VyTmFtZSI6ImFkbWluIiwiZGVwdElkIjoxLCJkZXB0TmFtZSI6IuW5v-S4nOebiOa1qeW3peiJuuWItuWTgeaciemZkOWFrOWPuCIsImRlcHRDYXRlZ29yeSI6IiJ9.6bHXHEUPVLl84H4jX3UXylCvmueZe89iYB0533oLnlE"],"clientid":["e5cd7e4891bf95d1d19206ce24a7b32e"]}]
2026-01-04 10:39:19 [XNIO-1 task-3] INFO  o.d.c.w.i.PlusWebInvokeTimeInterceptor - [PLUS]结束请求 => URL[GET /resource/sse],耗时:[0]毫秒
2026-01-04 10:39:19 [XNIO-1 task-5] INFO  o.d.c.w.i.PlusWebInvokeTimeInterceptor - [PLUS]开始请求 => URL[GET /resource/sse/close],无参数
2026-01-04 10:39:19 [XNIO-1 task-3] INFO  o.d.c.w.i.PlusWebInvokeTimeInterceptor - [PLUS]开始请求 => URL[POST /auth/logout],无参数
2026-01-04 10:39:19 [XNIO-1 task-5] INFO  o.d.c.w.i.PlusWebInvokeTimeInterceptor - [PLUS]结束请求 => URL[GET /resource/sse/close],耗时:[0]毫秒
2026-01-04 10:39:19 [async-34] INFO  o.d.s.s.i.SysLogininforServiceImpl - [0:0:0:0:0:0:0:1]内网IP[admin][Logout][退出成功]
2026-01-04 10:39:19 [XNIO-1 task-3] INFO  o.d.web.listener.UserActionListener - user doLogout, userId:sys_user:1, token:eyJ0eXAiOiJKV1QiLCJhbGciOiJIUzI1NiJ9.eyJsb2dpblR5cGUiOiJsb2dpbiIsImxvZ2luSWQiOiJzeXNfdXNlcjoxIiwicm5TdHIiOiJHaWRyTnRSMGV4N21vSE5EUnpIczFSczRPcTBhY3NKSiIsImNsaWVudGlkIjoiZTVjZDdlNDg5MWJmOTVkMWQxOTIwNmNlMjRhN2IzMmUiLCJ0ZW5hbnRJZCI6IjAwMDAwMCIsInVzZXJJZCI6IjEiLCJ1c2VyTmFtZSI6ImFkbWluIiwiZGVwdElkIjoxLCJkZXB0TmFtZSI6IuW5v-S4nOebiOa1qeW3peiJuuWItuWTgeaciemZkOWFrOWPuCIsImRlcHRDYXRlZ29yeSI6IiJ9.6bHXHEUPVLl84H4jX3UXylCvmueZe89iYB0533oLnlE
2026-01-04 10:39:19 [XNIO-1 task-3] INFO  o.d.c.w.i.PlusWebInvokeTimeInterceptor - [PLUS]结束请求 => URL[POST /auth/logout],耗时:[5]毫秒
2026-01-04 10:39:20 [XNIO-1 task-3] INFO  o.d.c.w.i.PlusWebInvokeTimeInterceptor - [PLUS]开始请求 => URL[GET /auth/code],无参数
2026-01-04 10:39:20 [XNIO-1 task-3] INFO  o.d.c.r.aspectj.RateLimiterAspect - 限制令牌 => 10, 剩余令牌 => 9, 缓存key => 'global:rate_limit:/auth/code:0:0:0:0:0:0:0:1:'
2026-01-04 10:39:20 [XNIO-1 task-3] INFO  o.d.c.w.i.PlusWebInvokeTimeInterceptor - [PLUS]结束请求 => URL[GET /auth/code],耗时:[4]毫秒
2026-01-04 10:39:20 [XNIO-1 task-3] INFO  o.d.c.w.i.PlusWebInvokeTimeInterceptor - [PLUS]开始请求 => URL[GET /auth/tenant/list],无参数
2026-01-04 10:39:20 [XNIO-1 task-3] INFO  o.d.c.r.aspectj.RateLimiterAspect - 限制令牌 => 20, 剩余令牌 => 18, 缓存key => 'global:rate_limit:/auth/tenant/list:0:0:0:0:0:0:0:1:'
2026-01-04 10:39:20 [XNIO-1 task-3] INFO  o.d.c.w.i.PlusWebInvokeTimeInterceptor - [PLUS]结束请求 => URL[GET /auth/tenant/list],耗时:[2]毫秒
2026-01-04 10:39:22 [XNIO-1 task-3] INFO  o.d.c.w.i.PlusWebInvokeTimeInterceptor - [PLUS]开始请求 => URL[GET /resource/sse],参数类型[param],参数:[{"Authorization":["Bearer eyJ0eXAiOiJKV1QiLCJhbGciOiJIUzI1NiJ9.eyJsb2dpblR5cGUiOiJsb2dpbiIsImxvZ2luSWQiOiJzeXNfdXNlcjoxIiwicm5TdHIiOiJHaWRyTnRSMGV4N21vSE5EUnpIczFSczRPcTBhY3NKSiIsImNsaWVudGlkIjoiZTVjZDdlNDg5MWJmOTVkMWQxOTIwNmNlMjRhN2IzMmUiLCJ0ZW5hbnRJZCI6IjAwMDAwMCIsInVzZXJJZCI6IjEiLCJ1c2VyTmFtZSI6ImFkbWluIiwiZGVwdElkIjoxLCJkZXB0TmFtZSI6IuW5v-S4nOebiOa1qeW3peiJuuWItuWTgeaciemZkOWFrOWPuCIsImRlcHRDYXRlZ29yeSI6IiJ9.6bHXHEUPVLl84H4jX3UXylCvmueZe89iYB0533oLnlE"],"clientid":["e5cd7e4891bf95d1d19206ce24a7b32e"]}]
2026-01-04 10:39:22 [XNIO-1 task-3] INFO  o.d.c.w.i.PlusWebInvokeTimeInterceptor - [PLUS]结束请求 => URL[GET /resource/sse],耗时:[0]毫秒
2026-01-04 10:39:27 [sj-client-check] WARN  c.a.s.c.c.r.c.g.SnailJobGrpcClient - gRPC channel state=TRANSIENT_FAILURE, try reconnect...
2026-01-04 10:39:28 [snail-job-grpc-client-executor-127.0.0.1-542] ERROR c.a.s.c.c.handler.ClientRegister - heartbeat check requestId:[542] message:[UNAVAILABLE: io exception]
2026-01-04 10:39:37 [sj-client-check] WARN  c.a.s.c.c.r.c.g.SnailJobGrpcClient - gRPC channel state=TRANSIENT_FAILURE, try reconnect...
2026-01-04 10:39:38 [snail-job-grpc-client-executor-127.0.0.1-543] ERROR c.a.s.c.c.handler.ClientRegister - heartbeat check requestId:[543] message:[UNAVAILABLE: io exception]
2026-01-04 10:39:47 [sj-client-check] WARN  c.a.s.c.c.r.c.g.SnailJobGrpcClient - gRPC channel state=TRANSIENT_FAILURE, try reconnect...
2026-01-04 10:39:48 [snail-job-grpc-client-executor-127.0.0.1-544] ERROR c.a.s.c.c.handler.ClientRegister - heartbeat check requestId:[544] message:[UNAVAILABLE: io exception]
2026-01-04 10:39:57 [sj-client-check] WARN  c.a.s.c.c.r.c.g.SnailJobGrpcClient - gRPC channel state=TRANSIENT_FAILURE, try reconnect...
2026-01-04 10:39:58 [snail-job-grpc-client-executor-127.0.0.1-545] ERROR c.a.s.c.c.handler.ClientRegister - heartbeat check requestId:[545] message:[UNAVAILABLE: io exception]
2026-01-04 10:40:07 [sj-client-check] WARN  c.a.s.c.c.r.c.g.SnailJobGrpcClient - gRPC channel state=TRANSIENT_FAILURE, try reconnect...
2026-01-04 10:40:08 [snail-job-grpc-client-executor-127.0.0.1-546] ERROR c.a.s.c.c.handler.ClientRegister - heartbeat check requestId:[546] message:[UNAVAILABLE: io exception]
2026-01-04 10:40:17 [sj-client-check] WARN  c.a.s.c.c.r.c.g.SnailJobGrpcClient - gRPC channel state=TRANSIENT_FAILURE, try reconnect...
2026-01-04 10:40:18 [snail-job-grpc-client-executor-127.0.0.1-547] ERROR c.a.s.c.c.handler.ClientRegister - heartbeat check requestId:[547] message:[UNAVAILABLE: io exception]
2026-01-04 10:40:27 [sj-client-check] WARN  c.a.s.c.c.r.c.g.SnailJobGrpcClient - gRPC channel state=TRANSIENT_FAILURE, try reconnect...
2026-01-04 10:40:28 [snail-job-grpc-client-executor-127.0.0.1-549] ERROR c.a.s.c.c.handler.ClientRegister - heartbeat check requestId:[549] message:[UNAVAILABLE: io exception]
2026-01-04 10:40:37 [sj-client-check] WARN  c.a.s.c.c.r.c.g.SnailJobGrpcClient - gRPC channel state=TRANSIENT_FAILURE, try reconnect...
2026-01-04 10:40:38 [snail-job-grpc-client-executor-127.0.0.1-550] ERROR c.a.s.c.c.handler.ClientRegister - heartbeat check requestId:[550] message:[UNAVAILABLE: io exception]
2026-01-04 10:40:47 [sj-client-check] WARN  c.a.s.c.c.r.c.g.SnailJobGrpcClient - gRPC channel state=TRANSIENT_FAILURE, try reconnect...
2026-01-04 10:40:48 [snail-job-grpc-client-executor-127.0.0.1-551] ERROR c.a.s.c.c.handler.ClientRegister - heartbeat check requestId:[551] message:[UNAVAILABLE: io exception]
2026-01-04 10:40:57 [sj-client-check] WARN  c.a.s.c.c.r.c.g.SnailJobGrpcClient - gRPC channel state=TRANSIENT_FAILURE, try reconnect...
2026-01-04 10:40:58 [snail-job-grpc-client-executor-127.0.0.1-552] ERROR c.a.s.c.c.handler.ClientRegister - heartbeat check requestId:[552] message:[UNAVAILABLE: io exception]
2026-01-04 10:41:07 [sj-client-check] WARN  c.a.s.c.c.r.c.g.SnailJobGrpcClient - gRPC channel state=TRANSIENT_FAILURE, try reconnect...
2026-01-04 10:41:08 [snail-job-grpc-client-executor-127.0.0.1-553] ERROR c.a.s.c.c.handler.ClientRegister - heartbeat check requestId:[553] message:[UNAVAILABLE: io exception]
2026-01-04 10:41:17 [sj-client-check] WARN  c.a.s.c.c.r.c.g.SnailJobGrpcClient - gRPC channel state=TRANSIENT_FAILURE, try reconnect...
2026-01-04 10:41:18 [snail-job-grpc-client-executor-127.0.0.1-554] ERROR c.a.s.c.c.handler.ClientRegister - heartbeat check requestId:[554] message:[UNAVAILABLE: io exception]
2026-01-04 10:41:27 [sj-client-check] WARN  c.a.s.c.c.r.c.g.SnailJobGrpcClient - gRPC channel state=TRANSIENT_FAILURE, try reconnect...
2026-01-04 10:41:28 [snail-job-grpc-client-executor-127.0.0.1-556] ERROR c.a.s.c.c.handler.ClientRegister - heartbeat check requestId:[556] message:[UNAVAILABLE: io exception]
2026-01-04 10:41:37 [sj-client-check] WARN  c.a.s.c.c.r.c.g.SnailJobGrpcClient - gRPC channel state=TRANSIENT_FAILURE, try reconnect...
2026-01-04 10:41:38 [snail-job-grpc-client-executor-127.0.0.1-557] ERROR c.a.s.c.c.handler.ClientRegister - heartbeat check requestId:[557] message:[UNAVAILABLE: io exception]
2026-01-04 10:41:47 [sj-client-check] WARN  c.a.s.c.c.r.c.g.SnailJobGrpcClient - gRPC channel state=TRANSIENT_FAILURE, try reconnect...
2026-01-04 10:41:48 [snail-job-grpc-client-executor-127.0.0.1-558] ERROR c.a.s.c.c.handler.ClientRegister - heartbeat check requestId:[558] message:[UNAVAILABLE: io exception]
2026-01-04 10:41:57 [sj-client-check] WARN  c.a.s.c.c.r.c.g.SnailJobGrpcClient - gRPC channel state=TRANSIENT_FAILURE, try reconnect...
2026-01-04 10:41:58 [snail-job-grpc-client-executor-127.0.0.1-559] ERROR c.a.s.c.c.handler.ClientRegister - heartbeat check requestId:[559] message:[UNAVAILABLE: io exception]
2026-01-04 10:42:07 [sj-client-check] WARN  c.a.s.c.c.r.c.g.SnailJobGrpcClient - gRPC channel state=TRANSIENT_FAILURE, try reconnect...
2026-01-04 10:42:08 [snail-job-grpc-client-executor-127.0.0.1-560] ERROR c.a.s.c.c.handler.ClientRegister - heartbeat check requestId:[560] message:[UNAVAILABLE: io exception]
2026-01-04 10:42:17 [sj-client-check] WARN  c.a.s.c.c.r.c.g.SnailJobGrpcClient - gRPC channel state=TRANSIENT_FAILURE, try reconnect...
2026-01-04 10:42:18 [snail-job-grpc-client-executor-127.0.0.1-562] ERROR c.a.s.c.c.handler.ClientRegister - heartbeat check requestId:[562] message:[UNAVAILABLE: io exception]
2026-01-04 10:42:27 [sj-client-check] WARN  c.a.s.c.c.r.c.g.SnailJobGrpcClient - gRPC channel state=TRANSIENT_FAILURE, try reconnect...
2026-01-04 10:42:28 [snail-job-grpc-client-executor-127.0.0.1-563] ERROR c.a.s.c.c.handler.ClientRegister - heartbeat check requestId:[563] message:[UNAVAILABLE: io exception]
2026-01-04 10:42:37 [sj-client-check] WARN  c.a.s.c.c.r.c.g.SnailJobGrpcClient - gRPC channel state=TRANSIENT_FAILURE, try reconnect...
2026-01-04 10:42:38 [snail-job-grpc-client-executor-127.0.0.1-564] ERROR c.a.s.c.c.handler.ClientRegister - heartbeat check requestId:[564] message:[UNAVAILABLE: io exception]
2026-01-04 10:42:47 [sj-client-check] WARN  c.a.s.c.c.r.c.g.SnailJobGrpcClient - gRPC channel state=TRANSIENT_FAILURE, try reconnect...
2026-01-04 10:42:48 [snail-job-grpc-client-executor-127.0.0.1-565] ERROR c.a.s.c.c.handler.ClientRegister - heartbeat check requestId:[565] message:[UNAVAILABLE: io exception]
2026-01-04 10:42:57 [sj-client-check] WARN  c.a.s.c.c.r.c.g.SnailJobGrpcClient - gRPC channel state=TRANSIENT_FAILURE, try reconnect...
2026-01-04 10:42:58 [snail-job-grpc-client-executor-127.0.0.1-566] ERROR c.a.s.c.c.handler.ClientRegister - heartbeat check requestId:[566] message:[UNAVAILABLE: io exception]
2026-01-04 10:43:07 [sj-client-check] WARN  c.a.s.c.c.r.c.g.SnailJobGrpcClient - gRPC channel state=TRANSIENT_FAILURE, try reconnect...
2026-01-04 10:43:08 [snail-job-grpc-client-executor-127.0.0.1-567] ERROR c.a.s.c.c.handler.ClientRegister - heartbeat check requestId:[567] message:[UNAVAILABLE: io exception]
2026-01-04 10:43:17 [sj-client-check] WARN  c.a.s.c.c.r.c.g.SnailJobGrpcClient - gRPC channel state=TRANSIENT_FAILURE, try reconnect...
2026-01-04 10:43:18 [snail-job-grpc-client-executor-127.0.0.1-569] ERROR c.a.s.c.c.handler.ClientRegister - heartbeat check requestId:[568] message:[UNAVAILABLE: io exception]
2026-01-04 10:43:27 [sj-client-check] WARN  c.a.s.c.c.r.c.g.SnailJobGrpcClient - gRPC channel state=TRANSIENT_FAILURE, try reconnect...
2026-01-04 10:43:28 [snail-job-grpc-client-executor-127.0.0.1-570] ERROR c.a.s.c.c.handler.ClientRegister - heartbeat check requestId:[570] message:[UNAVAILABLE: io exception]
2026-01-04 10:43:37 [sj-client-check] WARN  c.a.s.c.c.r.c.g.SnailJobGrpcClient - gRPC channel state=TRANSIENT_FAILURE, try reconnect...
2026-01-04 10:43:38 [snail-job-grpc-client-executor-127.0.0.1-571] ERROR c.a.s.c.c.handler.ClientRegister - heartbeat check requestId:[571] message:[UNAVAILABLE: io exception]
2026-01-04 10:43:47 [sj-client-check] WARN  c.a.s.c.c.r.c.g.SnailJobGrpcClient - gRPC channel state=TRANSIENT_FAILURE, try reconnect...
2026-01-04 10:43:48 [snail-job-grpc-client-executor-127.0.0.1-572] ERROR c.a.s.c.c.handler.ClientRegister - heartbeat check requestId:[572] message:[UNAVAILABLE: io exception]
2026-01-04 10:43:57 [sj-client-check] WARN  c.a.s.c.c.r.c.g.SnailJobGrpcClient - gRPC channel state=TRANSIENT_FAILURE, try reconnect...
2026-01-04 10:43:58 [snail-job-grpc-client-executor-127.0.0.1-573] ERROR c.a.s.c.c.handler.ClientRegister - heartbeat check requestId:[573] message:[UNAVAILABLE: io exception]
2026-01-04 10:44:07 [sj-client-check] WARN  c.a.s.c.c.r.c.g.SnailJobGrpcClient - gRPC channel state=TRANSIENT_FAILURE, try reconnect...
2026-01-04 10:44:08 [snail-job-grpc-client-executor-127.0.0.1-574] ERROR c.a.s.c.c.handler.ClientRegister - heartbeat check requestId:[574] message:[UNAVAILABLE: io exception]
2026-01-04 10:44:17 [sj-client-check] WARN  c.a.s.c.c.r.c.g.SnailJobGrpcClient - gRPC channel state=TRANSIENT_FAILURE, try reconnect...
2026-01-04 10:44:18 [snail-job-grpc-client-executor-127.0.0.1-575] ERROR c.a.s.c.c.handler.ClientRegister - heartbeat check requestId:[575] message:[UNAVAILABLE: io exception]
2026-01-04 10:44:27 [sj-client-check] WARN  c.a.s.c.c.r.c.g.SnailJobGrpcClient - gRPC channel state=TRANSIENT_FAILURE, try reconnect...
2026-01-04 10:44:28 [snail-job-grpc-client-executor-127.0.0.1-577] ERROR c.a.s.c.c.handler.ClientRegister - heartbeat check requestId:[577] message:[UNAVAILABLE: io exception]
2026-01-04 10:44:37 [sj-client-check] WARN  c.a.s.c.c.r.c.g.SnailJobGrpcClient - gRPC channel state=TRANSIENT_FAILURE, try reconnect...
2026-01-04 10:44:38 [snail-job-grpc-client-executor-127.0.0.1-578] ERROR c.a.s.c.c.handler.ClientRegister - heartbeat check requestId:[578] message:[UNAVAILABLE: io exception]
2026-01-04 10:44:47 [sj-client-check] WARN  c.a.s.c.c.r.c.g.SnailJobGrpcClient - gRPC channel state=TRANSIENT_FAILURE, try reconnect...
2026-01-04 10:44:48 [snail-job-grpc-client-executor-127.0.0.1-579] ERROR c.a.s.c.c.handler.ClientRegister - heartbeat check requestId:[579] message:[UNAVAILABLE: io exception]
2026-01-04 10:44:57 [sj-client-check] WARN  c.a.s.c.c.r.c.g.SnailJobGrpcClient - gRPC channel state=TRANSIENT_FAILURE, try reconnect...
2026-01-04 10:44:58 [snail-job-grpc-client-executor-127.0.0.1-580] ERROR c.a.s.c.c.handler.ClientRegister - heartbeat check requestId:[580] message:[UNAVAILABLE: io exception]
2026-01-04 10:45:07 [sj-client-check] WARN  c.a.s.c.c.r.c.g.SnailJobGrpcClient - gRPC channel state=TRANSIENT_FAILURE, try reconnect...
2026-01-04 10:45:08 [snail-job-grpc-client-executor-127.0.0.1-581] ERROR c.a.s.c.c.handler.ClientRegister - heartbeat check requestId:[581] message:[UNAVAILABLE: io exception]
2026-01-04 10:45:17 [sj-client-check] WARN  c.a.s.c.c.r.c.g.SnailJobGrpcClient - gRPC channel state=TRANSIENT_FAILURE, try reconnect...
2026-01-04 10:45:18 [snail-job-grpc-client-executor-127.0.0.1-582] ERROR c.a.s.c.c.handler.ClientRegister - heartbeat check requestId:[582] message:[UNAVAILABLE: io exception]
2026-01-04 10:45:27 [sj-client-check] WARN  c.a.s.c.c.r.c.g.SnailJobGrpcClient - gRPC channel state=TRANSIENT_FAILURE, try reconnect...
2026-01-04 10:45:28 [snail-job-grpc-client-executor-127.0.0.1-584] ERROR c.a.s.c.c.handler.ClientRegister - heartbeat check requestId:[584] message:[UNAVAILABLE: io exception]
2026-01-04 10:45:37 [sj-client-check] WARN  c.a.s.c.c.r.c.g.SnailJobGrpcClient - gRPC channel state=TRANSIENT_FAILURE, try reconnect...
2026-01-04 10:45:38 [snail-job-grpc-client-executor-127.0.0.1-585] ERROR c.a.s.c.c.handler.ClientRegister - heartbeat check requestId:[585] message:[UNAVAILABLE: io exception]
2026-01-04 10:45:47 [sj-client-check] WARN  c.a.s.c.c.r.c.g.SnailJobGrpcClient - gRPC channel state=TRANSIENT_FAILURE, try reconnect...
2026-01-04 10:45:48 [snail-job-grpc-client-executor-127.0.0.1-586] ERROR c.a.s.c.c.handler.ClientRegister - heartbeat check requestId:[586] message:[UNAVAILABLE: io exception]
2026-01-04 10:45:57 [sj-client-check] WARN  c.a.s.c.c.r.c.g.SnailJobGrpcClient - gRPC channel state=TRANSIENT_FAILURE, try reconnect...
2026-01-04 10:45:58 [snail-job-grpc-client-executor-127.0.0.1-587] ERROR c.a.s.c.c.handler.ClientRegister - heartbeat check requestId:[587] message:[UNAVAILABLE: io exception]
2026-01-04 10:46:07 [sj-client-check] WARN  c.a.s.c.c.r.c.g.SnailJobGrpcClient - gRPC channel state=TRANSIENT_FAILURE, try reconnect...
2026-01-04 10:46:08 [snail-job-grpc-client-executor-127.0.0.1-588] ERROR c.a.s.c.c.handler.ClientRegister - heartbeat check requestId:[588] message:[UNAVAILABLE: io exception]
2026-01-04 10:46:17 [sj-client-check] WARN  c.a.s.c.c.r.c.g.SnailJobGrpcClient - gRPC channel state=TRANSIENT_FAILURE, try reconnect...
2026-01-04 10:46:18 [snail-job-grpc-client-executor-127.0.0.1-590] ERROR c.a.s.c.c.handler.ClientRegister - heartbeat check requestId:[589] message:[UNAVAILABLE: io exception]
2026-01-04 10:46:27 [sj-client-check] WARN  c.a.s.c.c.r.c.g.SnailJobGrpcClient - gRPC channel state=TRANSIENT_FAILURE, try reconnect...
2026-01-04 10:46:28 [snail-job-grpc-client-executor-127.0.0.1-591] ERROR c.a.s.c.c.handler.ClientRegister - heartbeat check requestId:[591] message:[UNAVAILABLE: io exception]
2026-01-04 10:46:37 [sj-client-check] WARN  c.a.s.c.c.r.c.g.SnailJobGrpcClient - gRPC channel state=TRANSIENT_FAILURE, try reconnect...
2026-01-04 10:46:38 [snail-job-grpc-client-executor-127.0.0.1-592] ERROR c.a.s.c.c.handler.ClientRegister - heartbeat check requestId:[592] message:[UNAVAILABLE: io exception]
2026-01-04 10:46:47 [sj-client-check] WARN  c.a.s.c.c.r.c.g.SnailJobGrpcClient - gRPC channel state=TRANSIENT_FAILURE, try reconnect...
2026-01-04 10:46:48 [snail-job-grpc-client-executor-127.0.0.1-593] ERROR c.a.s.c.c.handler.ClientRegister - heartbeat check requestId:[593] message:[UNAVAILABLE: io exception]
2026-01-04 10:46:57 [sj-client-check] WARN  c.a.s.c.c.r.c.g.SnailJobGrpcClient - gRPC channel state=TRANSIENT_FAILURE, try reconnect...
2026-01-04 10:46:58 [snail-job-grpc-client-executor-127.0.0.1-594] ERROR c.a.s.c.c.handler.ClientRegister - heartbeat check requestId:[594] message:[UNAVAILABLE: io exception]
2026-01-04 10:47:07 [sj-client-check] WARN  c.a.s.c.c.r.c.g.SnailJobGrpcClient - gRPC channel state=TRANSIENT_FAILURE, try reconnect...
2026-01-04 10:47:08 [snail-job-grpc-client-executor-127.0.0.1-595] ERROR c.a.s.c.c.handler.ClientRegister - heartbeat check requestId:[595] message:[UNAVAILABLE: io exception]
2026-01-04 10:47:17 [sj-client-check] WARN  c.a.s.c.c.r.c.g.SnailJobGrpcClient - gRPC channel state=TRANSIENT_FAILURE, try reconnect...
2026-01-04 10:47:18 [snail-job-grpc-client-executor-127.0.0.1-597] ERROR c.a.s.c.c.handler.ClientRegister - heartbeat check requestId:[597] message:[UNAVAILABLE: io exception]
2026-01-04 10:47:27 [sj-client-check] WARN  c.a.s.c.c.r.c.g.SnailJobGrpcClient - gRPC channel state=TRANSIENT_FAILURE, try reconnect...
2026-01-04 10:47:28 [snail-job-grpc-client-executor-127.0.0.1-598] ERROR c.a.s.c.c.handler.ClientRegister - heartbeat check requestId:[598] message:[UNAVAILABLE: io exception]
2026-01-04 10:47:37 [sj-client-check] WARN  c.a.s.c.c.r.c.g.SnailJobGrpcClient - gRPC channel state=TRANSIENT_FAILURE, try reconnect...
2026-01-04 10:47:38 [snail-job-grpc-client-executor-127.0.0.1-599] ERROR c.a.s.c.c.handler.ClientRegister - heartbeat check requestId:[599] message:[UNAVAILABLE: io exception]
2026-01-04 10:47:47 [sj-client-check] WARN  c.a.s.c.c.r.c.g.SnailJobGrpcClient - gRPC channel state=TRANSIENT_FAILURE, try reconnect...
2026-01-04 10:47:48 [snail-job-grpc-client-executor-127.0.0.1-600] ERROR c.a.s.c.c.handler.ClientRegister - heartbeat check requestId:[600] message:[UNAVAILABLE: io exception]
2026-01-04 10:47:57 [sj-client-check] WARN  c.a.s.c.c.r.c.g.SnailJobGrpcClient - gRPC channel state=TRANSIENT_FAILURE, try reconnect...
2026-01-04 10:47:58 [snail-job-grpc-client-executor-127.0.0.1-601] ERROR c.a.s.c.c.handler.ClientRegister - heartbeat check requestId:[601] message:[UNAVAILABLE: io exception]
2026-01-04 10:48:07 [sj-client-check] WARN  c.a.s.c.c.r.c.g.SnailJobGrpcClient - gRPC channel state=TRANSIENT_FAILURE, try reconnect...
2026-01-04 10:48:08 [snail-job-grpc-client-executor-127.0.0.1-602] ERROR c.a.s.c.c.handler.ClientRegister - heartbeat check requestId:[602] message:[UNAVAILABLE: io exception]
2026-01-04 10:48:17 [sj-client-check] WARN  c.a.s.c.c.r.c.g.SnailJobGrpcClient - gRPC channel state=TRANSIENT_FAILURE, try reconnect...
2026-01-04 10:48:18 [snail-job-grpc-client-executor-127.0.0.1-603] ERROR c.a.s.c.c.handler.ClientRegister - heartbeat check requestId:[603] message:[UNAVAILABLE: io exception]
2026-01-04 10:48:27 [sj-client-check] WARN  c.a.s.c.c.r.c.g.SnailJobGrpcClient - gRPC channel state=TRANSIENT_FAILURE, try reconnect...
2026-01-04 10:48:28 [snail-job-grpc-client-executor-127.0.0.1-605] ERROR c.a.s.c.c.handler.ClientRegister - heartbeat check requestId:[605] message:[UNAVAILABLE: io exception]
2026-01-04 10:48:37 [sj-client-check] WARN  c.a.s.c.c.r.c.g.SnailJobGrpcClient - gRPC channel state=TRANSIENT_FAILURE, try reconnect...
2026-01-04 10:48:38 [snail-job-grpc-client-executor-127.0.0.1-606] ERROR c.a.s.c.c.handler.ClientRegister - heartbeat check requestId:[606] message:[UNAVAILABLE: io exception]
2026-01-04 10:48:47 [sj-client-check] WARN  c.a.s.c.c.r.c.g.SnailJobGrpcClient - gRPC channel state=TRANSIENT_FAILURE, try reconnect...
2026-01-04 10:48:48 [snail-job-grpc-client-executor-127.0.0.1-607] ERROR c.a.s.c.c.handler.ClientRegister - heartbeat check requestId:[607] message:[UNAVAILABLE: io exception]
2026-01-04 10:48:57 [sj-client-check] WARN  c.a.s.c.c.r.c.g.SnailJobGrpcClient - gRPC channel state=TRANSIENT_FAILURE, try reconnect...
2026-01-04 10:48:58 [snail-job-grpc-client-executor-127.0.0.1-608] ERROR c.a.s.c.c.handler.ClientRegister - heartbeat check requestId:[608] message:[UNAVAILABLE: io exception]
2026-01-04 10:49:07 [sj-client-check] WARN  c.a.s.c.c.r.c.g.SnailJobGrpcClient - gRPC channel state=TRANSIENT_FAILURE, try reconnect...
2026-01-04 10:49:08 [snail-job-grpc-client-executor-127.0.0.1-609] ERROR c.a.s.c.c.handler.ClientRegister - heartbeat check requestId:[609] message:[UNAVAILABLE: io exception]
2026-01-04 10:49:17 [sj-client-check] WARN  c.a.s.c.c.r.c.g.SnailJobGrpcClient - gRPC channel state=TRANSIENT_FAILURE, try reconnect...
2026-01-04 10:49:18 [snail-job-grpc-client-executor-127.0.0.1-611] ERROR c.a.s.c.c.handler.ClientRegister - heartbeat check requestId:[610] message:[UNAVAILABLE: io exception]
2026-01-04 10:49:27 [sj-client-check] WARN  c.a.s.c.c.r.c.g.SnailJobGrpcClient - gRPC channel state=TRANSIENT_FAILURE, try reconnect...
2026-01-04 10:49:28 [snail-job-grpc-client-executor-127.0.0.1-612] ERROR c.a.s.c.c.handler.ClientRegister - heartbeat check requestId:[612] message:[UNAVAILABLE: io exception]
2026-01-04 10:49:37 [sj-client-check] WARN  c.a.s.c.c.r.c.g.SnailJobGrpcClient - gRPC channel state=TRANSIENT_FAILURE, try reconnect...
2026-01-04 10:49:38 [snail-job-grpc-client-executor-127.0.0.1-613] ERROR c.a.s.c.c.handler.ClientRegister - heartbeat check requestId:[613] message:[UNAVAILABLE: io exception]
2026-01-04 10:49:47 [sj-client-check] WARN  c.a.s.c.c.r.c.g.SnailJobGrpcClient - gRPC channel state=TRANSIENT_FAILURE, try reconnect...
2026-01-04 10:49:48 [snail-job-grpc-client-executor-127.0.0.1-614] ERROR c.a.s.c.c.handler.ClientRegister - heartbeat check requestId:[614] message:[UNAVAILABLE: io exception]
2026-01-04 10:49:57 [sj-client-check] WARN  c.a.s.c.c.r.c.g.SnailJobGrpcClient - gRPC channel state=TRANSIENT_FAILURE, try reconnect...
2026-01-04 10:49:58 [snail-job-grpc-client-executor-127.0.0.1-615] ERROR c.a.s.c.c.handler.ClientRegister - heartbeat check requestId:[615] message:[UNAVAILABLE: io exception]
2026-01-04 10:50:07 [sj-client-check] WARN  c.a.s.c.c.r.c.g.SnailJobGrpcClient - gRPC channel state=TRANSIENT_FAILURE, try reconnect...
2026-01-04 10:50:08 [snail-job-grpc-client-executor-127.0.0.1-616] ERROR c.a.s.c.c.handler.ClientRegister - heartbeat check requestId:[616] message:[UNAVAILABLE: io exception]
2026-01-04 10:50:17 [sj-client-check] WARN  c.a.s.c.c.r.c.g.SnailJobGrpcClient - gRPC channel state=TRANSIENT_FAILURE, try reconnect...
2026-01-04 10:50:18 [snail-job-grpc-client-executor-127.0.0.1-618] ERROR c.a.s.c.c.handler.ClientRegister - heartbeat check requestId:[618] message:[UNAVAILABLE: io exception]
2026-01-04 10:50:27 [sj-client-check] WARN  c.a.s.c.c.r.c.g.SnailJobGrpcClient - gRPC channel state=TRANSIENT_FAILURE, try reconnect...
2026-01-04 10:50:28 [snail-job-grpc-client-executor-127.0.0.1-619] ERROR c.a.s.c.c.handler.ClientRegister - heartbeat check requestId:[619] message:[UNAVAILABLE: io exception]
2026-01-04 10:50:37 [sj-client-check] WARN  c.a.s.c.c.r.c.g.SnailJobGrpcClient - gRPC channel state=TRANSIENT_FAILURE, try reconnect...
2026-01-04 10:50:38 [snail-job-grpc-client-executor-127.0.0.1-620] ERROR c.a.s.c.c.handler.ClientRegister - heartbeat check requestId:[620] message:[UNAVAILABLE: io exception]
2026-01-04 10:50:47 [sj-client-check] WARN  c.a.s.c.c.r.c.g.SnailJobGrpcClient - gRPC channel state=TRANSIENT_FAILURE, try reconnect...
2026-01-04 10:50:48 [snail-job-grpc-client-executor-127.0.0.1-621] ERROR c.a.s.c.c.handler.ClientRegister - heartbeat check requestId:[621] message:[UNAVAILABLE: io exception]
2026-01-04 10:50:57 [sj-client-check] WARN  c.a.s.c.c.r.c.g.SnailJobGrpcClient - gRPC channel state=TRANSIENT_FAILURE, try reconnect...
2026-01-04 10:50:58 [snail-job-grpc-client-executor-127.0.0.1-622] ERROR c.a.s.c.c.handler.ClientRegister - heartbeat check requestId:[622] message:[UNAVAILABLE: io exception]
2026-01-04 10:51:07 [sj-client-check] WARN  c.a.s.c.c.r.c.g.SnailJobGrpcClient - gRPC channel state=TRANSIENT_FAILURE, try reconnect...
2026-01-04 10:51:08 [snail-job-grpc-client-executor-127.0.0.1-623] ERROR c.a.s.c.c.handler.ClientRegister - heartbeat check requestId:[623] message:[UNAVAILABLE: io exception]
2026-01-04 10:51:17 [sj-client-check] WARN  c.a.s.c.c.r.c.g.SnailJobGrpcClient - gRPC channel state=TRANSIENT_FAILURE, try reconnect...
2026-01-04 10:51:18 [snail-job-grpc-client-executor-127.0.0.1-624] ERROR c.a.s.c.c.handler.ClientRegister - heartbeat check requestId:[625] message:[UNAVAILABLE: io exception]
2026-01-04 10:51:27 [sj-client-check] WARN  c.a.s.c.c.r.c.g.SnailJobGrpcClient - gRPC channel state=TRANSIENT_FAILURE, try reconnect...
2026-01-04 10:51:28 [snail-job-grpc-client-executor-127.0.0.1-626] ERROR c.a.s.c.c.handler.ClientRegister - heartbeat check requestId:[626] message:[UNAVAILABLE: io exception]
2026-01-04 10:51:37 [sj-client-check] WARN  c.a.s.c.c.r.c.g.SnailJobGrpcClient - gRPC channel state=TRANSIENT_FAILURE, try reconnect...
2026-01-04 10:51:38 [snail-job-grpc-client-executor-127.0.0.1-627] ERROR c.a.s.c.c.handler.ClientRegister - heartbeat check requestId:[627] message:[UNAVAILABLE: io exception]
2026-01-04 10:51:47 [sj-client-check] WARN  c.a.s.c.c.r.c.g.SnailJobGrpcClient - gRPC channel state=TRANSIENT_FAILURE, try reconnect...
2026-01-04 10:51:48 [snail-job-grpc-client-executor-127.0.0.1-628] ERROR c.a.s.c.c.handler.ClientRegister - heartbeat check requestId:[628] message:[UNAVAILABLE: io exception]
2026-01-04 10:51:57 [sj-client-check] WARN  c.a.s.c.c.r.c.g.SnailJobGrpcClient - gRPC channel state=TRANSIENT_FAILURE, try reconnect...
2026-01-04 10:51:58 [snail-job-grpc-client-executor-127.0.0.1-629] ERROR c.a.s.c.c.handler.ClientRegister - heartbeat check requestId:[629] message:[UNAVAILABLE: io exception]
2026-01-04 10:52:07 [sj-client-check] WARN  c.a.s.c.c.r.c.g.SnailJobGrpcClient - gRPC channel state=TRANSIENT_FAILURE, try reconnect...
2026-01-04 10:52:08 [snail-job-grpc-client-executor-127.0.0.1-630] ERROR c.a.s.c.c.handler.ClientRegister - heartbeat check requestId:[630] message:[UNAVAILABLE: io exception]
2026-01-04 10:52:17 [sj-client-check] WARN  c.a.s.c.c.r.c.g.SnailJobGrpcClient - gRPC channel state=TRANSIENT_FAILURE, try reconnect...
2026-01-04 10:52:18 [snail-job-grpc-client-executor-127.0.0.1-631] ERROR c.a.s.c.c.handler.ClientRegister - heartbeat check requestId:[631] message:[UNAVAILABLE: io exception]
2026-01-04 10:52:27 [sj-client-check] WARN  c.a.s.c.c.r.c.g.SnailJobGrpcClient - gRPC channel state=TRANSIENT_FAILURE, try reconnect...
2026-01-04 10:52:28 [snail-job-grpc-client-executor-127.0.0.1-633] ERROR c.a.s.c.c.handler.ClientRegister - heartbeat check requestId:[633] message:[UNAVAILABLE: io exception]
2026-01-04 10:52:37 [sj-client-check] WARN  c.a.s.c.c.r.c.g.SnailJobGrpcClient - gRPC channel state=TRANSIENT_FAILURE, try reconnect...
2026-01-04 10:52:38 [snail-job-grpc-client-executor-127.0.0.1-634] ERROR c.a.s.c.c.handler.ClientRegister - heartbeat check requestId:[634] message:[UNAVAILABLE: io exception]
2026-01-04 10:52:47 [sj-client-check] WARN  c.a.s.c.c.r.c.g.SnailJobGrpcClient - gRPC channel state=TRANSIENT_FAILURE, try reconnect...
2026-01-04 10:52:48 [snail-job-grpc-client-executor-127.0.0.1-635] ERROR c.a.s.c.c.handler.ClientRegister - heartbeat check requestId:[635] message:[UNAVAILABLE: io exception]
2026-01-04 10:52:57 [sj-client-check] WARN  c.a.s.c.c.r.c.g.SnailJobGrpcClient - gRPC channel state=TRANSIENT_FAILURE, try reconnect...
2026-01-04 10:52:58 [snail-job-grpc-client-executor-127.0.0.1-636] ERROR c.a.s.c.c.handler.ClientRegister - heartbeat check requestId:[636] message:[UNAVAILABLE: io exception]
2026-01-04 10:53:07 [sj-client-check] WARN  c.a.s.c.c.r.c.g.SnailJobGrpcClient - gRPC channel state=TRANSIENT_FAILURE, try reconnect...
2026-01-04 10:53:08 [snail-job-grpc-client-executor-127.0.0.1-637] ERROR c.a.s.c.c.handler.ClientRegister - heartbeat check requestId:[637] message:[UNAVAILABLE: io exception]
2026-01-04 10:53:17 [sj-client-check] WARN  c.a.s.c.c.r.c.g.SnailJobGrpcClient - gRPC channel state=TRANSIENT_FAILURE, try reconnect...
2026-01-04 10:53:18 [snail-job-grpc-client-executor-127.0.0.1-639] ERROR c.a.s.c.c.handler.ClientRegister - heartbeat check requestId:[638] message:[UNAVAILABLE: io exception]
2026-01-04 10:53:27 [sj-client-check] WARN  c.a.s.c.c.r.c.g.SnailJobGrpcClient - gRPC channel state=TRANSIENT_FAILURE, try reconnect...
2026-01-04 10:53:28 [snail-job-grpc-client-executor-127.0.0.1-640] ERROR c.a.s.c.c.handler.ClientRegister - heartbeat check requestId:[640] message:[UNAVAILABLE: io exception]
2026-01-04 10:53:37 [sj-client-check] WARN  c.a.s.c.c.r.c.g.SnailJobGrpcClient - gRPC channel state=TRANSIENT_FAILURE, try reconnect...
2026-01-04 10:53:38 [snail-job-grpc-client-executor-127.0.0.1-641] ERROR c.a.s.c.c.handler.ClientRegister - heartbeat check requestId:[641] message:[UNAVAILABLE: io exception]
2026-01-04 10:53:47 [sj-client-check] WARN  c.a.s.c.c.r.c.g.SnailJobGrpcClient - gRPC channel state=TRANSIENT_FAILURE, try reconnect...
2026-01-04 10:53:48 [snail-job-grpc-client-executor-127.0.0.1-642] ERROR c.a.s.c.c.handler.ClientRegister - heartbeat check requestId:[642] message:[UNAVAILABLE: io exception]
2026-01-04 10:53:57 [sj-client-check] WARN  c.a.s.c.c.r.c.g.SnailJobGrpcClient - gRPC channel state=TRANSIENT_FAILURE, try reconnect...
2026-01-04 10:53:58 [snail-job-grpc-client-executor-127.0.0.1-643] ERROR c.a.s.c.c.handler.ClientRegister - heartbeat check requestId:[643] message:[UNAVAILABLE: io exception]
2026-01-04 10:54:07 [sj-client-check] WARN  c.a.s.c.c.r.c.g.SnailJobGrpcClient - gRPC channel state=TRANSIENT_FAILURE, try reconnect...
2026-01-04 10:54:08 [snail-job-grpc-client-executor-127.0.0.1-644] ERROR c.a.s.c.c.handler.ClientRegister - heartbeat check requestId:[644] message:[UNAVAILABLE: io exception]
2026-01-04 10:54:17 [sj-client-check] WARN  c.a.s.c.c.r.c.g.SnailJobGrpcClient - gRPC channel state=TRANSIENT_FAILURE, try reconnect...
2026-01-04 10:54:18 [snail-job-grpc-client-executor-127.0.0.1-646] ERROR c.a.s.c.c.handler.ClientRegister - heartbeat check requestId:[645] message:[UNAVAILABLE: io exception]
2026-01-04 10:54:27 [sj-client-check] WARN  c.a.s.c.c.r.c.g.SnailJobGrpcClient - gRPC channel state=TRANSIENT_FAILURE, try reconnect...
2026-01-04 10:54:28 [snail-job-grpc-client-executor-127.0.0.1-647] ERROR c.a.s.c.c.handler.ClientRegister - heartbeat check requestId:[647] message:[UNAVAILABLE: io exception]
2026-01-04 10:54:37 [sj-client-check] WARN  c.a.s.c.c.r.c.g.SnailJobGrpcClient - gRPC channel state=TRANSIENT_FAILURE, try reconnect...
2026-01-04 10:54:38 [snail-job-grpc-client-executor-127.0.0.1-648] ERROR c.a.s.c.c.handler.ClientRegister - heartbeat check requestId:[648] message:[UNAVAILABLE: io exception]
2026-01-04 10:54:47 [sj-client-check] WARN  c.a.s.c.c.r.c.g.SnailJobGrpcClient - gRPC channel state=TRANSIENT_FAILURE, try reconnect...
2026-01-04 10:54:48 [snail-job-grpc-client-executor-127.0.0.1-649] ERROR c.a.s.c.c.handler.ClientRegister - heartbeat check requestId:[649] message:[UNAVAILABLE: io exception]
2026-01-04 10:54:57 [sj-client-check] WARN  c.a.s.c.c.r.c.g.SnailJobGrpcClient - gRPC channel state=TRANSIENT_FAILURE, try reconnect...
2026-01-04 10:54:58 [snail-job-grpc-client-executor-127.0.0.1-650] ERROR c.a.s.c.c.handler.ClientRegister - heartbeat check requestId:[650] message:[UNAVAILABLE: io exception]
2026-01-04 10:55:07 [sj-client-check] WARN  c.a.s.c.c.r.c.g.SnailJobGrpcClient - gRPC channel state=TRANSIENT_FAILURE, try reconnect...
2026-01-04 10:55:08 [snail-job-grpc-client-executor-127.0.0.1-651] ERROR c.a.s.c.c.handler.ClientRegister - heartbeat check requestId:[651] message:[UNAVAILABLE: io exception]
2026-01-04 10:55:17 [sj-client-check] WARN  c.a.s.c.c.r.c.g.SnailJobGrpcClient - gRPC channel state=TRANSIENT_FAILURE, try reconnect...
2026-01-04 10:55:18 [snail-job-grpc-client-executor-127.0.0.1-652] ERROR c.a.s.c.c.handler.ClientRegister - heartbeat check requestId:[653] message:[UNAVAILABLE: io exception]
2026-01-04 10:55:27 [sj-client-check] WARN  c.a.s.c.c.r.c.g.SnailJobGrpcClient - gRPC channel state=TRANSIENT_FAILURE, try reconnect...
2026-01-04 10:55:28 [snail-job-grpc-client-executor-127.0.0.1-654] ERROR c.a.s.c.c.handler.ClientRegister - heartbeat check requestId:[654] message:[UNAVAILABLE: io exception]
2026-01-04 10:55:37 [sj-client-check] WARN  c.a.s.c.c.r.c.g.SnailJobGrpcClient - gRPC channel state=TRANSIENT_FAILURE, try reconnect...
2026-01-04 10:55:38 [snail-job-grpc-client-executor-127.0.0.1-655] ERROR c.a.s.c.c.handler.ClientRegister - heartbeat check requestId:[655] message:[UNAVAILABLE: io exception]
2026-01-04 10:55:47 [sj-client-check] WARN  c.a.s.c.c.r.c.g.SnailJobGrpcClient - gRPC channel state=TRANSIENT_FAILURE, try reconnect...
2026-01-04 10:55:48 [snail-job-grpc-client-executor-127.0.0.1-656] ERROR c.a.s.c.c.handler.ClientRegister - heartbeat check requestId:[656] message:[UNAVAILABLE: io exception]
2026-01-04 10:55:57 [sj-client-check] WARN  c.a.s.c.c.r.c.g.SnailJobGrpcClient - gRPC channel state=TRANSIENT_FAILURE, try reconnect...
2026-01-04 10:55:58 [snail-job-grpc-client-executor-127.0.0.1-657] ERROR c.a.s.c.c.handler.ClientRegister - heartbeat check requestId:[657] message:[UNAVAILABLE: io exception]
2026-01-04 10:56:07 [sj-client-check] WARN  c.a.s.c.c.r.c.g.SnailJobGrpcClient - gRPC channel state=TRANSIENT_FAILURE, try reconnect...
2026-01-04 10:56:08 [snail-job-grpc-client-executor-127.0.0.1-658] ERROR c.a.s.c.c.handler.ClientRegister - heartbeat check requestId:[658] message:[UNAVAILABLE: io exception]
2026-01-04 10:56:17 [sj-client-check] WARN  c.a.s.c.c.r.c.g.SnailJobGrpcClient - gRPC channel state=TRANSIENT_FAILURE, try reconnect...
2026-01-04 10:56:18 [snail-job-grpc-client-executor-127.0.0.1-660] ERROR c.a.s.c.c.handler.ClientRegister - heartbeat check requestId:[660] message:[UNAVAILABLE: io exception]
2026-01-04 10:56:27 [sj-client-check] WARN  c.a.s.c.c.r.c.g.SnailJobGrpcClient - gRPC channel state=TRANSIENT_FAILURE, try reconnect...
2026-01-04 10:56:28 [snail-job-grpc-client-executor-127.0.0.1-661] ERROR c.a.s.c.c.handler.ClientRegister - heartbeat check requestId:[661] message:[UNAVAILABLE: io exception]
2026-01-04 10:56:37 [sj-client-check] WARN  c.a.s.c.c.r.c.g.SnailJobGrpcClient - gRPC channel state=TRANSIENT_FAILURE, try reconnect...
2026-01-04 10:56:38 [snail-job-grpc-client-executor-127.0.0.1-662] ERROR c.a.s.c.c.handler.ClientRegister - heartbeat check requestId:[662] message:[UNAVAILABLE: io exception]
2026-01-04 10:56:47 [sj-client-check] WARN  c.a.s.c.c.r.c.g.SnailJobGrpcClient - gRPC channel state=TRANSIENT_FAILURE, try reconnect...
2026-01-04 10:56:48 [snail-job-grpc-client-executor-127.0.0.1-663] ERROR c.a.s.c.c.handler.ClientRegister - heartbeat check requestId:[663] message:[UNAVAILABLE: io exception]
2026-01-04 10:56:57 [sj-client-check] WARN  c.a.s.c.c.r.c.g.SnailJobGrpcClient - gRPC channel state=TRANSIENT_FAILURE, try reconnect...
2026-01-04 10:56:58 [snail-job-grpc-client-executor-127.0.0.1-664] ERROR c.a.s.c.c.handler.ClientRegister - heartbeat check requestId:[664] message:[UNAVAILABLE: io exception]
2026-01-04 10:57:07 [sj-client-check] WARN  c.a.s.c.c.r.c.g.SnailJobGrpcClient - gRPC channel state=TRANSIENT_FAILURE, try reconnect...
2026-01-04 10:57:08 [snail-job-grpc-client-executor-127.0.0.1-665] ERROR c.a.s.c.c.handler.ClientRegister - heartbeat check requestId:[665] message:[UNAVAILABLE: io exception]
2026-01-04 10:57:17 [sj-client-check] WARN  c.a.s.c.c.r.c.g.SnailJobGrpcClient - gRPC channel state=TRANSIENT_FAILURE, try reconnect...
2026-01-04 10:57:18 [snail-job-grpc-client-executor-127.0.0.1-667] ERROR c.a.s.c.c.handler.ClientRegister - heartbeat check requestId:[666] message:[UNAVAILABLE: io exception]
2026-01-04 10:57:27 [sj-client-check] WARN  c.a.s.c.c.r.c.g.SnailJobGrpcClient - gRPC channel state=TRANSIENT_FAILURE, try reconnect...
2026-01-04 10:57:28 [snail-job-grpc-client-executor-127.0.0.1-668] ERROR c.a.s.c.c.handler.ClientRegister - heartbeat check requestId:[668] message:[UNAVAILABLE: io exception]
2026-01-04 10:57:37 [sj-client-check] WARN  c.a.s.c.c.r.c.g.SnailJobGrpcClient - gRPC channel state=TRANSIENT_FAILURE, try reconnect...
2026-01-04 10:57:38 [snail-job-grpc-client-executor-127.0.0.1-669] ERROR c.a.s.c.c.handler.ClientRegister - heartbeat check requestId:[669] message:[UNAVAILABLE: io exception]
2026-01-04 10:57:47 [sj-client-check] WARN  c.a.s.c.c.r.c.g.SnailJobGrpcClient - gRPC channel state=TRANSIENT_FAILURE, try reconnect...
2026-01-04 10:57:48 [snail-job-grpc-client-executor-127.0.0.1-670] ERROR c.a.s.c.c.handler.ClientRegister - heartbeat check requestId:[670] message:[UNAVAILABLE: io exception]
2026-01-04 10:57:57 [sj-client-check] WARN  c.a.s.c.c.r.c.g.SnailJobGrpcClient - gRPC channel state=TRANSIENT_FAILURE, try reconnect...
2026-01-04 10:57:58 [snail-job-grpc-client-executor-127.0.0.1-671] ERROR c.a.s.c.c.handler.ClientRegister - heartbeat check requestId:[671] message:[UNAVAILABLE: io exception]
2026-01-04 10:58:07 [sj-client-check] WARN  c.a.s.c.c.r.c.g.SnailJobGrpcClient - gRPC channel state=TRANSIENT_FAILURE, try reconnect...
2026-01-04 10:58:08 [snail-job-grpc-client-executor-127.0.0.1-672] ERROR c.a.s.c.c.handler.ClientRegister - heartbeat check requestId:[672] message:[UNAVAILABLE: io exception]
2026-01-04 10:58:17 [sj-client-check] WARN  c.a.s.c.c.r.c.g.SnailJobGrpcClient - gRPC channel state=TRANSIENT_FAILURE, try reconnect...
2026-01-04 10:58:18 [snail-job-grpc-client-executor-127.0.0.1-673] ERROR c.a.s.c.c.handler.ClientRegister - heartbeat check requestId:[673] message:[UNAVAILABLE: io exception]
2026-01-04 10:58:27 [sj-client-check] WARN  c.a.s.c.c.r.c.g.SnailJobGrpcClient - gRPC channel state=TRANSIENT_FAILURE, try reconnect...
2026-01-04 10:58:28 [snail-job-grpc-client-executor-127.0.0.1-675] ERROR c.a.s.c.c.handler.ClientRegister - heartbeat check requestId:[675] message:[UNAVAILABLE: io exception]
2026-01-04 10:58:37 [sj-client-check] WARN  c.a.s.c.c.r.c.g.SnailJobGrpcClient - gRPC channel state=TRANSIENT_FAILURE, try reconnect...
2026-01-04 10:58:38 [snail-job-grpc-client-executor-127.0.0.1-676] ERROR c.a.s.c.c.handler.ClientRegister - heartbeat check requestId:[676] message:[UNAVAILABLE: io exception]
2026-01-04 10:58:47 [sj-client-check] WARN  c.a.s.c.c.r.c.g.SnailJobGrpcClient - gRPC channel state=TRANSIENT_FAILURE, try reconnect...
2026-01-04 10:58:48 [snail-job-grpc-client-executor-127.0.0.1-677] ERROR c.a.s.c.c.handler.ClientRegister - heartbeat check requestId:[677] message:[UNAVAILABLE: io exception]
2026-01-04 10:58:57 [sj-client-check] WARN  c.a.s.c.c.r.c.g.SnailJobGrpcClient - gRPC channel state=TRANSIENT_FAILURE, try reconnect...
2026-01-04 10:58:58 [snail-job-grpc-client-executor-127.0.0.1-678] ERROR c.a.s.c.c.handler.ClientRegister - heartbeat check requestId:[678] message:[UNAVAILABLE: io exception]
2026-01-04 10:59:07 [sj-client-check] WARN  c.a.s.c.c.r.c.g.SnailJobGrpcClient - gRPC channel state=TRANSIENT_FAILURE, try reconnect...
2026-01-04 10:59:08 [snail-job-grpc-client-executor-127.0.0.1-679] ERROR c.a.s.c.c.handler.ClientRegister - heartbeat check requestId:[679] message:[UNAVAILABLE: io exception]
2026-01-04 10:59:17 [sj-client-check] WARN  c.a.s.c.c.r.c.g.SnailJobGrpcClient - gRPC channel state=TRANSIENT_FAILURE, try reconnect...
2026-01-04 10:59:18 [snail-job-grpc-client-executor-127.0.0.1-681] ERROR c.a.s.c.c.handler.ClientRegister - heartbeat check requestId:[681] message:[UNAVAILABLE: io exception]
2026-01-04 10:59:27 [sj-client-check] WARN  c.a.s.c.c.r.c.g.SnailJobGrpcClient - gRPC channel state=TRANSIENT_FAILURE, try reconnect...
2026-01-04 10:59:28 [snail-job-grpc-client-executor-127.0.0.1-682] ERROR c.a.s.c.c.handler.ClientRegister - heartbeat check requestId:[682] message:[UNAVAILABLE: io exception]
2026-01-04 10:59:37 [sj-client-check] WARN  c.a.s.c.c.r.c.g.SnailJobGrpcClient - gRPC channel state=TRANSIENT_FAILURE, try reconnect...
2026-01-04 10:59:38 [snail-job-grpc-client-executor-127.0.0.1-683] ERROR c.a.s.c.c.handler.ClientRegister - heartbeat check requestId:[683] message:[UNAVAILABLE: io exception]
2026-01-04 10:59:47 [sj-client-check] WARN  c.a.s.c.c.r.c.g.SnailJobGrpcClient - gRPC channel state=TRANSIENT_FAILURE, try reconnect...
2026-01-04 10:59:48 [snail-job-grpc-client-executor-127.0.0.1-684] ERROR c.a.s.c.c.handler.ClientRegister - heartbeat check requestId:[684] message:[UNAVAILABLE: io exception]
2026-01-04 10:59:57 [sj-client-check] WARN  c.a.s.c.c.r.c.g.SnailJobGrpcClient - gRPC channel state=TRANSIENT_FAILURE, try reconnect...
2026-01-04 10:59:58 [snail-job-grpc-client-executor-127.0.0.1-685] ERROR c.a.s.c.c.handler.ClientRegister - heartbeat check requestId:[685] message:[UNAVAILABLE: io exception]
2026-01-04 11:00:07 [sj-client-check] WARN  c.a.s.c.c.r.c.g.SnailJobGrpcClient - gRPC channel state=TRANSIENT_FAILURE, try reconnect...
2026-01-04 11:00:08 [snail-job-grpc-client-executor-127.0.0.1-686] ERROR c.a.s.c.c.handler.ClientRegister - heartbeat check requestId:[686] message:[UNAVAILABLE: io exception]
2026-01-04 11:00:17 [sj-client-check] WARN  c.a.s.c.c.r.c.g.SnailJobGrpcClient - gRPC channel state=TRANSIENT_FAILURE, try reconnect...
2026-01-04 11:00:18 [snail-job-grpc-client-executor-127.0.0.1-688] ERROR c.a.s.c.c.handler.ClientRegister - heartbeat check requestId:[687] message:[UNAVAILABLE: io exception]
2026-01-04 11:00:27 [sj-client-check] WARN  c.a.s.c.c.r.c.g.SnailJobGrpcClient - gRPC channel state=TRANSIENT_FAILURE, try reconnect...
2026-01-04 11:00:28 [snail-job-grpc-client-executor-127.0.0.1-689] ERROR c.a.s.c.c.handler.ClientRegister - heartbeat check requestId:[689] message:[UNAVAILABLE: io exception]
2026-01-04 11:00:37 [sj-client-check] WARN  c.a.s.c.c.r.c.g.SnailJobGrpcClient - gRPC channel state=TRANSIENT_FAILURE, try reconnect...
2026-01-04 11:00:38 [snail-job-grpc-client-executor-127.0.0.1-690] ERROR c.a.s.c.c.handler.ClientRegister - heartbeat check requestId:[690] message:[UNAVAILABLE: io exception]
2026-01-04 11:00:47 [sj-client-check] WARN  c.a.s.c.c.r.c.g.SnailJobGrpcClient - gRPC channel state=TRANSIENT_FAILURE, try reconnect...
2026-01-04 11:00:48 [snail-job-grpc-client-executor-127.0.0.1-691] ERROR c.a.s.c.c.handler.ClientRegister - heartbeat check requestId:[691] message:[UNAVAILABLE: io exception]
2026-01-04 11:00:57 [sj-client-check] WARN  c.a.s.c.c.r.c.g.SnailJobGrpcClient - gRPC channel state=TRANSIENT_FAILURE, try reconnect...
2026-01-04 11:00:58 [snail-job-grpc-client-executor-127.0.0.1-692] ERROR c.a.s.c.c.handler.ClientRegister - heartbeat check requestId:[692] message:[UNAVAILABLE: io exception]
2026-01-04 11:01:07 [sj-client-check] WARN  c.a.s.c.c.r.c.g.SnailJobGrpcClient - gRPC channel state=TRANSIENT_FAILURE, try reconnect...
2026-01-04 11:01:08 [snail-job-grpc-client-executor-127.0.0.1-693] ERROR c.a.s.c.c.handler.ClientRegister - heartbeat check requestId:[693] message:[UNAVAILABLE: io exception]
2026-01-04 11:01:17 [sj-client-check] WARN  c.a.s.c.c.r.c.g.SnailJobGrpcClient - gRPC channel state=TRANSIENT_FAILURE, try reconnect...
2026-01-04 11:01:18 [snail-job-grpc-client-executor-127.0.0.1-695] ERROR c.a.s.c.c.handler.ClientRegister - heartbeat check requestId:[694] message:[UNAVAILABLE: io exception]
2026-01-04 11:01:27 [sj-client-check] WARN  c.a.s.c.c.r.c.g.SnailJobGrpcClient - gRPC channel state=TRANSIENT_FAILURE, try reconnect...
2026-01-04 11:01:28 [snail-job-grpc-client-executor-127.0.0.1-696] ERROR c.a.s.c.c.handler.ClientRegister - heartbeat check requestId:[696] message:[UNAVAILABLE: io exception]
2026-01-04 11:01:37 [sj-client-check] WARN  c.a.s.c.c.r.c.g.SnailJobGrpcClient - gRPC channel state=TRANSIENT_FAILURE, try reconnect...
2026-01-04 11:01:38 [snail-job-grpc-client-executor-127.0.0.1-697] ERROR c.a.s.c.c.handler.ClientRegister - heartbeat check requestId:[697] message:[UNAVAILABLE: io exception]
2026-01-04 11:01:47 [sj-client-check] WARN  c.a.s.c.c.r.c.g.SnailJobGrpcClient - gRPC channel state=TRANSIENT_FAILURE, try reconnect...
2026-01-04 11:01:48 [snail-job-grpc-client-executor-127.0.0.1-698] ERROR c.a.s.c.c.handler.ClientRegister - heartbeat check requestId:[698] message:[UNAVAILABLE: io exception]
2026-01-04 11:01:57 [sj-client-check] WARN  c.a.s.c.c.r.c.g.SnailJobGrpcClient - gRPC channel state=TRANSIENT_FAILURE, try reconnect...
2026-01-04 11:01:58 [snail-job-grpc-client-executor-127.0.0.1-699] ERROR c.a.s.c.c.handler.ClientRegister - heartbeat check requestId:[699] message:[UNAVAILABLE: io exception]
2026-01-04 11:02:07 [sj-client-check] WARN  c.a.s.c.c.r.c.g.SnailJobGrpcClient - gRPC channel state=TRANSIENT_FAILURE, try reconnect...
2026-01-04 11:02:08 [snail-job-grpc-client-executor-127.0.0.1-700] ERROR c.a.s.c.c.handler.ClientRegister - heartbeat check requestId:[700] message:[UNAVAILABLE: io exception]
2026-01-04 11:02:17 [sj-client-check] WARN  c.a.s.c.c.r.c.g.SnailJobGrpcClient - gRPC channel state=TRANSIENT_FAILURE, try reconnect...
2026-01-04 11:02:18 [snail-job-grpc-client-executor-127.0.0.1-701] ERROR c.a.s.c.c.handler.ClientRegister - heartbeat check requestId:[701] message:[UNAVAILABLE: io exception]
2026-01-04 11:02:27 [sj-client-check] WARN  c.a.s.c.c.r.c.g.SnailJobGrpcClient - gRPC channel state=TRANSIENT_FAILURE, try reconnect...
2026-01-04 11:02:28 [snail-job-grpc-client-executor-127.0.0.1-703] ERROR c.a.s.c.c.handler.ClientRegister - heartbeat check requestId:[703] message:[UNAVAILABLE: io exception]
2026-01-04 11:02:37 [sj-client-check] WARN  c.a.s.c.c.r.c.g.SnailJobGrpcClient - gRPC channel state=TRANSIENT_FAILURE, try reconnect...
2026-01-04 11:02:38 [snail-job-grpc-client-executor-127.0.0.1-704] ERROR c.a.s.c.c.handler.ClientRegister - heartbeat check requestId:[704] message:[UNAVAILABLE: io exception]
2026-01-04 11:02:47 [sj-client-check] WARN  c.a.s.c.c.r.c.g.SnailJobGrpcClient - gRPC channel state=TRANSIENT_FAILURE, try reconnect...
2026-01-04 11:02:48 [snail-job-grpc-client-executor-127.0.0.1-705] ERROR c.a.s.c.c.handler.ClientRegister - heartbeat check requestId:[705] message:[UNAVAILABLE: io exception]
2026-01-04 11:02:57 [sj-client-check] WARN  c.a.s.c.c.r.c.g.SnailJobGrpcClient - gRPC channel state=TRANSIENT_FAILURE, try reconnect...
2026-01-04 11:02:58 [snail-job-grpc-client-executor-127.0.0.1-706] ERROR c.a.s.c.c.handler.ClientRegister - heartbeat check requestId:[706] message:[UNAVAILABLE: io exception]
2026-01-04 11:03:07 [sj-client-check] WARN  c.a.s.c.c.r.c.g.SnailJobGrpcClient - gRPC channel state=TRANSIENT_FAILURE, try reconnect...
2026-01-04 11:03:08 [snail-job-grpc-client-executor-127.0.0.1-707] ERROR c.a.s.c.c.handler.ClientRegister - heartbeat check requestId:[707] message:[UNAVAILABLE: io exception]
2026-01-04 11:03:17 [sj-client-check] WARN  c.a.s.c.c.r.c.g.SnailJobGrpcClient - gRPC channel state=TRANSIENT_FAILURE, try reconnect...
2026-01-04 11:03:18 [snail-job-grpc-client-executor-127.0.0.1-708] ERROR c.a.s.c.c.handler.ClientRegister - heartbeat check requestId:[709] message:[UNAVAILABLE: io exception]
2026-01-04 11:03:27 [sj-client-check] WARN  c.a.s.c.c.r.c.g.SnailJobGrpcClient - gRPC channel state=TRANSIENT_FAILURE, try reconnect...
2026-01-04 11:03:28 [snail-job-grpc-client-executor-127.0.0.1-710] ERROR c.a.s.c.c.handler.ClientRegister - heartbeat check requestId:[710] message:[UNAVAILABLE: io exception]
2026-01-04 11:03:37 [sj-client-check] WARN  c.a.s.c.c.r.c.g.SnailJobGrpcClient - gRPC channel state=TRANSIENT_FAILURE, try reconnect...
2026-01-04 11:03:38 [snail-job-grpc-client-executor-127.0.0.1-711] ERROR c.a.s.c.c.handler.ClientRegister - heartbeat check requestId:[711] message:[UNAVAILABLE: io exception]
2026-01-04 11:03:47 [sj-client-check] WARN  c.a.s.c.c.r.c.g.SnailJobGrpcClient - gRPC channel state=TRANSIENT_FAILURE, try reconnect...
2026-01-04 11:03:48 [snail-job-grpc-client-executor-127.0.0.1-712] ERROR c.a.s.c.c.handler.ClientRegister - heartbeat check requestId:[712] message:[UNAVAILABLE: io exception]
2026-01-04 11:03:57 [sj-client-check] WARN  c.a.s.c.c.r.c.g.SnailJobGrpcClient - gRPC channel state=TRANSIENT_FAILURE, try reconnect...
2026-01-04 11:03:58 [snail-job-grpc-client-executor-127.0.0.1-713] ERROR c.a.s.c.c.handler.ClientRegister - heartbeat check requestId:[713] message:[UNAVAILABLE: io exception]
2026-01-04 11:04:07 [sj-client-check] WARN  c.a.s.c.c.r.c.g.SnailJobGrpcClient - gRPC channel state=TRANSIENT_FAILURE, try reconnect...
2026-01-04 11:04:08 [snail-job-grpc-client-executor-127.0.0.1-714] ERROR c.a.s.c.c.handler.ClientRegister - heartbeat check requestId:[714] message:[UNAVAILABLE: io exception]
2026-01-04 11:04:17 [sj-client-check] WARN  c.a.s.c.c.r.c.g.SnailJobGrpcClient - gRPC channel state=TRANSIENT_FAILURE, try reconnect...
2026-01-04 11:04:18 [snail-job-grpc-client-executor-127.0.0.1-715] ERROR c.a.s.c.c.handler.ClientRegister - heartbeat check requestId:[715] message:[UNAVAILABLE: io exception]
2026-01-04 11:04:27 [sj-client-check] WARN  c.a.s.c.c.r.c.g.SnailJobGrpcClient - gRPC channel state=TRANSIENT_FAILURE, try reconnect...
2026-01-04 11:04:28 [snail-job-grpc-client-executor-127.0.0.1-717] ERROR c.a.s.c.c.handler.ClientRegister - heartbeat check requestId:[717] message:[UNAVAILABLE: io exception]
2026-01-04 11:04:37 [sj-client-check] WARN  c.a.s.c.c.r.c.g.SnailJobGrpcClient - gRPC channel state=TRANSIENT_FAILURE, try reconnect...
2026-01-04 11:04:38 [snail-job-grpc-client-executor-127.0.0.1-718] ERROR c.a.s.c.c.handler.ClientRegister - heartbeat check requestId:[718] message:[UNAVAILABLE: io exception]
2026-01-04 11:04:47 [sj-client-check] WARN  c.a.s.c.c.r.c.g.SnailJobGrpcClient - gRPC channel state=TRANSIENT_FAILURE, try reconnect...
2026-01-04 11:04:48 [snail-job-grpc-client-executor-127.0.0.1-719] ERROR c.a.s.c.c.handler.ClientRegister - heartbeat check requestId:[719] message:[UNAVAILABLE: io exception]
2026-01-04 11:04:57 [sj-client-check] WARN  c.a.s.c.c.r.c.g.SnailJobGrpcClient - gRPC channel state=TRANSIENT_FAILURE, try reconnect...
2026-01-04 11:04:58 [snail-job-grpc-client-executor-127.0.0.1-720] ERROR c.a.s.c.c.handler.ClientRegister - heartbeat check requestId:[720] message:[UNAVAILABLE: io exception]
2026-01-04 11:05:07 [sj-client-check] WARN  c.a.s.c.c.r.c.g.SnailJobGrpcClient - gRPC channel state=TRANSIENT_FAILURE, try reconnect...
2026-01-04 11:05:08 [snail-job-grpc-client-executor-127.0.0.1-721] ERROR c.a.s.c.c.handler.ClientRegister - heartbeat check requestId:[721] message:[UNAVAILABLE: io exception]
2026-01-04 11:05:17 [sj-client-check] WARN  c.a.s.c.c.r.c.g.SnailJobGrpcClient - gRPC channel state=TRANSIENT_FAILURE, try reconnect...
2026-01-04 11:05:18 [snail-job-grpc-client-executor-127.0.0.1-722] ERROR c.a.s.c.c.handler.ClientRegister - heartbeat check requestId:[722] message:[UNAVAILABLE: io exception]
2026-01-04 11:05:27 [sj-client-check] WARN  c.a.s.c.c.r.c.g.SnailJobGrpcClient - gRPC channel state=TRANSIENT_FAILURE, try reconnect...
2026-01-04 11:05:28 [snail-job-grpc-client-executor-127.0.0.1-724] ERROR c.a.s.c.c.handler.ClientRegister - heartbeat check requestId:[724] message:[UNAVAILABLE: io exception]
2026-01-04 11:05:37 [sj-client-check] WARN  c.a.s.c.c.r.c.g.SnailJobGrpcClient - gRPC channel state=TRANSIENT_FAILURE, try reconnect...
2026-01-04 11:05:38 [snail-job-grpc-client-executor-127.0.0.1-725] ERROR c.a.s.c.c.handler.ClientRegister - heartbeat check requestId:[725] message:[UNAVAILABLE: io exception]
2026-01-04 11:05:47 [sj-client-check] WARN  c.a.s.c.c.r.c.g.SnailJobGrpcClient - gRPC channel state=TRANSIENT_FAILURE, try reconnect...
2026-01-04 11:05:48 [snail-job-grpc-client-executor-127.0.0.1-726] ERROR c.a.s.c.c.handler.ClientRegister - heartbeat check requestId:[726] message:[UNAVAILABLE: io exception]
2026-01-04 11:05:57 [sj-client-check] WARN  c.a.s.c.c.r.c.g.SnailJobGrpcClient - gRPC channel state=TRANSIENT_FAILURE, try reconnect...
2026-01-04 11:05:58 [snail-job-grpc-client-executor-127.0.0.1-727] ERROR c.a.s.c.c.handler.ClientRegister - heartbeat check requestId:[727] message:[UNAVAILABLE: io exception]
2026-01-04 11:06:07 [sj-client-check] WARN  c.a.s.c.c.r.c.g.SnailJobGrpcClient - gRPC channel state=TRANSIENT_FAILURE, try reconnect...
2026-01-04 11:06:08 [snail-job-grpc-client-executor-127.0.0.1-728] ERROR c.a.s.c.c.handler.ClientRegister - heartbeat check requestId:[728] message:[UNAVAILABLE: io exception]
2026-01-04 11:06:17 [sj-client-check] WARN  c.a.s.c.c.r.c.g.SnailJobGrpcClient - gRPC channel state=TRANSIENT_FAILURE, try reconnect...
2026-01-04 11:06:18 [snail-job-grpc-client-executor-127.0.0.1-729] ERROR c.a.s.c.c.handler.ClientRegister - heartbeat check requestId:[729] message:[UNAVAILABLE: io exception]
2026-01-04 11:06:27 [sj-client-check] WARN  c.a.s.c.c.r.c.g.SnailJobGrpcClient - gRPC channel state=TRANSIENT_FAILURE, try reconnect...
2026-01-04 11:06:28 [snail-job-grpc-client-executor-127.0.0.1-731] ERROR c.a.s.c.c.handler.ClientRegister - heartbeat check requestId:[731] message:[UNAVAILABLE: io exception]
2026-01-04 11:06:37 [sj-client-check] WARN  c.a.s.c.c.r.c.g.SnailJobGrpcClient - gRPC channel state=TRANSIENT_FAILURE, try reconnect...
2026-01-04 11:06:38 [snail-job-grpc-client-executor-127.0.0.1-732] ERROR c.a.s.c.c.handler.ClientRegister - heartbeat check requestId:[732] message:[UNAVAILABLE: io exception]
2026-01-04 11:06:47 [sj-client-check] WARN  c.a.s.c.c.r.c.g.SnailJobGrpcClient - gRPC channel state=TRANSIENT_FAILURE, try reconnect...
2026-01-04 11:06:48 [snail-job-grpc-client-executor-127.0.0.1-733] ERROR c.a.s.c.c.handler.ClientRegister - heartbeat check requestId:[733] message:[UNAVAILABLE: io exception]
2026-01-04 11:06:57 [sj-client-check] WARN  c.a.s.c.c.r.c.g.SnailJobGrpcClient - gRPC channel state=TRANSIENT_FAILURE, try reconnect...
2026-01-04 11:06:58 [snail-job-grpc-client-executor-127.0.0.1-734] ERROR c.a.s.c.c.handler.ClientRegister - heartbeat check requestId:[734] message:[UNAVAILABLE: io exception]
2026-01-04 11:07:07 [sj-client-check] WARN  c.a.s.c.c.r.c.g.SnailJobGrpcClient - gRPC channel state=TRANSIENT_FAILURE, try reconnect...
2026-01-04 11:07:08 [snail-job-grpc-client-executor-127.0.0.1-735] ERROR c.a.s.c.c.handler.ClientRegister - heartbeat check requestId:[735] message:[UNAVAILABLE: io exception]
2026-01-04 11:07:17 [sj-client-check] WARN  c.a.s.c.c.r.c.g.SnailJobGrpcClient - gRPC channel state=TRANSIENT_FAILURE, try reconnect...
2026-01-04 11:07:18 [snail-job-grpc-client-executor-127.0.0.1-736] ERROR c.a.s.c.c.handler.ClientRegister - heartbeat check requestId:[736] message:[UNAVAILABLE: io exception]
2026-01-04 11:07:27 [sj-client-check] WARN  c.a.s.c.c.r.c.g.SnailJobGrpcClient - gRPC channel state=TRANSIENT_FAILURE, try reconnect...
2026-01-04 11:07:28 [snail-job-grpc-client-executor-127.0.0.1-738] ERROR c.a.s.c.c.handler.ClientRegister - heartbeat check requestId:[738] message:[UNAVAILABLE: io exception]
2026-01-04 11:07:37 [sj-client-check] WARN  c.a.s.c.c.r.c.g.SnailJobGrpcClient - gRPC channel state=TRANSIENT_FAILURE, try reconnect...
2026-01-04 11:07:38 [snail-job-grpc-client-executor-127.0.0.1-739] ERROR c.a.s.c.c.handler.ClientRegister - heartbeat check requestId:[739] message:[UNAVAILABLE: io exception]
2026-01-04 11:07:47 [sj-client-check] WARN  c.a.s.c.c.r.c.g.SnailJobGrpcClient - gRPC channel state=TRANSIENT_FAILURE, try reconnect...
2026-01-04 11:07:48 [snail-job-grpc-client-executor-127.0.0.1-740] ERROR c.a.s.c.c.handler.ClientRegister - heartbeat check requestId:[740] message:[UNAVAILABLE: io exception]
2026-01-04 11:07:57 [sj-client-check] WARN  c.a.s.c.c.r.c.g.SnailJobGrpcClient - gRPC channel state=TRANSIENT_FAILURE, try reconnect...
2026-01-04 11:07:58 [snail-job-grpc-client-executor-127.0.0.1-741] ERROR c.a.s.c.c.handler.ClientRegister - heartbeat check requestId:[741] message:[UNAVAILABLE: io exception]
2026-01-04 11:08:07 [sj-client-check] WARN  c.a.s.c.c.r.c.g.SnailJobGrpcClient - gRPC channel state=TRANSIENT_FAILURE, try reconnect...
2026-01-04 11:08:08 [snail-job-grpc-client-executor-127.0.0.1-742] ERROR c.a.s.c.c.handler.ClientRegister - heartbeat check requestId:[742] message:[UNAVAILABLE: io exception]
2026-01-04 11:08:17 [sj-client-check] WARN  c.a.s.c.c.r.c.g.SnailJobGrpcClient - gRPC channel state=TRANSIENT_FAILURE, try reconnect...
2026-01-04 11:08:18 [snail-job-grpc-client-executor-127.0.0.1-744] ERROR c.a.s.c.c.handler.ClientRegister - heartbeat check requestId:[744] message:[UNAVAILABLE: io exception]
2026-01-04 11:08:27 [sj-client-check] WARN  c.a.s.c.c.r.c.g.SnailJobGrpcClient - gRPC channel state=TRANSIENT_FAILURE, try reconnect...
2026-01-04 11:08:28 [snail-job-grpc-client-executor-127.0.0.1-745] ERROR c.a.s.c.c.handler.ClientRegister - heartbeat check requestId:[745] message:[UNAVAILABLE: io exception]
2026-01-04 11:08:37 [sj-client-check] WARN  c.a.s.c.c.r.c.g.SnailJobGrpcClient - gRPC channel state=TRANSIENT_FAILURE, try reconnect...
2026-01-04 11:08:38 [snail-job-grpc-client-executor-127.0.0.1-746] ERROR c.a.s.c.c.handler.ClientRegister - heartbeat check requestId:[746] message:[UNAVAILABLE: io exception]
2026-01-04 11:08:47 [sj-client-check] WARN  c.a.s.c.c.r.c.g.SnailJobGrpcClient - gRPC channel state=TRANSIENT_FAILURE, try reconnect...
2026-01-04 11:08:48 [snail-job-grpc-client-executor-127.0.0.1-747] ERROR c.a.s.c.c.handler.ClientRegister - heartbeat check requestId:[747] message:[UNAVAILABLE: io exception]
2026-01-04 11:08:57 [sj-client-check] WARN  c.a.s.c.c.r.c.g.SnailJobGrpcClient - gRPC channel state=TRANSIENT_FAILURE, try reconnect...
2026-01-04 11:08:58 [snail-job-grpc-client-executor-127.0.0.1-748] ERROR c.a.s.c.c.handler.ClientRegister - heartbeat check requestId:[748] message:[UNAVAILABLE: io exception]
2026-01-04 11:09:07 [sj-client-check] WARN  c.a.s.c.c.r.c.g.SnailJobGrpcClient - gRPC channel state=TRANSIENT_FAILURE, try reconnect...
2026-01-04 11:09:08 [snail-job-grpc-client-executor-127.0.0.1-749] ERROR c.a.s.c.c.handler.ClientRegister - heartbeat check requestId:[749] message:[UNAVAILABLE: io exception]
2026-01-04 11:09:17 [sj-client-check] WARN  c.a.s.c.c.r.c.g.SnailJobGrpcClient - gRPC channel state=TRANSIENT_FAILURE, try reconnect...
2026-01-04 11:09:18 [snail-job-grpc-client-executor-127.0.0.1-751] ERROR c.a.s.c.c.handler.ClientRegister - heartbeat check requestId:[751] message:[UNAVAILABLE: io exception]
2026-01-04 11:09:27 [sj-client-check] WARN  c.a.s.c.c.r.c.g.SnailJobGrpcClient - gRPC channel state=TRANSIENT_FAILURE, try reconnect...
2026-01-04 11:09:28 [snail-job-grpc-client-executor-127.0.0.1-752] ERROR c.a.s.c.c.handler.ClientRegister - heartbeat check requestId:[752] message:[UNAVAILABLE: io exception]
2026-01-04 11:09:37 [sj-client-check] WARN  c.a.s.c.c.r.c.g.SnailJobGrpcClient - gRPC channel state=TRANSIENT_FAILURE, try reconnect...
2026-01-04 11:09:38 [snail-job-grpc-client-executor-127.0.0.1-753] ERROR c.a.s.c.c.handler.ClientRegister - heartbeat check requestId:[753] message:[UNAVAILABLE: io exception]
2026-01-04 11:09:47 [sj-client-check] WARN  c.a.s.c.c.r.c.g.SnailJobGrpcClient - gRPC channel state=TRANSIENT_FAILURE, try reconnect...
2026-01-04 11:09:48 [snail-job-grpc-client-executor-127.0.0.1-754] ERROR c.a.s.c.c.handler.ClientRegister - heartbeat check requestId:[754] message:[UNAVAILABLE: io exception]
2026-01-04 11:09:57 [sj-client-check] WARN  c.a.s.c.c.r.c.g.SnailJobGrpcClient - gRPC channel state=TRANSIENT_FAILURE, try reconnect...
2026-01-04 11:09:58 [snail-job-grpc-client-executor-127.0.0.1-755] ERROR c.a.s.c.c.handler.ClientRegister - heartbeat check requestId:[755] message:[UNAVAILABLE: io exception]
2026-01-04 11:10:07 [sj-client-check] WARN  c.a.s.c.c.r.c.g.SnailJobGrpcClient - gRPC channel state=TRANSIENT_FAILURE, try reconnect...
2026-01-04 11:10:08 [snail-job-grpc-client-executor-127.0.0.1-756] ERROR c.a.s.c.c.handler.ClientRegister - heartbeat check requestId:[756] message:[UNAVAILABLE: io exception]
2026-01-04 11:10:17 [sj-client-check] WARN  c.a.s.c.c.r.c.g.SnailJobGrpcClient - gRPC channel state=TRANSIENT_FAILURE, try reconnect...
2026-01-04 11:10:18 [snail-job-grpc-client-executor-127.0.0.1-758] ERROR c.a.s.c.c.handler.ClientRegister - heartbeat check requestId:[757] message:[UNAVAILABLE: io exception]
2026-01-04 11:10:27 [sj-client-check] WARN  c.a.s.c.c.r.c.g.SnailJobGrpcClient - gRPC channel state=TRANSIENT_FAILURE, try reconnect...
2026-01-04 11:10:28 [snail-job-grpc-client-executor-127.0.0.1-759] ERROR c.a.s.c.c.handler.ClientRegister - heartbeat check requestId:[759] message:[UNAVAILABLE: io exception]
2026-01-04 11:10:37 [sj-client-check] WARN  c.a.s.c.c.r.c.g.SnailJobGrpcClient - gRPC channel state=TRANSIENT_FAILURE, try reconnect...
2026-01-04 11:10:38 [snail-job-grpc-client-executor-127.0.0.1-760] ERROR c.a.s.c.c.handler.ClientRegister - heartbeat check requestId:[760] message:[UNAVAILABLE: io exception]
2026-01-04 11:10:47 [sj-client-check] WARN  c.a.s.c.c.r.c.g.SnailJobGrpcClient - gRPC channel state=TRANSIENT_FAILURE, try reconnect...
2026-01-04 11:10:48 [snail-job-grpc-client-executor-127.0.0.1-761] ERROR c.a.s.c.c.handler.ClientRegister - heartbeat check requestId:[761] message:[UNAVAILABLE: io exception]
2026-01-04 11:10:57 [sj-client-check] WARN  c.a.s.c.c.r.c.g.SnailJobGrpcClient - gRPC channel state=TRANSIENT_FAILURE, try reconnect...
2026-01-04 11:10:58 [snail-job-grpc-client-executor-127.0.0.1-762] ERROR c.a.s.c.c.handler.ClientRegister - heartbeat check requestId:[762] message:[UNAVAILABLE: io exception]
2026-01-04 11:11:07 [sj-client-check] WARN  c.a.s.c.c.r.c.g.SnailJobGrpcClient - gRPC channel state=TRANSIENT_FAILURE, try reconnect...
2026-01-04 11:11:08 [snail-job-grpc-client-executor-127.0.0.1-763] ERROR c.a.s.c.c.handler.ClientRegister - heartbeat check requestId:[763] message:[UNAVAILABLE: io exception]
2026-01-04 11:11:17 [sj-client-check] WARN  c.a.s.c.c.r.c.g.SnailJobGrpcClient - gRPC channel state=TRANSIENT_FAILURE, try reconnect...
2026-01-04 11:11:18 [snail-job-grpc-client-executor-127.0.0.1-765] ERROR c.a.s.c.c.handler.ClientRegister - heartbeat check requestId:[764] message:[UNAVAILABLE: io exception]
2026-01-04 11:11:27 [sj-client-check] WARN  c.a.s.c.c.r.c.g.SnailJobGrpcClient - gRPC channel state=TRANSIENT_FAILURE, try reconnect...
2026-01-04 11:11:28 [snail-job-grpc-client-executor-127.0.0.1-766] ERROR c.a.s.c.c.handler.ClientRegister - heartbeat check requestId:[766] message:[UNAVAILABLE: io exception]
2026-01-04 11:11:37 [sj-client-check] WARN  c.a.s.c.c.r.c.g.SnailJobGrpcClient - gRPC channel state=TRANSIENT_FAILURE, try reconnect...
2026-01-04 11:11:38 [snail-job-grpc-client-executor-127.0.0.1-767] ERROR c.a.s.c.c.handler.ClientRegister - heartbeat check requestId:[767] message:[UNAVAILABLE: io exception]
2026-01-04 11:11:47 [sj-client-check] WARN  c.a.s.c.c.r.c.g.SnailJobGrpcClient - gRPC channel state=TRANSIENT_FAILURE, try reconnect...
2026-01-04 11:11:48 [snail-job-grpc-client-executor-127.0.0.1-768] ERROR c.a.s.c.c.handler.ClientRegister - heartbeat check requestId:[768] message:[UNAVAILABLE: io exception]
2026-01-04 11:11:57 [sj-client-check] WARN  c.a.s.c.c.r.c.g.SnailJobGrpcClient - gRPC channel state=TRANSIENT_FAILURE, try reconnect...
2026-01-04 11:11:58 [snail-job-grpc-client-executor-127.0.0.1-769] ERROR c.a.s.c.c.handler.ClientRegister - heartbeat check requestId:[769] message:[UNAVAILABLE: io exception]
2026-01-04 11:12:07 [sj-client-check] WARN  c.a.s.c.c.r.c.g.SnailJobGrpcClient - gRPC channel state=TRANSIENT_FAILURE, try reconnect...
2026-01-04 11:12:08 [snail-job-grpc-client-executor-127.0.0.1-770] ERROR c.a.s.c.c.handler.ClientRegister - heartbeat check requestId:[770] message:[UNAVAILABLE: io exception]
2026-01-04 11:12:17 [sj-client-check] WARN  c.a.s.c.c.r.c.g.SnailJobGrpcClient - gRPC channel state=TRANSIENT_FAILURE, try reconnect...
2026-01-04 11:12:18 [snail-job-grpc-client-executor-127.0.0.1-771] ERROR c.a.s.c.c.handler.ClientRegister - heartbeat check requestId:[771] message:[UNAVAILABLE: io exception]
2026-01-04 11:12:27 [sj-client-check] WARN  c.a.s.c.c.r.c.g.SnailJobGrpcClient - gRPC channel state=TRANSIENT_FAILURE, try reconnect...
2026-01-04 11:12:28 [snail-job-grpc-client-executor-127.0.0.1-773] ERROR c.a.s.c.c.handler.ClientRegister - heartbeat check requestId:[773] message:[UNAVAILABLE: io exception]
2026-01-04 11:12:37 [sj-client-check] WARN  c.a.s.c.c.r.c.g.SnailJobGrpcClient - gRPC channel state=TRANSIENT_FAILURE, try reconnect...
2026-01-04 11:12:38 [snail-job-grpc-client-executor-127.0.0.1-774] ERROR c.a.s.c.c.handler.ClientRegister - heartbeat check requestId:[774] message:[UNAVAILABLE: io exception]
2026-01-04 11:12:47 [sj-client-check] WARN  c.a.s.c.c.r.c.g.SnailJobGrpcClient - gRPC channel state=TRANSIENT_FAILURE, try reconnect...
2026-01-04 11:12:48 [snail-job-grpc-client-executor-127.0.0.1-775] ERROR c.a.s.c.c.handler.ClientRegister - heartbeat check requestId:[775] message:[UNAVAILABLE: io exception]
2026-01-04 11:12:57 [sj-client-check] WARN  c.a.s.c.c.r.c.g.SnailJobGrpcClient - gRPC channel state=TRANSIENT_FAILURE, try reconnect...
2026-01-04 11:12:58 [snail-job-grpc-client-executor-127.0.0.1-776] ERROR c.a.s.c.c.handler.ClientRegister - heartbeat check requestId:[776] message:[UNAVAILABLE: io exception]
2026-01-04 11:13:07 [sj-client-check] WARN  c.a.s.c.c.r.c.g.SnailJobGrpcClient - gRPC channel state=TRANSIENT_FAILURE, try reconnect...
2026-01-04 11:13:08 [snail-job-grpc-client-executor-127.0.0.1-777] ERROR c.a.s.c.c.handler.ClientRegister - heartbeat check requestId:[777] message:[UNAVAILABLE: io exception]
2026-01-04 11:13:17 [sj-client-check] WARN  c.a.s.c.c.r.c.g.SnailJobGrpcClient - gRPC channel state=TRANSIENT_FAILURE, try reconnect...
2026-01-04 11:13:18 [snail-job-grpc-client-executor-127.0.0.1-779] ERROR c.a.s.c.c.handler.ClientRegister - heartbeat check requestId:[778] message:[UNAVAILABLE: io exception]
2026-01-04 11:13:27 [sj-client-check] WARN  c.a.s.c.c.r.c.g.SnailJobGrpcClient - gRPC channel state=TRANSIENT_FAILURE, try reconnect...
2026-01-04 11:13:28 [snail-job-grpc-client-executor-127.0.0.1-780] ERROR c.a.s.c.c.handler.ClientRegister - heartbeat check requestId:[780] message:[UNAVAILABLE: io exception]
2026-01-04 11:13:37 [sj-client-check] WARN  c.a.s.c.c.r.c.g.SnailJobGrpcClient - gRPC channel state=TRANSIENT_FAILURE, try reconnect...
2026-01-04 11:13:38 [snail-job-grpc-client-executor-127.0.0.1-781] ERROR c.a.s.c.c.handler.ClientRegister - heartbeat check requestId:[781] message:[UNAVAILABLE: io exception]
2026-01-04 11:13:47 [sj-client-check] WARN  c.a.s.c.c.r.c.g.SnailJobGrpcClient - gRPC channel state=TRANSIENT_FAILURE, try reconnect...
2026-01-04 11:13:48 [snail-job-grpc-client-executor-127.0.0.1-782] ERROR c.a.s.c.c.handler.ClientRegister - heartbeat check requestId:[782] message:[UNAVAILABLE: io exception]
2026-01-04 11:13:57 [sj-client-check] WARN  c.a.s.c.c.r.c.g.SnailJobGrpcClient - gRPC channel state=TRANSIENT_FAILURE, try reconnect...
2026-01-04 11:13:58 [snail-job-grpc-client-executor-127.0.0.1-783] ERROR c.a.s.c.c.handler.ClientRegister - heartbeat check requestId:[783] message:[UNAVAILABLE: io exception]
2026-01-04 11:14:07 [sj-client-check] WARN  c.a.s.c.c.r.c.g.SnailJobGrpcClient - gRPC channel state=TRANSIENT_FAILURE, try reconnect...
2026-01-04 11:14:08 [snail-job-grpc-client-executor-127.0.0.1-784] ERROR c.a.s.c.c.handler.ClientRegister - heartbeat check requestId:[784] message:[UNAVAILABLE: io exception]
2026-01-04 11:14:17 [sj-client-check] WARN  c.a.s.c.c.r.c.g.SnailJobGrpcClient - gRPC channel state=TRANSIENT_FAILURE, try reconnect...
2026-01-04 11:14:18 [snail-job-grpc-client-executor-127.0.0.1-786] ERROR c.a.s.c.c.handler.ClientRegister - heartbeat check requestId:[785] message:[UNAVAILABLE: io exception]
2026-01-04 11:14:27 [sj-client-check] WARN  c.a.s.c.c.r.c.g.SnailJobGrpcClient - gRPC channel state=TRANSIENT_FAILURE, try reconnect...
2026-01-04 11:14:28 [snail-job-grpc-client-executor-127.0.0.1-787] ERROR c.a.s.c.c.handler.ClientRegister - heartbeat check requestId:[787] message:[UNAVAILABLE: io exception]
2026-01-04 11:14:37 [sj-client-check] WARN  c.a.s.c.c.r.c.g.SnailJobGrpcClient - gRPC channel state=TRANSIENT_FAILURE, try reconnect...
2026-01-04 11:14:38 [snail-job-grpc-client-executor-127.0.0.1-788] ERROR c.a.s.c.c.handler.ClientRegister - heartbeat check requestId:[788] message:[UNAVAILABLE: io exception]
2026-01-04 11:14:47 [sj-client-check] WARN  c.a.s.c.c.r.c.g.SnailJobGrpcClient - gRPC channel state=TRANSIENT_FAILURE, try reconnect...
2026-01-04 11:14:48 [snail-job-grpc-client-executor-127.0.0.1-789] ERROR c.a.s.c.c.handler.ClientRegister - heartbeat check requestId:[789] message:[UNAVAILABLE: io exception]
2026-01-04 11:14:57 [sj-client-check] WARN  c.a.s.c.c.r.c.g.SnailJobGrpcClient - gRPC channel state=TRANSIENT_FAILURE, try reconnect...
2026-01-04 11:14:58 [snail-job-grpc-client-executor-127.0.0.1-790] ERROR c.a.s.c.c.handler.ClientRegister - heartbeat check requestId:[790] message:[UNAVAILABLE: io exception]
2026-01-04 11:15:07 [sj-client-check] WARN  c.a.s.c.c.r.c.g.SnailJobGrpcClient - gRPC channel state=TRANSIENT_FAILURE, try reconnect...
2026-01-04 11:15:08 [snail-job-grpc-client-executor-127.0.0.1-791] ERROR c.a.s.c.c.handler.ClientRegister - heartbeat check requestId:[791] message:[UNAVAILABLE: io exception]
2026-01-04 11:15:17 [sj-client-check] WARN  c.a.s.c.c.r.c.g.SnailJobGrpcClient - gRPC channel state=TRANSIENT_FAILURE, try reconnect...
2026-01-04 11:15:18 [snail-job-grpc-client-executor-127.0.0.1-793] ERROR c.a.s.c.c.handler.ClientRegister - heartbeat check requestId:[793] message:[UNAVAILABLE: io exception]
2026-01-04 11:15:27 [sj-client-check] WARN  c.a.s.c.c.r.c.g.SnailJobGrpcClient - gRPC channel state=TRANSIENT_FAILURE, try reconnect...
2026-01-04 11:15:28 [snail-job-grpc-client-executor-127.0.0.1-794] ERROR c.a.s.c.c.handler.ClientRegister - heartbeat check requestId:[794] message:[UNAVAILABLE: io exception]
2026-01-04 11:15:37 [sj-client-check] WARN  c.a.s.c.c.r.c.g.SnailJobGrpcClient - gRPC channel state=TRANSIENT_FAILURE, try reconnect...
2026-01-04 11:15:38 [snail-job-grpc-client-executor-127.0.0.1-795] ERROR c.a.s.c.c.handler.ClientRegister - heartbeat check requestId:[795] message:[UNAVAILABLE: io exception]
2026-01-04 11:15:47 [sj-client-check] WARN  c.a.s.c.c.r.c.g.SnailJobGrpcClient - gRPC channel state=TRANSIENT_FAILURE, try reconnect...
2026-01-04 11:15:48 [snail-job-grpc-client-executor-127.0.0.1-796] ERROR c.a.s.c.c.handler.ClientRegister - heartbeat check requestId:[796] message:[UNAVAILABLE: io exception]
2026-01-04 11:15:57 [sj-client-check] WARN  c.a.s.c.c.r.c.g.SnailJobGrpcClient - gRPC channel state=TRANSIENT_FAILURE, try reconnect...
2026-01-04 11:15:58 [snail-job-grpc-client-executor-127.0.0.1-797] ERROR c.a.s.c.c.handler.ClientRegister - heartbeat check requestId:[797] message:[UNAVAILABLE: io exception]
2026-01-04 11:16:07 [sj-client-check] WARN  c.a.s.c.c.r.c.g.SnailJobGrpcClient - gRPC channel state=TRANSIENT_FAILURE, try reconnect...
2026-01-04 11:16:08 [snail-job-grpc-client-executor-127.0.0.1-798] ERROR c.a.s.c.c.handler.ClientRegister - heartbeat check requestId:[798] message:[UNAVAILABLE: io exception]
2026-01-04 11:16:17 [sj-client-check] WARN  c.a.s.c.c.r.c.g.SnailJobGrpcClient - gRPC channel state=TRANSIENT_FAILURE, try reconnect...
2026-01-04 11:16:18 [snail-job-grpc-client-executor-127.0.0.1-800] ERROR c.a.s.c.c.handler.ClientRegister - heartbeat check requestId:[800] message:[UNAVAILABLE: io exception]
2026-01-04 11:16:27 [sj-client-check] WARN  c.a.s.c.c.r.c.g.SnailJobGrpcClient - gRPC channel state=TRANSIENT_FAILURE, try reconnect...
2026-01-04 11:16:28 [snail-job-grpc-client-executor-127.0.0.1-801] ERROR c.a.s.c.c.handler.ClientRegister - heartbeat check requestId:[801] message:[UNAVAILABLE: io exception]
2026-01-04 11:16:37 [sj-client-check] WARN  c.a.s.c.c.r.c.g.SnailJobGrpcClient - gRPC channel state=TRANSIENT_FAILURE, try reconnect...
2026-01-04 11:16:38 [snail-job-grpc-client-executor-127.0.0.1-802] ERROR c.a.s.c.c.handler.ClientRegister - heartbeat check requestId:[802] message:[UNAVAILABLE: io exception]
2026-01-04 11:16:47 [sj-client-check] WARN  c.a.s.c.c.r.c.g.SnailJobGrpcClient - gRPC channel state=TRANSIENT_FAILURE, try reconnect...
2026-01-04 11:16:48 [snail-job-grpc-client-executor-127.0.0.1-803] ERROR c.a.s.c.c.handler.ClientRegister - heartbeat check requestId:[803] message:[UNAVAILABLE: io exception]
2026-01-04 11:16:57 [sj-client-check] WARN  c.a.s.c.c.r.c.g.SnailJobGrpcClient - gRPC channel state=TRANSIENT_FAILURE, try reconnect...
2026-01-04 11:16:58 [snail-job-grpc-client-executor-127.0.0.1-804] ERROR c.a.s.c.c.handler.ClientRegister - heartbeat check requestId:[804] message:[UNAVAILABLE: io exception]
2026-01-04 11:17:07 [sj-client-check] WARN  c.a.s.c.c.r.c.g.SnailJobGrpcClient - gRPC channel state=TRANSIENT_FAILURE, try reconnect...
2026-01-04 11:17:08 [snail-job-grpc-client-executor-127.0.0.1-805] ERROR c.a.s.c.c.handler.ClientRegister - heartbeat check requestId:[805] message:[UNAVAILABLE: io exception]
2026-01-04 11:17:17 [sj-client-check] WARN  c.a.s.c.c.r.c.g.SnailJobGrpcClient - gRPC channel state=TRANSIENT_FAILURE, try reconnect...
2026-01-04 11:17:18 [snail-job-grpc-client-executor-127.0.0.1-806] ERROR c.a.s.c.c.handler.ClientRegister - heartbeat check requestId:[807] message:[UNAVAILABLE: io exception]
2026-01-04 11:17:27 [sj-client-check] WARN  c.a.s.c.c.r.c.g.SnailJobGrpcClient - gRPC channel state=TRANSIENT_FAILURE, try reconnect...
2026-01-04 11:17:28 [snail-job-grpc-client-executor-127.0.0.1-808] ERROR c.a.s.c.c.handler.ClientRegister - heartbeat check requestId:[808] message:[UNAVAILABLE: io exception]
2026-01-04 11:17:37 [sj-client-check] WARN  c.a.s.c.c.r.c.g.SnailJobGrpcClient - gRPC channel state=TRANSIENT_FAILURE, try reconnect...
2026-01-04 11:17:38 [snail-job-grpc-client-executor-127.0.0.1-809] ERROR c.a.s.c.c.handler.ClientRegister - heartbeat check requestId:[809] message:[UNAVAILABLE: io exception]
2026-01-04 11:17:47 [sj-client-check] WARN  c.a.s.c.c.r.c.g.SnailJobGrpcClient - gRPC channel state=TRANSIENT_FAILURE, try reconnect...
2026-01-04 11:17:48 [snail-job-grpc-client-executor-127.0.0.1-810] ERROR c.a.s.c.c.handler.ClientRegister - heartbeat check requestId:[810] message:[UNAVAILABLE: io exception]
2026-01-04 11:17:57 [sj-client-check] WARN  c.a.s.c.c.r.c.g.SnailJobGrpcClient - gRPC channel state=TRANSIENT_FAILURE, try reconnect...
2026-01-04 11:17:58 [snail-job-grpc-client-executor-127.0.0.1-811] ERROR c.a.s.c.c.handler.ClientRegister - heartbeat check requestId:[811] message:[UNAVAILABLE: io exception]
2026-01-04 11:18:07 [sj-client-check] WARN  c.a.s.c.c.r.c.g.SnailJobGrpcClient - gRPC channel state=TRANSIENT_FAILURE, try reconnect...
2026-01-04 11:18:08 [snail-job-grpc-client-executor-127.0.0.1-812] ERROR c.a.s.c.c.handler.ClientRegister - heartbeat check requestId:[812] message:[UNAVAILABLE: io exception]
2026-01-04 11:18:17 [sj-client-check] WARN  c.a.s.c.c.r.c.g.SnailJobGrpcClient - gRPC channel state=TRANSIENT_FAILURE, try reconnect...
2026-01-04 11:18:18 [snail-job-grpc-client-executor-127.0.0.1-813] ERROR c.a.s.c.c.handler.ClientRegister - heartbeat check requestId:[813] message:[UNAVAILABLE: io exception]
2026-01-04 11:18:27 [sj-client-check] WARN  c.a.s.c.c.r.c.g.SnailJobGrpcClient - gRPC channel state=TRANSIENT_FAILURE, try reconnect...
2026-01-04 11:18:28 [snail-job-grpc-client-executor-127.0.0.1-815] ERROR c.a.s.c.c.handler.ClientRegister - heartbeat check requestId:[815] message:[UNAVAILABLE: io exception]
2026-01-04 11:18:37 [sj-client-check] WARN  c.a.s.c.c.r.c.g.SnailJobGrpcClient - gRPC channel state=TRANSIENT_FAILURE, try reconnect...
2026-01-04 11:18:38 [snail-job-grpc-client-executor-127.0.0.1-816] ERROR c.a.s.c.c.handler.ClientRegister - heartbeat check requestId:[816] message:[UNAVAILABLE: io exception]
2026-01-04 11:18:47 [sj-client-check] WARN  c.a.s.c.c.r.c.g.SnailJobGrpcClient - gRPC channel state=TRANSIENT_FAILURE, try reconnect...
2026-01-04 11:18:48 [snail-job-grpc-client-executor-127.0.0.1-817] ERROR c.a.s.c.c.handler.ClientRegister - heartbeat check requestId:[817] message:[UNAVAILABLE: io exception]
2026-01-04 11:18:57 [sj-client-check] WARN  c.a.s.c.c.r.c.g.SnailJobGrpcClient - gRPC channel state=TRANSIENT_FAILURE, try reconnect...
2026-01-04 11:18:58 [snail-job-grpc-client-executor-127.0.0.1-818] ERROR c.a.s.c.c.handler.ClientRegister - heartbeat check requestId:[818] message:[UNAVAILABLE: io exception]
2026-01-04 11:19:07 [sj-client-check] WARN  c.a.s.c.c.r.c.g.SnailJobGrpcClient - gRPC channel state=TRANSIENT_FAILURE, try reconnect...
2026-01-04 11:19:08 [snail-job-grpc-client-executor-127.0.0.1-819] ERROR c.a.s.c.c.handler.ClientRegister - heartbeat check requestId:[819] message:[UNAVAILABLE: io exception]
2026-01-04 11:19:17 [sj-client-check] WARN  c.a.s.c.c.r.c.g.SnailJobGrpcClient - gRPC channel state=TRANSIENT_FAILURE, try reconnect...
2026-01-04 11:19:18 [snail-job-grpc-client-executor-127.0.0.1-821] ERROR c.a.s.c.c.handler.ClientRegister - heartbeat check requestId:[821] message:[UNAVAILABLE: io exception]
2026-01-04 11:19:27 [sj-client-check] WARN  c.a.s.c.c.r.c.g.SnailJobGrpcClient - gRPC channel state=TRANSIENT_FAILURE, try reconnect...
2026-01-04 11:19:28 [snail-job-grpc-client-executor-127.0.0.1-822] ERROR c.a.s.c.c.handler.ClientRegister - heartbeat check requestId:[822] message:[UNAVAILABLE: io exception]
2026-01-04 11:19:37 [sj-client-check] WARN  c.a.s.c.c.r.c.g.SnailJobGrpcClient - gRPC channel state=TRANSIENT_FAILURE, try reconnect...
2026-01-04 11:19:38 [snail-job-grpc-client-executor-127.0.0.1-823] ERROR c.a.s.c.c.handler.ClientRegister - heartbeat check requestId:[823] message:[UNAVAILABLE: io exception]
2026-01-04 11:19:47 [sj-client-check] WARN  c.a.s.c.c.r.c.g.SnailJobGrpcClient - gRPC channel state=TRANSIENT_FAILURE, try reconnect...
2026-01-04 11:19:48 [snail-job-grpc-client-executor-127.0.0.1-824] ERROR c.a.s.c.c.handler.ClientRegister - heartbeat check requestId:[824] message:[UNAVAILABLE: io exception]
2026-01-04 11:19:57 [sj-client-check] WARN  c.a.s.c.c.r.c.g.SnailJobGrpcClient - gRPC channel state=TRANSIENT_FAILURE, try reconnect...
2026-01-04 11:19:58 [snail-job-grpc-client-executor-127.0.0.1-825] ERROR c.a.s.c.c.handler.ClientRegister - heartbeat check requestId:[825] message:[UNAVAILABLE: io exception]
2026-01-04 11:20:07 [sj-client-check] WARN  c.a.s.c.c.r.c.g.SnailJobGrpcClient - gRPC channel state=TRANSIENT_FAILURE, try reconnect...
2026-01-04 11:20:08 [snail-job-grpc-client-executor-127.0.0.1-826] ERROR c.a.s.c.c.handler.ClientRegister - heartbeat check requestId:[826] message:[UNAVAILABLE: io exception]
2026-01-04 11:20:17 [sj-client-check] WARN  c.a.s.c.c.r.c.g.SnailJobGrpcClient - gRPC channel state=TRANSIENT_FAILURE, try reconnect...
2026-01-04 11:20:18 [snail-job-grpc-client-executor-127.0.0.1-828] ERROR c.a.s.c.c.handler.ClientRegister - heartbeat check requestId:[827] message:[UNAVAILABLE: io exception]
2026-01-04 11:20:27 [sj-client-check] WARN  c.a.s.c.c.r.c.g.SnailJobGrpcClient - gRPC channel state=TRANSIENT_FAILURE, try reconnect...
2026-01-04 11:20:28 [snail-job-grpc-client-executor-127.0.0.1-829] ERROR c.a.s.c.c.handler.ClientRegister - heartbeat check requestId:[829] message:[UNAVAILABLE: io exception]
2026-01-04 11:20:37 [sj-client-check] WARN  c.a.s.c.c.r.c.g.SnailJobGrpcClient - gRPC channel state=TRANSIENT_FAILURE, try reconnect...
2026-01-04 11:20:38 [snail-job-grpc-client-executor-127.0.0.1-830] ERROR c.a.s.c.c.handler.ClientRegister - heartbeat check requestId:[830] message:[UNAVAILABLE: io exception]
2026-01-04 11:20:47 [sj-client-check] WARN  c.a.s.c.c.r.c.g.SnailJobGrpcClient - gRPC channel state=TRANSIENT_FAILURE, try reconnect...
2026-01-04 11:20:48 [snail-job-grpc-client-executor-127.0.0.1-831] ERROR c.a.s.c.c.handler.ClientRegister - heartbeat check requestId:[831] message:[UNAVAILABLE: io exception]
2026-01-04 11:20:57 [sj-client-check] WARN  c.a.s.c.c.r.c.g.SnailJobGrpcClient - gRPC channel state=TRANSIENT_FAILURE, try reconnect...
2026-01-04 11:20:58 [snail-job-grpc-client-executor-127.0.0.1-832] ERROR c.a.s.c.c.handler.ClientRegister - heartbeat check requestId:[832] message:[UNAVAILABLE: io exception]
2026-01-04 11:21:07 [sj-client-check] WARN  c.a.s.c.c.r.c.g.SnailJobGrpcClient - gRPC channel state=TRANSIENT_FAILURE, try reconnect...
2026-01-04 11:21:08 [snail-job-grpc-client-executor-127.0.0.1-833] ERROR c.a.s.c.c.handler.ClientRegister - heartbeat check requestId:[833] message:[UNAVAILABLE: io exception]
2026-01-04 11:21:17 [sj-client-check] WARN  c.a.s.c.c.r.c.g.SnailJobGrpcClient - gRPC channel state=TRANSIENT_FAILURE, try reconnect...
2026-01-04 11:21:18 [snail-job-grpc-client-executor-127.0.0.1-835] ERROR c.a.s.c.c.handler.ClientRegister - heartbeat check requestId:[834] message:[UNAVAILABLE: io exception]
2026-01-04 11:21:27 [sj-client-check] WARN  c.a.s.c.c.r.c.g.SnailJobGrpcClient - gRPC channel state=TRANSIENT_FAILURE, try reconnect...
2026-01-04 11:21:28 [snail-job-grpc-client-executor-127.0.0.1-836] ERROR c.a.s.c.c.handler.ClientRegister - heartbeat check requestId:[836] message:[UNAVAILABLE: io exception]
2026-01-04 11:21:37 [sj-client-check] WARN  c.a.s.c.c.r.c.g.SnailJobGrpcClient - gRPC channel state=TRANSIENT_FAILURE, try reconnect...
2026-01-04 11:21:38 [snail-job-grpc-client-executor-127.0.0.1-837] ERROR c.a.s.c.c.handler.ClientRegister - heartbeat check requestId:[837] message:[UNAVAILABLE: io exception]
2026-01-04 11:21:47 [sj-client-check] WARN  c.a.s.c.c.r.c.g.SnailJobGrpcClient - gRPC channel state=TRANSIENT_FAILURE, try reconnect...
2026-01-04 11:21:48 [snail-job-grpc-client-executor-127.0.0.1-838] ERROR c.a.s.c.c.handler.ClientRegister - heartbeat check requestId:[838] message:[UNAVAILABLE: io exception]
2026-01-04 11:21:57 [sj-client-check] WARN  c.a.s.c.c.r.c.g.SnailJobGrpcClient - gRPC channel state=TRANSIENT_FAILURE, try reconnect...
2026-01-04 11:21:58 [snail-job-grpc-client-executor-127.0.0.1-839] ERROR c.a.s.c.c.handler.ClientRegister - heartbeat check requestId:[839] message:[UNAVAILABLE: io exception]
2026-01-04 11:22:07 [sj-client-check] WARN  c.a.s.c.c.r.c.g.SnailJobGrpcClient - gRPC channel state=TRANSIENT_FAILURE, try reconnect...
2026-01-04 11:22:08 [snail-job-grpc-client-executor-127.0.0.1-840] ERROR c.a.s.c.c.handler.ClientRegister - heartbeat check requestId:[840] message:[UNAVAILABLE: io exception]
2026-01-04 11:22:17 [sj-client-check] WARN  c.a.s.c.c.r.c.g.SnailJobGrpcClient - gRPC channel state=TRANSIENT_FAILURE, try reconnect...
2026-01-04 11:22:18 [snail-job-grpc-client-executor-127.0.0.1-841] ERROR c.a.s.c.c.handler.ClientRegister - heartbeat check requestId:[841] message:[UNAVAILABLE: io exception]
2026-01-04 11:22:27 [sj-client-check] WARN  c.a.s.c.c.r.c.g.SnailJobGrpcClient - gRPC channel state=TRANSIENT_FAILURE, try reconnect...
2026-01-04 11:22:28 [snail-job-grpc-client-executor-127.0.0.1-843] ERROR c.a.s.c.c.handler.ClientRegister - heartbeat check requestId:[843] message:[UNAVAILABLE: io exception]
2026-01-04 11:22:37 [sj-client-check] WARN  c.a.s.c.c.r.c.g.SnailJobGrpcClient - gRPC channel state=TRANSIENT_FAILURE, try reconnect...
2026-01-04 11:22:38 [snail-job-grpc-client-executor-127.0.0.1-844] ERROR c.a.s.c.c.handler.ClientRegister - heartbeat check requestId:[844] message:[UNAVAILABLE: io exception]
2026-01-04 11:22:47 [sj-client-check] WARN  c.a.s.c.c.r.c.g.SnailJobGrpcClient - gRPC channel state=TRANSIENT_FAILURE, try reconnect...
2026-01-04 11:22:48 [snail-job-grpc-client-executor-127.0.0.1-845] ERROR c.a.s.c.c.handler.ClientRegister - heartbeat check requestId:[845] message:[UNAVAILABLE: io exception]
2026-01-04 11:22:57 [sj-client-check] WARN  c.a.s.c.c.r.c.g.SnailJobGrpcClient - gRPC channel state=TRANSIENT_FAILURE, try reconnect...
2026-01-04 11:22:58 [snail-job-grpc-client-executor-127.0.0.1-846] ERROR c.a.s.c.c.handler.ClientRegister - heartbeat check requestId:[846] message:[UNAVAILABLE: io exception]
2026-01-04 11:23:07 [sj-client-check] WARN  c.a.s.c.c.r.c.g.SnailJobGrpcClient - gRPC channel state=TRANSIENT_FAILURE, try reconnect...
2026-01-04 11:23:08 [snail-job-grpc-client-executor-127.0.0.1-847] ERROR c.a.s.c.c.handler.ClientRegister - heartbeat check requestId:[847] message:[UNAVAILABLE: io exception]
2026-01-04 11:23:17 [sj-client-check] WARN  c.a.s.c.c.r.c.g.SnailJobGrpcClient - gRPC channel state=TRANSIENT_FAILURE, try reconnect...
2026-01-04 11:23:18 [snail-job-grpc-client-executor-127.0.0.1-849] ERROR c.a.s.c.c.handler.ClientRegister - heartbeat check requestId:[848] message:[UNAVAILABLE: io exception]
2026-01-04 11:23:27 [sj-client-check] WARN  c.a.s.c.c.r.c.g.SnailJobGrpcClient - gRPC channel state=TRANSIENT_FAILURE, try reconnect...
2026-01-04 11:23:28 [snail-job-grpc-client-executor-127.0.0.1-850] ERROR c.a.s.c.c.handler.ClientRegister - heartbeat check requestId:[850] message:[UNAVAILABLE: io exception]
2026-01-04 11:23:37 [sj-client-check] WARN  c.a.s.c.c.r.c.g.SnailJobGrpcClient - gRPC channel state=TRANSIENT_FAILURE, try reconnect...
2026-01-04 11:23:38 [snail-job-grpc-client-executor-127.0.0.1-851] ERROR c.a.s.c.c.handler.ClientRegister - heartbeat check requestId:[851] message:[UNAVAILABLE: io exception]
2026-01-04 11:23:47 [sj-client-check] WARN  c.a.s.c.c.r.c.g.SnailJobGrpcClient - gRPC channel state=TRANSIENT_FAILURE, try reconnect...
2026-01-04 11:23:48 [snail-job-grpc-client-executor-127.0.0.1-852] ERROR c.a.s.c.c.handler.ClientRegister - heartbeat check requestId:[852] message:[UNAVAILABLE: io exception]
2026-01-04 11:23:57 [sj-client-check] WARN  c.a.s.c.c.r.c.g.SnailJobGrpcClient - gRPC channel state=TRANSIENT_FAILURE, try reconnect...
2026-01-04 11:23:58 [snail-job-grpc-client-executor-127.0.0.1-853] ERROR c.a.s.c.c.handler.ClientRegister - heartbeat check requestId:[853] message:[UNAVAILABLE: io exception]
2026-01-04 11:24:07 [sj-client-check] WARN  c.a.s.c.c.r.c.g.SnailJobGrpcClient - gRPC channel state=TRANSIENT_FAILURE, try reconnect...
2026-01-04 11:24:08 [snail-job-grpc-client-executor-127.0.0.1-854] ERROR c.a.s.c.c.handler.ClientRegister - heartbeat check requestId:[854] message:[UNAVAILABLE: io exception]
2026-01-04 11:24:17 [sj-client-check] WARN  c.a.s.c.c.r.c.g.SnailJobGrpcClient - gRPC channel state=TRANSIENT_FAILURE, try reconnect...
2026-01-04 11:24:18 [snail-job-grpc-client-executor-127.0.0.1-855] ERROR c.a.s.c.c.handler.ClientRegister - heartbeat check requestId:[855] message:[UNAVAILABLE: io exception]
2026-01-04 11:24:27 [sj-client-check] WARN  c.a.s.c.c.r.c.g.SnailJobGrpcClient - gRPC channel state=TRANSIENT_FAILURE, try reconnect...
2026-01-04 11:24:28 [snail-job-grpc-client-executor-127.0.0.1-857] ERROR c.a.s.c.c.handler.ClientRegister - heartbeat check requestId:[857] message:[UNAVAILABLE: io exception]
2026-01-04 11:24:37 [sj-client-check] WARN  c.a.s.c.c.r.c.g.SnailJobGrpcClient - gRPC channel state=TRANSIENT_FAILURE, try reconnect...
2026-01-04 11:24:38 [snail-job-grpc-client-executor-127.0.0.1-858] ERROR c.a.s.c.c.handler.ClientRegister - heartbeat check requestId:[858] message:[UNAVAILABLE: io exception]
2026-01-04 11:24:47 [sj-client-check] WARN  c.a.s.c.c.r.c.g.SnailJobGrpcClient - gRPC channel state=TRANSIENT_FAILURE, try reconnect...
2026-01-04 11:24:48 [snail-job-grpc-client-executor-127.0.0.1-859] ERROR c.a.s.c.c.handler.ClientRegister - heartbeat check requestId:[859] message:[UNAVAILABLE: io exception]
2026-01-04 11:24:57 [sj-client-check] WARN  c.a.s.c.c.r.c.g.SnailJobGrpcClient - gRPC channel state=TRANSIENT_FAILURE, try reconnect...
2026-01-04 11:24:58 [snail-job-grpc-client-executor-127.0.0.1-860] ERROR c.a.s.c.c.handler.ClientRegister - heartbeat check requestId:[860] message:[UNAVAILABLE: io exception]
2026-01-04 11:25:07 [sj-client-check] WARN  c.a.s.c.c.r.c.g.SnailJobGrpcClient - gRPC channel state=TRANSIENT_FAILURE, try reconnect...
2026-01-04 11:25:08 [snail-job-grpc-client-executor-127.0.0.1-861] ERROR c.a.s.c.c.handler.ClientRegister - heartbeat check requestId:[861] message:[UNAVAILABLE: io exception]
2026-01-04 11:25:17 [sj-client-check] WARN  c.a.s.c.c.r.c.g.SnailJobGrpcClient - gRPC channel state=TRANSIENT_FAILURE, try reconnect...
2026-01-04 11:25:18 [snail-job-grpc-client-executor-127.0.0.1-862] ERROR c.a.s.c.c.handler.ClientRegister - heartbeat check requestId:[863] message:[UNAVAILABLE: io exception]
2026-01-04 11:25:27 [sj-client-check] WARN  c.a.s.c.c.r.c.g.SnailJobGrpcClient - gRPC channel state=TRANSIENT_FAILURE, try reconnect...
2026-01-04 11:25:28 [snail-job-grpc-client-executor-127.0.0.1-864] ERROR c.a.s.c.c.handler.ClientRegister - heartbeat check requestId:[864] message:[UNAVAILABLE: io exception]
2026-01-04 11:25:37 [sj-client-check] WARN  c.a.s.c.c.r.c.g.SnailJobGrpcClient - gRPC channel state=TRANSIENT_FAILURE, try reconnect...
2026-01-04 11:25:38 [snail-job-grpc-client-executor-127.0.0.1-865] ERROR c.a.s.c.c.handler.ClientRegister - heartbeat check requestId:[865] message:[UNAVAILABLE: io exception]
2026-01-04 11:25:47 [sj-client-check] WARN  c.a.s.c.c.r.c.g.SnailJobGrpcClient - gRPC channel state=TRANSIENT_FAILURE, try reconnect...
2026-01-04 11:25:48 [snail-job-grpc-client-executor-127.0.0.1-866] ERROR c.a.s.c.c.handler.ClientRegister - heartbeat check requestId:[866] message:[UNAVAILABLE: io exception]
2026-01-04 11:25:57 [sj-client-check] WARN  c.a.s.c.c.r.c.g.SnailJobGrpcClient - gRPC channel state=TRANSIENT_FAILURE, try reconnect...
2026-01-04 11:25:58 [snail-job-grpc-client-executor-127.0.0.1-867] ERROR c.a.s.c.c.handler.ClientRegister - heartbeat check requestId:[867] message:[UNAVAILABLE: io exception]
2026-01-04 11:26:07 [sj-client-check] WARN  c.a.s.c.c.r.c.g.SnailJobGrpcClient - gRPC channel state=TRANSIENT_FAILURE, try reconnect...
2026-01-04 11:26:08 [snail-job-grpc-client-executor-127.0.0.1-868] ERROR c.a.s.c.c.handler.ClientRegister - heartbeat check requestId:[868] message:[UNAVAILABLE: io exception]
2026-01-04 11:26:17 [sj-client-check] WARN  c.a.s.c.c.r.c.g.SnailJobGrpcClient - gRPC channel state=TRANSIENT_FAILURE, try reconnect...
2026-01-04 11:26:18 [snail-job-grpc-client-executor-127.0.0.1-870] ERROR c.a.s.c.c.handler.ClientRegister - heartbeat check requestId:[870] message:[UNAVAILABLE: io exception]
2026-01-04 11:26:27 [sj-client-check] WARN  c.a.s.c.c.r.c.g.SnailJobGrpcClient - gRPC channel state=TRANSIENT_FAILURE, try reconnect...
2026-01-04 11:26:28 [snail-job-grpc-client-executor-127.0.0.1-871] ERROR c.a.s.c.c.handler.ClientRegister - heartbeat check requestId:[871] message:[UNAVAILABLE: io exception]
2026-01-04 11:26:37 [sj-client-check] WARN  c.a.s.c.c.r.c.g.SnailJobGrpcClient - gRPC channel state=TRANSIENT_FAILURE, try reconnect...
2026-01-04 11:26:38 [snail-job-grpc-client-executor-127.0.0.1-872] ERROR c.a.s.c.c.handler.ClientRegister - heartbeat check requestId:[872] message:[UNAVAILABLE: io exception]
2026-01-04 11:26:47 [sj-client-check] WARN  c.a.s.c.c.r.c.g.SnailJobGrpcClient - gRPC channel state=TRANSIENT_FAILURE, try reconnect...
2026-01-04 11:26:48 [snail-job-grpc-client-executor-127.0.0.1-873] ERROR c.a.s.c.c.handler.ClientRegister - heartbeat check requestId:[873] message:[UNAVAILABLE: io exception]
2026-01-04 11:26:57 [sj-client-check] WARN  c.a.s.c.c.r.c.g.SnailJobGrpcClient - gRPC channel state=TRANSIENT_FAILURE, try reconnect...
2026-01-04 11:26:58 [snail-job-grpc-client-executor-127.0.0.1-874] ERROR c.a.s.c.c.handler.ClientRegister - heartbeat check requestId:[874] message:[UNAVAILABLE: io exception]
2026-01-04 11:27:07 [sj-client-check] WARN  c.a.s.c.c.r.c.g.SnailJobGrpcClient - gRPC channel state=TRANSIENT_FAILURE, try reconnect...
2026-01-04 11:27:08 [snail-job-grpc-client-executor-127.0.0.1-875] ERROR c.a.s.c.c.handler.ClientRegister - heartbeat check requestId:[875] message:[UNAVAILABLE: io exception]
2026-01-04 11:27:17 [sj-client-check] WARN  c.a.s.c.c.r.c.g.SnailJobGrpcClient - gRPC channel state=TRANSIENT_FAILURE, try reconnect...
2026-01-04 11:27:18 [snail-job-grpc-client-executor-127.0.0.1-877] ERROR c.a.s.c.c.handler.ClientRegister - heartbeat check requestId:[876] message:[UNAVAILABLE: io exception]
2026-01-04 11:27:27 [sj-client-check] WARN  c.a.s.c.c.r.c.g.SnailJobGrpcClient - gRPC channel state=TRANSIENT_FAILURE, try reconnect...
2026-01-04 11:27:28 [snail-job-grpc-client-executor-127.0.0.1-878] ERROR c.a.s.c.c.handler.ClientRegister - heartbeat check requestId:[878] message:[UNAVAILABLE: io exception]
2026-01-04 11:27:37 [sj-client-check] WARN  c.a.s.c.c.r.c.g.SnailJobGrpcClient - gRPC channel state=TRANSIENT_FAILURE, try reconnect...
2026-01-04 11:27:38 [snail-job-grpc-client-executor-127.0.0.1-879] ERROR c.a.s.c.c.handler.ClientRegister - heartbeat check requestId:[879] message:[UNAVAILABLE: io exception]
2026-01-04 11:27:47 [sj-client-check] WARN  c.a.s.c.c.r.c.g.SnailJobGrpcClient - gRPC channel state=TRANSIENT_FAILURE, try reconnect...
2026-01-04 11:27:48 [snail-job-grpc-client-executor-127.0.0.1-880] ERROR c.a.s.c.c.handler.ClientRegister - heartbeat check requestId:[880] message:[UNAVAILABLE: io exception]
2026-01-04 11:27:57 [sj-client-check] WARN  c.a.s.c.c.r.c.g.SnailJobGrpcClient - gRPC channel state=TRANSIENT_FAILURE, try reconnect...
2026-01-04 11:27:58 [snail-job-grpc-client-executor-127.0.0.1-881] ERROR c.a.s.c.c.handler.ClientRegister - heartbeat check requestId:[881] message:[UNAVAILABLE: io exception]
2026-01-04 11:28:07 [sj-client-check] WARN  c.a.s.c.c.r.c.g.SnailJobGrpcClient - gRPC channel state=TRANSIENT_FAILURE, try reconnect...
2026-01-04 11:28:08 [snail-job-grpc-client-executor-127.0.0.1-882] ERROR c.a.s.c.c.handler.ClientRegister - heartbeat check requestId:[882] message:[UNAVAILABLE: io exception]
2026-01-04 11:28:17 [sj-client-check] WARN  c.a.s.c.c.r.c.g.SnailJobGrpcClient - gRPC channel state=TRANSIENT_FAILURE, try reconnect...
2026-01-04 11:28:18 [snail-job-grpc-client-executor-127.0.0.1-884] ERROR c.a.s.c.c.handler.ClientRegister - heartbeat check requestId:[883] message:[UNAVAILABLE: io exception]
2026-01-04 11:28:27 [sj-client-check] WARN  c.a.s.c.c.r.c.g.SnailJobGrpcClient - gRPC channel state=TRANSIENT_FAILURE, try reconnect...
2026-01-04 11:28:28 [snail-job-grpc-client-executor-127.0.0.1-885] ERROR c.a.s.c.c.handler.ClientRegister - heartbeat check requestId:[885] message:[UNAVAILABLE: io exception]
2026-01-04 11:28:37 [sj-client-check] WARN  c.a.s.c.c.r.c.g.SnailJobGrpcClient - gRPC channel state=TRANSIENT_FAILURE, try reconnect...
2026-01-04 11:28:38 [snail-job-grpc-client-executor-127.0.0.1-886] ERROR c.a.s.c.c.handler.ClientRegister - heartbeat check requestId:[886] message:[UNAVAILABLE: io exception]
2026-01-04 11:28:47 [sj-client-check] WARN  c.a.s.c.c.r.c.g.SnailJobGrpcClient - gRPC channel state=TRANSIENT_FAILURE, try reconnect...
2026-01-04 11:28:48 [snail-job-grpc-client-executor-127.0.0.1-887] ERROR c.a.s.c.c.handler.ClientRegister - heartbeat check requestId:[887] message:[UNAVAILABLE: io exception]
2026-01-04 11:28:57 [sj-client-check] WARN  c.a.s.c.c.r.c.g.SnailJobGrpcClient - gRPC channel state=TRANSIENT_FAILURE, try reconnect...
2026-01-04 11:28:58 [snail-job-grpc-client-executor-127.0.0.1-888] ERROR c.a.s.c.c.handler.ClientRegister - heartbeat check requestId:[888] message:[UNAVAILABLE: io exception]
2026-01-04 11:29:07 [sj-client-check] WARN  c.a.s.c.c.r.c.g.SnailJobGrpcClient - gRPC channel state=TRANSIENT_FAILURE, try reconnect...
2026-01-04 11:29:08 [snail-job-grpc-client-executor-127.0.0.1-889] ERROR c.a.s.c.c.handler.ClientRegister - heartbeat check requestId:[889] message:[UNAVAILABLE: io exception]
2026-01-04 11:29:17 [sj-client-check] WARN  c.a.s.c.c.r.c.g.SnailJobGrpcClient - gRPC channel state=TRANSIENT_FAILURE, try reconnect...
2026-01-04 11:29:18 [snail-job-grpc-client-executor-127.0.0.1-891] ERROR c.a.s.c.c.handler.ClientRegister - heartbeat check requestId:[891] message:[UNAVAILABLE: io exception]
2026-01-04 11:29:27 [sj-client-check] WARN  c.a.s.c.c.r.c.g.SnailJobGrpcClient - gRPC channel state=TRANSIENT_FAILURE, try reconnect...
2026-01-04 11:29:28 [snail-job-grpc-client-executor-127.0.0.1-892] ERROR c.a.s.c.c.handler.ClientRegister - heartbeat check requestId:[892] message:[UNAVAILABLE: io exception]
2026-01-04 11:29:37 [sj-client-check] WARN  c.a.s.c.c.r.c.g.SnailJobGrpcClient - gRPC channel state=TRANSIENT_FAILURE, try reconnect...
2026-01-04 11:29:38 [snail-job-grpc-client-executor-127.0.0.1-893] ERROR c.a.s.c.c.handler.ClientRegister - heartbeat check requestId:[893] message:[UNAVAILABLE: io exception]
2026-01-04 11:29:47 [sj-client-check] WARN  c.a.s.c.c.r.c.g.SnailJobGrpcClient - gRPC channel state=TRANSIENT_FAILURE, try reconnect...
2026-01-04 11:29:48 [snail-job-grpc-client-executor-127.0.0.1-894] ERROR c.a.s.c.c.handler.ClientRegister - heartbeat check requestId:[894] message:[UNAVAILABLE: io exception]
2026-01-04 11:29:57 [sj-client-check] WARN  c.a.s.c.c.r.c.g.SnailJobGrpcClient - gRPC channel state=TRANSIENT_FAILURE, try reconnect...
2026-01-04 11:29:58 [snail-job-grpc-client-executor-127.0.0.1-895] ERROR c.a.s.c.c.handler.ClientRegister - heartbeat check requestId:[895] message:[UNAVAILABLE: io exception]
2026-01-04 11:30:07 [sj-client-check] WARN  c.a.s.c.c.r.c.g.SnailJobGrpcClient - gRPC channel state=TRANSIENT_FAILURE, try reconnect...
2026-01-04 11:30:08 [snail-job-grpc-client-executor-127.0.0.1-896] ERROR c.a.s.c.c.handler.ClientRegister - heartbeat check requestId:[896] message:[UNAVAILABLE: io exception]
2026-01-04 11:30:17 [sj-client-check] WARN  c.a.s.c.c.r.c.g.SnailJobGrpcClient - gRPC channel state=TRANSIENT_FAILURE, try reconnect...
2026-01-04 11:30:18 [snail-job-grpc-client-executor-127.0.0.1-897] ERROR c.a.s.c.c.handler.ClientRegister - heartbeat check requestId:[898] message:[UNAVAILABLE: io exception]
2026-01-04 11:30:27 [sj-client-check] WARN  c.a.s.c.c.r.c.g.SnailJobGrpcClient - gRPC channel state=TRANSIENT_FAILURE, try reconnect...
2026-01-04 11:30:28 [snail-job-grpc-client-executor-127.0.0.1-899] ERROR c.a.s.c.c.handler.ClientRegister - heartbeat check requestId:[899] message:[UNAVAILABLE: io exception]
2026-01-04 11:30:37 [sj-client-check] WARN  c.a.s.c.c.r.c.g.SnailJobGrpcClient - gRPC channel state=TRANSIENT_FAILURE, try reconnect...
2026-01-04 11:30:38 [snail-job-grpc-client-executor-127.0.0.1-900] ERROR c.a.s.c.c.handler.ClientRegister - heartbeat check requestId:[900] message:[UNAVAILABLE: io exception]
2026-01-04 11:30:47 [sj-client-check] WARN  c.a.s.c.c.r.c.g.SnailJobGrpcClient - gRPC channel state=TRANSIENT_FAILURE, try reconnect...
2026-01-04 11:30:48 [snail-job-grpc-client-executor-127.0.0.1-901] ERROR c.a.s.c.c.handler.ClientRegister - heartbeat check requestId:[901] message:[UNAVAILABLE: io exception]
2026-01-04 11:30:57 [sj-client-check] WARN  c.a.s.c.c.r.c.g.SnailJobGrpcClient - gRPC channel state=TRANSIENT_FAILURE, try reconnect...
2026-01-04 11:30:58 [snail-job-grpc-client-executor-127.0.0.1-902] ERROR c.a.s.c.c.handler.ClientRegister - heartbeat check requestId:[902] message:[UNAVAILABLE: io exception]
2026-01-04 11:31:07 [sj-client-check] WARN  c.a.s.c.c.r.c.g.SnailJobGrpcClient - gRPC channel state=TRANSIENT_FAILURE, try reconnect...
2026-01-04 11:31:08 [snail-job-grpc-client-executor-127.0.0.1-903] ERROR c.a.s.c.c.handler.ClientRegister - heartbeat check requestId:[903] message:[UNAVAILABLE: io exception]
2026-01-04 11:31:17 [sj-client-check] WARN  c.a.s.c.c.r.c.g.SnailJobGrpcClient - gRPC channel state=TRANSIENT_FAILURE, try reconnect...
2026-01-04 11:31:18 [snail-job-grpc-client-executor-127.0.0.1-905] ERROR c.a.s.c.c.handler.ClientRegister - heartbeat check requestId:[905] message:[UNAVAILABLE: io exception]
2026-01-04 11:31:27 [sj-client-check] WARN  c.a.s.c.c.r.c.g.SnailJobGrpcClient - gRPC channel state=TRANSIENT_FAILURE, try reconnect...
2026-01-04 11:31:28 [snail-job-grpc-client-executor-127.0.0.1-906] ERROR c.a.s.c.c.handler.ClientRegister - heartbeat check requestId:[906] message:[UNAVAILABLE: io exception]
2026-01-04 11:31:37 [sj-client-check] WARN  c.a.s.c.c.r.c.g.SnailJobGrpcClient - gRPC channel state=TRANSIENT_FAILURE, try reconnect...
2026-01-04 11:31:38 [snail-job-grpc-client-executor-127.0.0.1-907] ERROR c.a.s.c.c.handler.ClientRegister - heartbeat check requestId:[907] message:[UNAVAILABLE: io exception]
2026-01-04 11:31:47 [sj-client-check] WARN  c.a.s.c.c.r.c.g.SnailJobGrpcClient - gRPC channel state=TRANSIENT_FAILURE, try reconnect...
2026-01-04 11:31:48 [snail-job-grpc-client-executor-127.0.0.1-908] ERROR c.a.s.c.c.handler.ClientRegister - heartbeat check requestId:[908] message:[UNAVAILABLE: io exception]
2026-01-04 11:31:57 [sj-client-check] WARN  c.a.s.c.c.r.c.g.SnailJobGrpcClient - gRPC channel state=TRANSIENT_FAILURE, try reconnect...
2026-01-04 11:31:58 [snail-job-grpc-client-executor-127.0.0.1-909] ERROR c.a.s.c.c.handler.ClientRegister - heartbeat check requestId:[909] message:[UNAVAILABLE: io exception]
2026-01-04 11:32:07 [sj-client-check] WARN  c.a.s.c.c.r.c.g.SnailJobGrpcClient - gRPC channel state=TRANSIENT_FAILURE, try reconnect...
2026-01-04 11:32:08 [snail-job-grpc-client-executor-127.0.0.1-910] ERROR c.a.s.c.c.handler.ClientRegister - heartbeat check requestId:[910] message:[UNAVAILABLE: io exception]
2026-01-04 11:32:17 [sj-client-check] WARN  c.a.s.c.c.r.c.g.SnailJobGrpcClient - gRPC channel state=TRANSIENT_FAILURE, try reconnect...
2026-01-04 11:32:18 [snail-job-grpc-client-executor-127.0.0.1-911] ERROR c.a.s.c.c.handler.ClientRegister - heartbeat check requestId:[911] message:[UNAVAILABLE: io exception]
2026-01-04 11:32:27 [sj-client-check] WARN  c.a.s.c.c.r.c.g.SnailJobGrpcClient - gRPC channel state=TRANSIENT_FAILURE, try reconnect...
2026-01-04 11:32:28 [snail-job-grpc-client-executor-127.0.0.1-913] ERROR c.a.s.c.c.handler.ClientRegister - heartbeat check requestId:[913] message:[UNAVAILABLE: io exception]
2026-01-04 11:32:37 [sj-client-check] WARN  c.a.s.c.c.r.c.g.SnailJobGrpcClient - gRPC channel state=TRANSIENT_FAILURE, try reconnect...
2026-01-04 11:32:38 [snail-job-grpc-client-executor-127.0.0.1-914] ERROR c.a.s.c.c.handler.ClientRegister - heartbeat check requestId:[914] message:[UNAVAILABLE: io exception]
2026-01-04 11:32:47 [sj-client-check] WARN  c.a.s.c.c.r.c.g.SnailJobGrpcClient - gRPC channel state=TRANSIENT_FAILURE, try reconnect...
2026-01-04 11:32:48 [snail-job-grpc-client-executor-127.0.0.1-915] ERROR c.a.s.c.c.handler.ClientRegister - heartbeat check requestId:[915] message:[UNAVAILABLE: io exception]
2026-01-04 11:32:57 [sj-client-check] WARN  c.a.s.c.c.r.c.g.SnailJobGrpcClient - gRPC channel state=TRANSIENT_FAILURE, try reconnect...
2026-01-04 11:32:58 [snail-job-grpc-client-executor-127.0.0.1-916] ERROR c.a.s.c.c.handler.ClientRegister - heartbeat check requestId:[916] message:[UNAVAILABLE: io exception]
2026-01-04 11:33:07 [sj-client-check] WARN  c.a.s.c.c.r.c.g.SnailJobGrpcClient - gRPC channel state=TRANSIENT_FAILURE, try reconnect...
2026-01-04 11:33:08 [snail-job-grpc-client-executor-127.0.0.1-917] ERROR c.a.s.c.c.handler.ClientRegister - heartbeat check requestId:[917] message:[UNAVAILABLE: io exception]
2026-01-04 11:33:17 [sj-client-check] WARN  c.a.s.c.c.r.c.g.SnailJobGrpcClient - gRPC channel state=TRANSIENT_FAILURE, try reconnect...
2026-01-04 11:33:18 [snail-job-grpc-client-executor-127.0.0.1-919] ERROR c.a.s.c.c.handler.ClientRegister - heartbeat check requestId:[918] message:[UNAVAILABLE: io exception]
2026-01-04 11:33:27 [sj-client-check] WARN  c.a.s.c.c.r.c.g.SnailJobGrpcClient - gRPC channel state=TRANSIENT_FAILURE, try reconnect...
2026-01-04 11:33:28 [snail-job-grpc-client-executor-127.0.0.1-920] ERROR c.a.s.c.c.handler.ClientRegister - heartbeat check requestId:[920] message:[UNAVAILABLE: io exception]
2026-01-04 11:33:37 [sj-client-check] WARN  c.a.s.c.c.r.c.g.SnailJobGrpcClient - gRPC channel state=TRANSIENT_FAILURE, try reconnect...
2026-01-04 11:33:38 [snail-job-grpc-client-executor-127.0.0.1-921] ERROR c.a.s.c.c.handler.ClientRegister - heartbeat check requestId:[921] message:[UNAVAILABLE: io exception]
2026-01-04 11:33:47 [sj-client-check] WARN  c.a.s.c.c.r.c.g.SnailJobGrpcClient - gRPC channel state=TRANSIENT_FAILURE, try reconnect...
2026-01-04 11:33:48 [snail-job-grpc-client-executor-127.0.0.1-922] ERROR c.a.s.c.c.handler.ClientRegister - heartbeat check requestId:[922] message:[UNAVAILABLE: io exception]
2026-01-04 11:33:57 [sj-client-check] WARN  c.a.s.c.c.r.c.g.SnailJobGrpcClient - gRPC channel state=TRANSIENT_FAILURE, try reconnect...
2026-01-04 11:33:58 [snail-job-grpc-client-executor-127.0.0.1-923] ERROR c.a.s.c.c.handler.ClientRegister - heartbeat check requestId:[923] message:[UNAVAILABLE: io exception]
2026-01-04 11:34:07 [sj-client-check] WARN  c.a.s.c.c.r.c.g.SnailJobGrpcClient - gRPC channel state=TRANSIENT_FAILURE, try reconnect...
2026-01-04 11:34:08 [snail-job-grpc-client-executor-127.0.0.1-924] ERROR c.a.s.c.c.handler.ClientRegister - heartbeat check requestId:[924] message:[UNAVAILABLE: io exception]
2026-01-04 11:34:17 [sj-client-check] WARN  c.a.s.c.c.r.c.g.SnailJobGrpcClient - gRPC channel state=TRANSIENT_FAILURE, try reconnect...
2026-01-04 11:34:18 [snail-job-grpc-client-executor-127.0.0.1-925] ERROR c.a.s.c.c.handler.ClientRegister - heartbeat check requestId:[925] message:[UNAVAILABLE: io exception]
2026-01-04 11:34:27 [sj-client-check] WARN  c.a.s.c.c.r.c.g.SnailJobGrpcClient - gRPC channel state=TRANSIENT_FAILURE, try reconnect...
2026-01-04 11:34:28 [snail-job-grpc-client-executor-127.0.0.1-927] ERROR c.a.s.c.c.handler.ClientRegister - heartbeat check requestId:[927] message:[UNAVAILABLE: io exception]
2026-01-04 11:34:37 [sj-client-check] WARN  c.a.s.c.c.r.c.g.SnailJobGrpcClient - gRPC channel state=TRANSIENT_FAILURE, try reconnect...
2026-01-04 11:34:38 [snail-job-grpc-client-executor-127.0.0.1-928] ERROR c.a.s.c.c.handler.ClientRegister - heartbeat check requestId:[928] message:[UNAVAILABLE: io exception]
2026-01-04 11:34:47 [sj-client-check] WARN  c.a.s.c.c.r.c.g.SnailJobGrpcClient - gRPC channel state=TRANSIENT_FAILURE, try reconnect...
2026-01-04 11:34:48 [snail-job-grpc-client-executor-127.0.0.1-929] ERROR c.a.s.c.c.handler.ClientRegister - heartbeat check requestId:[929] message:[UNAVAILABLE: io exception]
2026-01-04 11:34:57 [sj-client-check] WARN  c.a.s.c.c.r.c.g.SnailJobGrpcClient - gRPC channel state=TRANSIENT_FAILURE, try reconnect...
2026-01-04 11:34:58 [snail-job-grpc-client-executor-127.0.0.1-930] ERROR c.a.s.c.c.handler.ClientRegister - heartbeat check requestId:[930] message:[UNAVAILABLE: io exception]
2026-01-04 11:35:07 [sj-client-check] WARN  c.a.s.c.c.r.c.g.SnailJobGrpcClient - gRPC channel state=TRANSIENT_FAILURE, try reconnect...
2026-01-04 11:35:08 [snail-job-grpc-client-executor-127.0.0.1-931] ERROR c.a.s.c.c.handler.ClientRegister - heartbeat check requestId:[931] message:[UNAVAILABLE: io exception]
2026-01-04 11:35:17 [sj-client-check] WARN  c.a.s.c.c.r.c.g.SnailJobGrpcClient - gRPC channel state=TRANSIENT_FAILURE, try reconnect...
2026-01-04 11:35:18 [snail-job-grpc-client-executor-127.0.0.1-932] ERROR c.a.s.c.c.handler.ClientRegister - heartbeat check requestId:[933] message:[UNAVAILABLE: io exception]
2026-01-04 11:35:27 [sj-client-check] WARN  c.a.s.c.c.r.c.g.SnailJobGrpcClient - gRPC channel state=TRANSIENT_FAILURE, try reconnect...
2026-01-04 11:35:28 [snail-job-grpc-client-executor-127.0.0.1-934] ERROR c.a.s.c.c.handler.ClientRegister - heartbeat check requestId:[934] message:[UNAVAILABLE: io exception]
2026-01-04 11:35:37 [sj-client-check] WARN  c.a.s.c.c.r.c.g.SnailJobGrpcClient - gRPC channel state=TRANSIENT_FAILURE, try reconnect...
2026-01-04 11:35:38 [snail-job-grpc-client-executor-127.0.0.1-935] ERROR c.a.s.c.c.handler.ClientRegister - heartbeat check requestId:[935] message:[UNAVAILABLE: io exception]
2026-01-04 11:35:47 [sj-client-check] WARN  c.a.s.c.c.r.c.g.SnailJobGrpcClient - gRPC channel state=TRANSIENT_FAILURE, try reconnect...
2026-01-04 11:35:48 [snail-job-grpc-client-executor-127.0.0.1-936] ERROR c.a.s.c.c.handler.ClientRegister - heartbeat check requestId:[936] message:[UNAVAILABLE: io exception]
2026-01-04 11:35:57 [sj-client-check] WARN  c.a.s.c.c.r.c.g.SnailJobGrpcClient - gRPC channel state=TRANSIENT_FAILURE, try reconnect...
2026-01-04 11:35:58 [snail-job-grpc-client-executor-127.0.0.1-937] ERROR c.a.s.c.c.handler.ClientRegister - heartbeat check requestId:[937] message:[UNAVAILABLE: io exception]
2026-01-04 11:36:07 [sj-client-check] WARN  c.a.s.c.c.r.c.g.SnailJobGrpcClient - gRPC channel state=TRANSIENT_FAILURE, try reconnect...
2026-01-04 11:36:08 [snail-job-grpc-client-executor-127.0.0.1-938] ERROR c.a.s.c.c.handler.ClientRegister - heartbeat check requestId:[938] message:[UNAVAILABLE: io exception]
2026-01-04 11:36:17 [sj-client-check] WARN  c.a.s.c.c.r.c.g.SnailJobGrpcClient - gRPC channel state=TRANSIENT_FAILURE, try reconnect...
2026-01-04 11:36:18 [snail-job-grpc-client-executor-127.0.0.1-940] ERROR c.a.s.c.c.handler.ClientRegister - heartbeat check requestId:[939] message:[UNAVAILABLE: io exception]
2026-01-04 11:36:27 [sj-client-check] WARN  c.a.s.c.c.r.c.g.SnailJobGrpcClient - gRPC channel state=TRANSIENT_FAILURE, try reconnect...
2026-01-04 11:36:28 [snail-job-grpc-client-executor-127.0.0.1-941] ERROR c.a.s.c.c.handler.ClientRegister - heartbeat check requestId:[941] message:[UNAVAILABLE: io exception]
2026-01-04 11:36:37 [sj-client-check] WARN  c.a.s.c.c.r.c.g.SnailJobGrpcClient - gRPC channel state=TRANSIENT_FAILURE, try reconnect...
2026-01-04 11:36:38 [snail-job-grpc-client-executor-127.0.0.1-942] ERROR c.a.s.c.c.handler.ClientRegister - heartbeat check requestId:[942] message:[UNAVAILABLE: io exception]
2026-01-04 11:36:47 [sj-client-check] WARN  c.a.s.c.c.r.c.g.SnailJobGrpcClient - gRPC channel state=TRANSIENT_FAILURE, try reconnect...
2026-01-04 11:36:48 [snail-job-grpc-client-executor-127.0.0.1-943] ERROR c.a.s.c.c.handler.ClientRegister - heartbeat check requestId:[943] message:[UNAVAILABLE: io exception]
2026-01-04 11:36:57 [sj-client-check] WARN  c.a.s.c.c.r.c.g.SnailJobGrpcClient - gRPC channel state=TRANSIENT_FAILURE, try reconnect...
2026-01-04 11:36:58 [snail-job-grpc-client-executor-127.0.0.1-944] ERROR c.a.s.c.c.handler.ClientRegister - heartbeat check requestId:[944] message:[UNAVAILABLE: io exception]
2026-01-04 11:37:07 [sj-client-check] WARN  c.a.s.c.c.r.c.g.SnailJobGrpcClient - gRPC channel state=TRANSIENT_FAILURE, try reconnect...
2026-01-04 11:37:08 [snail-job-grpc-client-executor-127.0.0.1-945] ERROR c.a.s.c.c.handler.ClientRegister - heartbeat check requestId:[945] message:[UNAVAILABLE: io exception]
2026-01-04 11:37:17 [sj-client-check] WARN  c.a.s.c.c.r.c.g.SnailJobGrpcClient - gRPC channel state=TRANSIENT_FAILURE, try reconnect...
2026-01-04 11:37:18 [snail-job-grpc-client-executor-127.0.0.1-947] ERROR c.a.s.c.c.handler.ClientRegister - heartbeat check requestId:[946] message:[UNAVAILABLE: io exception]
2026-01-04 11:37:27 [sj-client-check] WARN  c.a.s.c.c.r.c.g.SnailJobGrpcClient - gRPC channel state=TRANSIENT_FAILURE, try reconnect...
2026-01-04 11:37:28 [snail-job-grpc-client-executor-127.0.0.1-948] ERROR c.a.s.c.c.handler.ClientRegister - heartbeat check requestId:[948] message:[UNAVAILABLE: io exception]
2026-01-04 11:37:37 [sj-client-check] WARN  c.a.s.c.c.r.c.g.SnailJobGrpcClient - gRPC channel state=TRANSIENT_FAILURE, try reconnect...
2026-01-04 11:37:38 [snail-job-grpc-client-executor-127.0.0.1-949] ERROR c.a.s.c.c.handler.ClientRegister - heartbeat check requestId:[949] message:[UNAVAILABLE: io exception]
2026-01-04 11:37:47 [sj-client-check] WARN  c.a.s.c.c.r.c.g.SnailJobGrpcClient - gRPC channel state=TRANSIENT_FAILURE, try reconnect...
2026-01-04 11:37:48 [snail-job-grpc-client-executor-127.0.0.1-950] ERROR c.a.s.c.c.handler.ClientRegister - heartbeat check requestId:[950] message:[UNAVAILABLE: io exception]
2026-01-04 11:37:57 [sj-client-check] WARN  c.a.s.c.c.r.c.g.SnailJobGrpcClient - gRPC channel state=TRANSIENT_FAILURE, try reconnect...
2026-01-04 11:37:58 [snail-job-grpc-client-executor-127.0.0.1-951] ERROR c.a.s.c.c.handler.ClientRegister - heartbeat check requestId:[951] message:[UNAVAILABLE: io exception]
2026-01-04 11:38:07 [sj-client-check] WARN  c.a.s.c.c.r.c.g.SnailJobGrpcClient - gRPC channel state=TRANSIENT_FAILURE, try reconnect...
2026-01-04 11:38:08 [snail-job-grpc-client-executor-127.0.0.1-952] ERROR c.a.s.c.c.handler.ClientRegister - heartbeat check requestId:[952] message:[UNAVAILABLE: io exception]
2026-01-04 11:38:17 [sj-client-check] WARN  c.a.s.c.c.r.c.g.SnailJobGrpcClient - gRPC channel state=TRANSIENT_FAILURE, try reconnect...
2026-01-04 11:38:18 [snail-job-grpc-client-executor-127.0.0.1-954] ERROR c.a.s.c.c.handler.ClientRegister - heartbeat check requestId:[954] message:[UNAVAILABLE: io exception]
2026-01-04 11:38:27 [sj-client-check] WARN  c.a.s.c.c.r.c.g.SnailJobGrpcClient - gRPC channel state=TRANSIENT_FAILURE, try reconnect...
2026-01-04 11:38:28 [snail-job-grpc-client-executor-127.0.0.1-955] ERROR c.a.s.c.c.handler.ClientRegister - heartbeat check requestId:[955] message:[UNAVAILABLE: io exception]
2026-01-04 11:38:37 [sj-client-check] WARN  c.a.s.c.c.r.c.g.SnailJobGrpcClient - gRPC channel state=TRANSIENT_FAILURE, try reconnect...
2026-01-04 11:38:38 [snail-job-grpc-client-executor-127.0.0.1-956] ERROR c.a.s.c.c.handler.ClientRegister - heartbeat check requestId:[956] message:[UNAVAILABLE: io exception]
2026-01-04 11:38:47 [sj-client-check] WARN  c.a.s.c.c.r.c.g.SnailJobGrpcClient - gRPC channel state=TRANSIENT_FAILURE, try reconnect...
2026-01-04 11:38:48 [snail-job-grpc-client-executor-127.0.0.1-957] ERROR c.a.s.c.c.handler.ClientRegister - heartbeat check requestId:[957] message:[UNAVAILABLE: io exception]
2026-01-04 11:38:57 [sj-client-check] WARN  c.a.s.c.c.r.c.g.SnailJobGrpcClient - gRPC channel state=TRANSIENT_FAILURE, try reconnect...
2026-01-04 11:38:58 [snail-job-grpc-client-executor-127.0.0.1-958] ERROR c.a.s.c.c.handler.ClientRegister - heartbeat check requestId:[958] message:[UNAVAILABLE: io exception]
2026-01-04 11:39:07 [sj-client-check] WARN  c.a.s.c.c.r.c.g.SnailJobGrpcClient - gRPC channel state=TRANSIENT_FAILURE, try reconnect...
2026-01-04 11:39:08 [snail-job-grpc-client-executor-127.0.0.1-959] ERROR c.a.s.c.c.handler.ClientRegister - heartbeat check requestId:[959] message:[UNAVAILABLE: io exception]
2026-01-04 11:39:17 [sj-client-check] WARN  c.a.s.c.c.r.c.g.SnailJobGrpcClient - gRPC channel state=TRANSIENT_FAILURE, try reconnect...
2026-01-04 11:39:18 [snail-job-grpc-client-executor-127.0.0.1-961] ERROR c.a.s.c.c.handler.ClientRegister - heartbeat check requestId:[961] message:[UNAVAILABLE: io exception]
2026-01-04 11:39:27 [sj-client-check] WARN  c.a.s.c.c.r.c.g.SnailJobGrpcClient - gRPC channel state=TRANSIENT_FAILURE, try reconnect...
2026-01-04 11:39:28 [snail-job-grpc-client-executor-127.0.0.1-962] ERROR c.a.s.c.c.handler.ClientRegister - heartbeat check requestId:[962] message:[UNAVAILABLE: io exception]
2026-01-04 11:39:37 [sj-client-check] WARN  c.a.s.c.c.r.c.g.SnailJobGrpcClient - gRPC channel state=TRANSIENT_FAILURE, try reconnect...
2026-01-04 11:39:38 [snail-job-grpc-client-executor-127.0.0.1-963] ERROR c.a.s.c.c.handler.ClientRegister - heartbeat check requestId:[963] message:[UNAVAILABLE: io exception]
2026-01-04 11:39:47 [sj-client-check] WARN  c.a.s.c.c.r.c.g.SnailJobGrpcClient - gRPC channel state=TRANSIENT_FAILURE, try reconnect...
2026-01-04 11:39:48 [snail-job-grpc-client-executor-127.0.0.1-964] ERROR c.a.s.c.c.handler.ClientRegister - heartbeat check requestId:[964] message:[UNAVAILABLE: io exception]
2026-01-04 11:39:57 [sj-client-check] WARN  c.a.s.c.c.r.c.g.SnailJobGrpcClient - gRPC channel state=TRANSIENT_FAILURE, try reconnect...
2026-01-04 11:39:58 [snail-job-grpc-client-executor-127.0.0.1-965] ERROR c.a.s.c.c.handler.ClientRegister - heartbeat check requestId:[965] message:[UNAVAILABLE: io exception]
2026-01-04 11:40:07 [sj-client-check] WARN  c.a.s.c.c.r.c.g.SnailJobGrpcClient - gRPC channel state=TRANSIENT_FAILURE, try reconnect...
2026-01-04 11:40:08 [snail-job-grpc-client-executor-127.0.0.1-966] ERROR c.a.s.c.c.handler.ClientRegister - heartbeat check requestId:[966] message:[UNAVAILABLE: io exception]
2026-01-04 11:40:17 [sj-client-check] WARN  c.a.s.c.c.r.c.g.SnailJobGrpcClient - gRPC channel state=TRANSIENT_FAILURE, try reconnect...
2026-01-04 11:40:18 [snail-job-grpc-client-executor-127.0.0.1-968] ERROR c.a.s.c.c.handler.ClientRegister - heartbeat check requestId:[967] message:[UNAVAILABLE: io exception]
2026-01-04 11:40:27 [sj-client-check] WARN  c.a.s.c.c.r.c.g.SnailJobGrpcClient - gRPC channel state=TRANSIENT_FAILURE, try reconnect...
2026-01-04 11:40:28 [snail-job-grpc-client-executor-127.0.0.1-969] ERROR c.a.s.c.c.handler.ClientRegister - heartbeat check requestId:[969] message:[UNAVAILABLE: io exception]
2026-01-04 11:40:37 [sj-client-check] WARN  c.a.s.c.c.r.c.g.SnailJobGrpcClient - gRPC channel state=TRANSIENT_FAILURE, try reconnect...
2026-01-04 11:40:38 [snail-job-grpc-client-executor-127.0.0.1-970] ERROR c.a.s.c.c.handler.ClientRegister - heartbeat check requestId:[970] message:[UNAVAILABLE: io exception]
2026-01-04 11:40:47 [sj-client-check] WARN  c.a.s.c.c.r.c.g.SnailJobGrpcClient - gRPC channel state=TRANSIENT_FAILURE, try reconnect...
2026-01-04 11:40:48 [snail-job-grpc-client-executor-127.0.0.1-971] ERROR c.a.s.c.c.handler.ClientRegister - heartbeat check requestId:[971] message:[UNAVAILABLE: io exception]
2026-01-04 11:40:57 [sj-client-check] WARN  c.a.s.c.c.r.c.g.SnailJobGrpcClient - gRPC channel state=TRANSIENT_FAILURE, try reconnect...
2026-01-04 11:40:58 [snail-job-grpc-client-executor-127.0.0.1-972] ERROR c.a.s.c.c.handler.ClientRegister - heartbeat check requestId:[972] message:[UNAVAILABLE: io exception]
2026-01-04 11:41:07 [sj-client-check] WARN  c.a.s.c.c.r.c.g.SnailJobGrpcClient - gRPC channel state=TRANSIENT_FAILURE, try reconnect...
2026-01-04 11:41:08 [snail-job-grpc-client-executor-127.0.0.1-973] ERROR c.a.s.c.c.handler.ClientRegister - heartbeat check requestId:[973] message:[UNAVAILABLE: io exception]
2026-01-04 11:41:17 [sj-client-check] WARN  c.a.s.c.c.r.c.g.SnailJobGrpcClient - gRPC channel state=TRANSIENT_FAILURE, try reconnect...
2026-01-04 11:41:18 [snail-job-grpc-client-executor-127.0.0.1-975] ERROR c.a.s.c.c.handler.ClientRegister - heartbeat check requestId:[975] message:[UNAVAILABLE: io exception]
2026-01-04 11:41:27 [sj-client-check] WARN  c.a.s.c.c.r.c.g.SnailJobGrpcClient - gRPC channel state=TRANSIENT_FAILURE, try reconnect...
2026-01-04 11:41:28 [snail-job-grpc-client-executor-127.0.0.1-976] ERROR c.a.s.c.c.handler.ClientRegister - heartbeat check requestId:[976] message:[UNAVAILABLE: io exception]
2026-01-04 11:41:37 [sj-client-check] WARN  c.a.s.c.c.r.c.g.SnailJobGrpcClient - gRPC channel state=TRANSIENT_FAILURE, try reconnect...
2026-01-04 11:41:38 [snail-job-grpc-client-executor-127.0.0.1-977] ERROR c.a.s.c.c.handler.ClientRegister - heartbeat check requestId:[977] message:[UNAVAILABLE: io exception]
2026-01-04 11:41:47 [sj-client-check] WARN  c.a.s.c.c.r.c.g.SnailJobGrpcClient - gRPC channel state=TRANSIENT_FAILURE, try reconnect...
2026-01-04 11:41:48 [snail-job-grpc-client-executor-127.0.0.1-978] ERROR c.a.s.c.c.handler.ClientRegister - heartbeat check requestId:[978] message:[UNAVAILABLE: io exception]
2026-01-04 11:41:57 [sj-client-check] WARN  c.a.s.c.c.r.c.g.SnailJobGrpcClient - gRPC channel state=TRANSIENT_FAILURE, try reconnect...
2026-01-04 11:41:58 [snail-job-grpc-client-executor-127.0.0.1-979] ERROR c.a.s.c.c.handler.ClientRegister - heartbeat check requestId:[979] message:[UNAVAILABLE: io exception]
2026-01-04 11:42:07 [sj-client-check] WARN  c.a.s.c.c.r.c.g.SnailJobGrpcClient - gRPC channel state=TRANSIENT_FAILURE, try reconnect...
2026-01-04 11:42:08 [snail-job-grpc-client-executor-127.0.0.1-980] ERROR c.a.s.c.c.handler.ClientRegister - heartbeat check requestId:[980] message:[UNAVAILABLE: io exception]
2026-01-04 11:42:17 [sj-client-check] WARN  c.a.s.c.c.r.c.g.SnailJobGrpcClient - gRPC channel state=TRANSIENT_FAILURE, try reconnect...
2026-01-04 11:42:18 [snail-job-grpc-client-executor-127.0.0.1-982] ERROR c.a.s.c.c.handler.ClientRegister - heartbeat check requestId:[981] message:[UNAVAILABLE: io exception]
2026-01-04 11:42:27 [sj-client-check] WARN  c.a.s.c.c.r.c.g.SnailJobGrpcClient - gRPC channel state=TRANSIENT_FAILURE, try reconnect...
2026-01-04 11:42:28 [snail-job-grpc-client-executor-127.0.0.1-983] ERROR c.a.s.c.c.handler.ClientRegister - heartbeat check requestId:[983] message:[UNAVAILABLE: io exception]
2026-01-04 11:42:37 [sj-client-check] WARN  c.a.s.c.c.r.c.g.SnailJobGrpcClient - gRPC channel state=TRANSIENT_FAILURE, try reconnect...
2026-01-04 11:42:38 [snail-job-grpc-client-executor-127.0.0.1-984] ERROR c.a.s.c.c.handler.ClientRegister - heartbeat check requestId:[984] message:[UNAVAILABLE: io exception]
2026-01-04 11:42:47 [sj-client-check] WARN  c.a.s.c.c.r.c.g.SnailJobGrpcClient - gRPC channel state=TRANSIENT_FAILURE, try reconnect...
2026-01-04 11:42:48 [snail-job-grpc-client-executor-127.0.0.1-985] ERROR c.a.s.c.c.handler.ClientRegister - heartbeat check requestId:[985] message:[UNAVAILABLE: io exception]
2026-01-04 11:42:57 [sj-client-check] WARN  c.a.s.c.c.r.c.g.SnailJobGrpcClient - gRPC channel state=TRANSIENT_FAILURE, try reconnect...
2026-01-04 11:42:58 [snail-job-grpc-client-executor-127.0.0.1-986] ERROR c.a.s.c.c.handler.ClientRegister - heartbeat check requestId:[986] message:[UNAVAILABLE: io exception]
2026-01-04 11:43:07 [sj-client-check] WARN  c.a.s.c.c.r.c.g.SnailJobGrpcClient - gRPC channel state=TRANSIENT_FAILURE, try reconnect...
2026-01-04 11:43:08 [snail-job-grpc-client-executor-127.0.0.1-987] ERROR c.a.s.c.c.handler.ClientRegister - heartbeat check requestId:[987] message:[UNAVAILABLE: io exception]
2026-01-04 11:43:17 [sj-client-check] WARN  c.a.s.c.c.r.c.g.SnailJobGrpcClient - gRPC channel state=TRANSIENT_FAILURE, try reconnect...
2026-01-04 11:43:18 [snail-job-grpc-client-executor-127.0.0.1-989] ERROR c.a.s.c.c.handler.ClientRegister - heartbeat check requestId:[989] message:[UNAVAILABLE: io exception]
2026-01-04 11:43:27 [sj-client-check] WARN  c.a.s.c.c.r.c.g.SnailJobGrpcClient - gRPC channel state=TRANSIENT_FAILURE, try reconnect...
2026-01-04 11:43:28 [snail-job-grpc-client-executor-127.0.0.1-990] ERROR c.a.s.c.c.handler.ClientRegister - heartbeat check requestId:[990] message:[UNAVAILABLE: io exception]
2026-01-04 11:43:37 [sj-client-check] WARN  c.a.s.c.c.r.c.g.SnailJobGrpcClient - gRPC channel state=TRANSIENT_FAILURE, try reconnect...
2026-01-04 11:43:38 [snail-job-grpc-client-executor-127.0.0.1-991] ERROR c.a.s.c.c.handler.ClientRegister - heartbeat check requestId:[991] message:[UNAVAILABLE: io exception]
2026-01-04 11:43:47 [sj-client-check] WARN  c.a.s.c.c.r.c.g.SnailJobGrpcClient - gRPC channel state=TRANSIENT_FAILURE, try reconnect...
2026-01-04 11:43:48 [snail-job-grpc-client-executor-127.0.0.1-992] ERROR c.a.s.c.c.handler.ClientRegister - heartbeat check requestId:[992] message:[UNAVAILABLE: io exception]
2026-01-04 11:43:57 [sj-client-check] WARN  c.a.s.c.c.r.c.g.SnailJobGrpcClient - gRPC channel state=TRANSIENT_FAILURE, try reconnect...
2026-01-04 11:43:58 [snail-job-grpc-client-executor-127.0.0.1-993] ERROR c.a.s.c.c.handler.ClientRegister - heartbeat check requestId:[993] message:[UNAVAILABLE: io exception]
2026-01-04 11:44:07 [sj-client-check] WARN  c.a.s.c.c.r.c.g.SnailJobGrpcClient - gRPC channel state=TRANSIENT_FAILURE, try reconnect...
2026-01-04 11:44:08 [snail-job-grpc-client-executor-127.0.0.1-994] ERROR c.a.s.c.c.handler.ClientRegister - heartbeat check requestId:[994] message:[UNAVAILABLE: io exception]
2026-01-04 11:44:17 [sj-client-check] WARN  c.a.s.c.c.r.c.g.SnailJobGrpcClient - gRPC channel state=TRANSIENT_FAILURE, try reconnect...
2026-01-04 11:44:18 [snail-job-grpc-client-executor-127.0.0.1-996] ERROR c.a.s.c.c.handler.ClientRegister - heartbeat check requestId:[996] message:[UNAVAILABLE: io exception]
2026-01-04 11:44:27 [sj-client-check] WARN  c.a.s.c.c.r.c.g.SnailJobGrpcClient - gRPC channel state=TRANSIENT_FAILURE, try reconnect...
2026-01-04 11:44:28 [snail-job-grpc-client-executor-127.0.0.1-997] ERROR c.a.s.c.c.handler.ClientRegister - heartbeat check requestId:[997] message:[UNAVAILABLE: io exception]
2026-01-04 11:44:37 [sj-client-check] WARN  c.a.s.c.c.r.c.g.SnailJobGrpcClient - gRPC channel state=TRANSIENT_FAILURE, try reconnect...
2026-01-04 11:44:38 [snail-job-grpc-client-executor-127.0.0.1-998] ERROR c.a.s.c.c.handler.ClientRegister - heartbeat check requestId:[998] message:[UNAVAILABLE: io exception]
2026-01-04 11:44:47 [sj-client-check] WARN  c.a.s.c.c.r.c.g.SnailJobGrpcClient - gRPC channel state=TRANSIENT_FAILURE, try reconnect...
2026-01-04 11:44:48 [snail-job-grpc-client-executor-127.0.0.1-999] ERROR c.a.s.c.c.handler.ClientRegister - heartbeat check requestId:[999] message:[UNAVAILABLE: io exception]
2026-01-04 11:44:57 [sj-client-check] WARN  c.a.s.c.c.r.c.g.SnailJobGrpcClient - gRPC channel state=TRANSIENT_FAILURE, try reconnect...
2026-01-04 11:44:58 [snail-job-grpc-client-executor-127.0.0.1-1000] ERROR c.a.s.c.c.handler.ClientRegister - heartbeat check requestId:[1000] message:[UNAVAILABLE: io exception]
2026-01-04 11:45:07 [sj-client-check] WARN  c.a.s.c.c.r.c.g.SnailJobGrpcClient - gRPC channel state=TRANSIENT_FAILURE, try reconnect...
2026-01-04 11:45:08 [snail-job-grpc-client-executor-127.0.0.1-1001] ERROR c.a.s.c.c.handler.ClientRegister - heartbeat check requestId:[1001] message:[UNAVAILABLE: io exception]
2026-01-04 11:45:17 [sj-client-check] WARN  c.a.s.c.c.r.c.g.SnailJobGrpcClient - gRPC channel state=TRANSIENT_FAILURE, try reconnect...
2026-01-04 11:45:18 [snail-job-grpc-client-executor-127.0.0.1-1002] ERROR c.a.s.c.c.handler.ClientRegister - heartbeat check requestId:[1002] message:[UNAVAILABLE: io exception]
2026-01-04 11:45:27 [sj-client-check] WARN  c.a.s.c.c.r.c.g.SnailJobGrpcClient - gRPC channel state=TRANSIENT_FAILURE, try reconnect...
2026-01-04 11:45:28 [snail-job-grpc-client-executor-127.0.0.1-1004] ERROR c.a.s.c.c.handler.ClientRegister - heartbeat check requestId:[1004] message:[UNAVAILABLE: io exception]
2026-01-04 11:45:37 [sj-client-check] WARN  c.a.s.c.c.r.c.g.SnailJobGrpcClient - gRPC channel state=TRANSIENT_FAILURE, try reconnect...
2026-01-04 11:45:38 [snail-job-grpc-client-executor-127.0.0.1-1005] ERROR c.a.s.c.c.handler.ClientRegister - heartbeat check requestId:[1005] message:[UNAVAILABLE: io exception]
2026-01-04 11:45:47 [sj-client-check] WARN  c.a.s.c.c.r.c.g.SnailJobGrpcClient - gRPC channel state=TRANSIENT_FAILURE, try reconnect...
2026-01-04 11:45:48 [snail-job-grpc-client-executor-127.0.0.1-1006] ERROR c.a.s.c.c.handler.ClientRegister - heartbeat check requestId:[1006] message:[UNAVAILABLE: io exception]
2026-01-04 11:45:57 [sj-client-check] WARN  c.a.s.c.c.r.c.g.SnailJobGrpcClient - gRPC channel state=TRANSIENT_FAILURE, try reconnect...
2026-01-04 11:45:58 [snail-job-grpc-client-executor-127.0.0.1-1007] ERROR c.a.s.c.c.handler.ClientRegister - heartbeat check requestId:[1007] message:[UNAVAILABLE: io exception]
2026-01-04 11:46:07 [sj-client-check] WARN  c.a.s.c.c.r.c.g.SnailJobGrpcClient - gRPC channel state=TRANSIENT_FAILURE, try reconnect...
2026-01-04 11:46:08 [snail-job-grpc-client-executor-127.0.0.1-1008] ERROR c.a.s.c.c.handler.ClientRegister - heartbeat check requestId:[1008] message:[UNAVAILABLE: io exception]
2026-01-04 11:46:17 [sj-client-check] WARN  c.a.s.c.c.r.c.g.SnailJobGrpcClient - gRPC channel state=TRANSIENT_FAILURE, try reconnect...
2026-01-04 11:46:18 [snail-job-grpc-client-executor-127.0.0.1-1009] ERROR c.a.s.c.c.handler.ClientRegister - heartbeat check requestId:[1010] message:[UNAVAILABLE: io exception]
2026-01-04 11:46:27 [sj-client-check] WARN  c.a.s.c.c.r.c.g.SnailJobGrpcClient - gRPC channel state=TRANSIENT_FAILURE, try reconnect...
2026-01-04 11:46:28 [snail-job-grpc-client-executor-127.0.0.1-1011] ERROR c.a.s.c.c.handler.ClientRegister - heartbeat check requestId:[1011] message:[UNAVAILABLE: io exception]
2026-01-04 11:46:37 [sj-client-check] WARN  c.a.s.c.c.r.c.g.SnailJobGrpcClient - gRPC channel state=TRANSIENT_FAILURE, try reconnect...
2026-01-04 11:46:38 [snail-job-grpc-client-executor-127.0.0.1-1012] ERROR c.a.s.c.c.handler.ClientRegister - heartbeat check requestId:[1012] message:[UNAVAILABLE: io exception]
2026-01-04 11:46:47 [sj-client-check] WARN  c.a.s.c.c.r.c.g.SnailJobGrpcClient - gRPC channel state=TRANSIENT_FAILURE, try reconnect...
2026-01-04 11:46:48 [snail-job-grpc-client-executor-127.0.0.1-1013] ERROR c.a.s.c.c.handler.ClientRegister - heartbeat check requestId:[1013] message:[UNAVAILABLE: io exception]
2026-01-04 11:46:57 [sj-client-check] WARN  c.a.s.c.c.r.c.g.SnailJobGrpcClient - gRPC channel state=TRANSIENT_FAILURE, try reconnect...
2026-01-04 11:46:58 [snail-job-grpc-client-executor-127.0.0.1-1014] ERROR c.a.s.c.c.handler.ClientRegister - heartbeat check requestId:[1014] message:[UNAVAILABLE: io exception]
2026-01-04 11:47:07 [sj-client-check] WARN  c.a.s.c.c.r.c.g.SnailJobGrpcClient - gRPC channel state=TRANSIENT_FAILURE, try reconnect...
2026-01-04 11:47:08 [snail-job-grpc-client-executor-127.0.0.1-1015] ERROR c.a.s.c.c.handler.ClientRegister - heartbeat check requestId:[1015] message:[UNAVAILABLE: io exception]
2026-01-04 11:47:17 [sj-client-check] WARN  c.a.s.c.c.r.c.g.SnailJobGrpcClient - gRPC channel state=TRANSIENT_FAILURE, try reconnect...
2026-01-04 11:47:18 [snail-job-grpc-client-executor-127.0.0.1-1016] ERROR c.a.s.c.c.handler.ClientRegister - heartbeat check requestId:[1017] message:[UNAVAILABLE: io exception]
2026-01-04 11:47:27 [sj-client-check] WARN  c.a.s.c.c.r.c.g.SnailJobGrpcClient - gRPC channel state=TRANSIENT_FAILURE, try reconnect...
2026-01-04 11:47:28 [snail-job-grpc-client-executor-127.0.0.1-1018] ERROR c.a.s.c.c.handler.ClientRegister - heartbeat check requestId:[1018] message:[UNAVAILABLE: io exception]
2026-01-04 11:47:37 [sj-client-check] WARN  c.a.s.c.c.r.c.g.SnailJobGrpcClient - gRPC channel state=TRANSIENT_FAILURE, try reconnect...
2026-01-04 11:47:38 [snail-job-grpc-client-executor-127.0.0.1-1019] ERROR c.a.s.c.c.handler.ClientRegister - heartbeat check requestId:[1019] message:[UNAVAILABLE: io exception]
2026-01-04 11:47:47 [sj-client-check] WARN  c.a.s.c.c.r.c.g.SnailJobGrpcClient - gRPC channel state=TRANSIENT_FAILURE, try reconnect...
2026-01-04 11:47:48 [snail-job-grpc-client-executor-127.0.0.1-1020] ERROR c.a.s.c.c.handler.ClientRegister - heartbeat check requestId:[1020] message:[UNAVAILABLE: io exception]
2026-01-04 11:47:57 [sj-client-check] WARN  c.a.s.c.c.r.c.g.SnailJobGrpcClient - gRPC channel state=TRANSIENT_FAILURE, try reconnect...
2026-01-04 11:47:58 [snail-job-grpc-client-executor-127.0.0.1-1021] ERROR c.a.s.c.c.handler.ClientRegister - heartbeat check requestId:[1021] message:[UNAVAILABLE: io exception]
2026-01-04 11:48:07 [sj-client-check] WARN  c.a.s.c.c.r.c.g.SnailJobGrpcClient - gRPC channel state=TRANSIENT_FAILURE, try reconnect...
2026-01-04 11:48:08 [snail-job-grpc-client-executor-127.0.0.1-1022] ERROR c.a.s.c.c.handler.ClientRegister - heartbeat check requestId:[1022] message:[UNAVAILABLE: io exception]
2026-01-04 11:48:17 [sj-client-check] WARN  c.a.s.c.c.r.c.g.SnailJobGrpcClient - gRPC channel state=TRANSIENT_FAILURE, try reconnect...
2026-01-04 11:48:18 [snail-job-grpc-client-executor-127.0.0.1-1023] ERROR c.a.s.c.c.handler.ClientRegister - heartbeat check requestId:[1023] message:[UNAVAILABLE: io exception]
2026-01-04 11:48:27 [sj-client-check] WARN  c.a.s.c.c.r.c.g.SnailJobGrpcClient - gRPC channel state=TRANSIENT_FAILURE, try reconnect...
2026-01-04 11:48:28 [snail-job-grpc-client-executor-127.0.0.1-1025] ERROR c.a.s.c.c.handler.ClientRegister - heartbeat check requestId:[1025] message:[UNAVAILABLE: io exception]
2026-01-04 11:48:37 [sj-client-check] WARN  c.a.s.c.c.r.c.g.SnailJobGrpcClient - gRPC channel state=TRANSIENT_FAILURE, try reconnect...
2026-01-04 11:48:38 [snail-job-grpc-client-executor-127.0.0.1-1026] ERROR c.a.s.c.c.handler.ClientRegister - heartbeat check requestId:[1026] message:[UNAVAILABLE: io exception]
2026-01-04 11:48:47 [sj-client-check] WARN  c.a.s.c.c.r.c.g.SnailJobGrpcClient - gRPC channel state=TRANSIENT_FAILURE, try reconnect...
2026-01-04 11:48:48 [snail-job-grpc-client-executor-127.0.0.1-1027] ERROR c.a.s.c.c.handler.ClientRegister - heartbeat check requestId:[1027] message:[UNAVAILABLE: io exception]
2026-01-04 11:48:57 [sj-client-check] WARN  c.a.s.c.c.r.c.g.SnailJobGrpcClient - gRPC channel state=TRANSIENT_FAILURE, try reconnect...
2026-01-04 11:48:58 [snail-job-grpc-client-executor-127.0.0.1-1028] ERROR c.a.s.c.c.handler.ClientRegister - heartbeat check requestId:[1028] message:[UNAVAILABLE: io exception]
2026-01-04 11:49:07 [sj-client-check] WARN  c.a.s.c.c.r.c.g.SnailJobGrpcClient - gRPC channel state=TRANSIENT_FAILURE, try reconnect...
2026-01-04 11:49:08 [snail-job-grpc-client-executor-127.0.0.1-1029] ERROR c.a.s.c.c.handler.ClientRegister - heartbeat check requestId:[1029] message:[UNAVAILABLE: io exception]
2026-01-04 11:49:17 [sj-client-check] WARN  c.a.s.c.c.r.c.g.SnailJobGrpcClient - gRPC channel state=TRANSIENT_FAILURE, try reconnect...
2026-01-04 11:49:18 [snail-job-grpc-client-executor-127.0.0.1-1030] ERROR c.a.s.c.c.handler.ClientRegister - heartbeat check requestId:[1030] message:[UNAVAILABLE: io exception]
2026-01-04 11:49:27 [sj-client-check] WARN  c.a.s.c.c.r.c.g.SnailJobGrpcClient - gRPC channel state=TRANSIENT_FAILURE, try reconnect...
2026-01-04 11:49:28 [snail-job-grpc-client-executor-127.0.0.1-1032] ERROR c.a.s.c.c.handler.ClientRegister - heartbeat check requestId:[1032] message:[UNAVAILABLE: io exception]
2026-01-04 11:49:37 [sj-client-check] WARN  c.a.s.c.c.r.c.g.SnailJobGrpcClient - gRPC channel state=TRANSIENT_FAILURE, try reconnect...
2026-01-04 11:49:38 [snail-job-grpc-client-executor-127.0.0.1-1033] ERROR c.a.s.c.c.handler.ClientRegister - heartbeat check requestId:[1033] message:[UNAVAILABLE: io exception]
2026-01-04 11:49:47 [sj-client-check] WARN  c.a.s.c.c.r.c.g.SnailJobGrpcClient - gRPC channel state=TRANSIENT_FAILURE, try reconnect...
2026-01-04 11:49:48 [snail-job-grpc-client-executor-127.0.0.1-1034] ERROR c.a.s.c.c.handler.ClientRegister - heartbeat check requestId:[1034] message:[UNAVAILABLE: io exception]
2026-01-04 11:49:57 [sj-client-check] WARN  c.a.s.c.c.r.c.g.SnailJobGrpcClient - gRPC channel state=TRANSIENT_FAILURE, try reconnect...
2026-01-04 11:49:58 [snail-job-grpc-client-executor-127.0.0.1-1035] ERROR c.a.s.c.c.handler.ClientRegister - heartbeat check requestId:[1035] message:[UNAVAILABLE: io exception]
2026-01-04 11:50:07 [sj-client-check] WARN  c.a.s.c.c.r.c.g.SnailJobGrpcClient - gRPC channel state=TRANSIENT_FAILURE, try reconnect...
2026-01-04 11:50:08 [snail-job-grpc-client-executor-127.0.0.1-1036] ERROR c.a.s.c.c.handler.ClientRegister - heartbeat check requestId:[1036] message:[UNAVAILABLE: io exception]
2026-01-04 11:50:17 [sj-client-check] WARN  c.a.s.c.c.r.c.g.SnailJobGrpcClient - gRPC channel state=TRANSIENT_FAILURE, try reconnect...
2026-01-04 11:50:18 [snail-job-grpc-client-executor-127.0.0.1-1038] ERROR c.a.s.c.c.handler.ClientRegister - heartbeat check requestId:[1037] message:[UNAVAILABLE: io exception]
2026-01-04 11:50:27 [sj-client-check] WARN  c.a.s.c.c.r.c.g.SnailJobGrpcClient - gRPC channel state=TRANSIENT_FAILURE, try reconnect...
2026-01-04 11:50:28 [snail-job-grpc-client-executor-127.0.0.1-1039] ERROR c.a.s.c.c.handler.ClientRegister - heartbeat check requestId:[1039] message:[UNAVAILABLE: io exception]
2026-01-04 11:50:37 [sj-client-check] WARN  c.a.s.c.c.r.c.g.SnailJobGrpcClient - gRPC channel state=TRANSIENT_FAILURE, try reconnect...
2026-01-04 11:50:38 [snail-job-grpc-client-executor-127.0.0.1-1040] ERROR c.a.s.c.c.handler.ClientRegister - heartbeat check requestId:[1040] message:[UNAVAILABLE: io exception]
2026-01-04 11:50:47 [sj-client-check] WARN  c.a.s.c.c.r.c.g.SnailJobGrpcClient - gRPC channel state=TRANSIENT_FAILURE, try reconnect...
2026-01-04 11:50:48 [snail-job-grpc-client-executor-127.0.0.1-1041] ERROR c.a.s.c.c.handler.ClientRegister - heartbeat check requestId:[1041] message:[UNAVAILABLE: io exception]
2026-01-04 11:50:57 [sj-client-check] WARN  c.a.s.c.c.r.c.g.SnailJobGrpcClient - gRPC channel state=TRANSIENT_FAILURE, try reconnect...
2026-01-04 11:50:58 [snail-job-grpc-client-executor-127.0.0.1-1042] ERROR c.a.s.c.c.handler.ClientRegister - heartbeat check requestId:[1042] message:[UNAVAILABLE: io exception]
2026-01-04 11:51:07 [sj-client-check] WARN  c.a.s.c.c.r.c.g.SnailJobGrpcClient - gRPC channel state=TRANSIENT_FAILURE, try reconnect...
2026-01-04 11:51:08 [snail-job-grpc-client-executor-127.0.0.1-1043] ERROR c.a.s.c.c.handler.ClientRegister - heartbeat check requestId:[1043] message:[UNAVAILABLE: io exception]
2026-01-04 11:51:17 [sj-client-check] WARN  c.a.s.c.c.r.c.g.SnailJobGrpcClient - gRPC channel state=TRANSIENT_FAILURE, try reconnect...
2026-01-04 11:51:18 [snail-job-grpc-client-executor-127.0.0.1-1044] ERROR c.a.s.c.c.handler.ClientRegister - heartbeat check requestId:[1044] message:[UNAVAILABLE: io exception]
2026-01-04 11:51:27 [sj-client-check] WARN  c.a.s.c.c.r.c.g.SnailJobGrpcClient - gRPC channel state=TRANSIENT_FAILURE, try reconnect...
2026-01-04 11:51:28 [snail-job-grpc-client-executor-127.0.0.1-1046] ERROR c.a.s.c.c.handler.ClientRegister - heartbeat check requestId:[1046] message:[UNAVAILABLE: io exception]
2026-01-04 11:51:37 [sj-client-check] WARN  c.a.s.c.c.r.c.g.SnailJobGrpcClient - gRPC channel state=TRANSIENT_FAILURE, try reconnect...
2026-01-04 11:51:38 [snail-job-grpc-client-executor-127.0.0.1-1047] ERROR c.a.s.c.c.handler.ClientRegister - heartbeat check requestId:[1047] message:[UNAVAILABLE: io exception]
2026-01-04 11:51:47 [sj-client-check] WARN  c.a.s.c.c.r.c.g.SnailJobGrpcClient - gRPC channel state=TRANSIENT_FAILURE, try reconnect...
2026-01-04 11:51:48 [snail-job-grpc-client-executor-127.0.0.1-1048] ERROR c.a.s.c.c.handler.ClientRegister - heartbeat check requestId:[1048] message:[UNAVAILABLE: io exception]
2026-01-04 11:51:57 [sj-client-check] WARN  c.a.s.c.c.r.c.g.SnailJobGrpcClient - gRPC channel state=TRANSIENT_FAILURE, try reconnect...
2026-01-04 11:51:58 [snail-job-grpc-client-executor-127.0.0.1-1049] ERROR c.a.s.c.c.handler.ClientRegister - heartbeat check requestId:[1049] message:[UNAVAILABLE: io exception]
2026-01-04 11:52:07 [sj-client-check] WARN  c.a.s.c.c.r.c.g.SnailJobGrpcClient - gRPC channel state=TRANSIENT_FAILURE, try reconnect...
2026-01-04 11:52:08 [snail-job-grpc-client-executor-127.0.0.1-1050] ERROR c.a.s.c.c.handler.ClientRegister - heartbeat check requestId:[1050] message:[UNAVAILABLE: io exception]
2026-01-04 11:52:17 [sj-client-check] WARN  c.a.s.c.c.r.c.g.SnailJobGrpcClient - gRPC channel state=TRANSIENT_FAILURE, try reconnect...
2026-01-04 11:52:18 [snail-job-grpc-client-executor-127.0.0.1-1052] ERROR c.a.s.c.c.handler.ClientRegister - heartbeat check requestId:[1052] message:[UNAVAILABLE: io exception]
2026-01-04 11:52:27 [sj-client-check] WARN  c.a.s.c.c.r.c.g.SnailJobGrpcClient - gRPC channel state=TRANSIENT_FAILURE, try reconnect...
2026-01-04 11:52:28 [snail-job-grpc-client-executor-127.0.0.1-1053] ERROR c.a.s.c.c.handler.ClientRegister - heartbeat check requestId:[1053] message:[UNAVAILABLE: io exception]
2026-01-04 11:52:37 [sj-client-check] WARN  c.a.s.c.c.r.c.g.SnailJobGrpcClient - gRPC channel state=TRANSIENT_FAILURE, try reconnect...
2026-01-04 11:52:38 [snail-job-grpc-client-executor-127.0.0.1-1054] ERROR c.a.s.c.c.handler.ClientRegister - heartbeat check requestId:[1054] message:[UNAVAILABLE: io exception]
2026-01-04 11:52:47 [sj-client-check] WARN  c.a.s.c.c.r.c.g.SnailJobGrpcClient - gRPC channel state=TRANSIENT_FAILURE, try reconnect...
2026-01-04 11:52:48 [snail-job-grpc-client-executor-127.0.0.1-1055] ERROR c.a.s.c.c.handler.ClientRegister - heartbeat check requestId:[1055] message:[UNAVAILABLE: io exception]
2026-01-04 11:52:57 [sj-client-check] WARN  c.a.s.c.c.r.c.g.SnailJobGrpcClient - gRPC channel state=TRANSIENT_FAILURE, try reconnect...
2026-01-04 11:52:58 [snail-job-grpc-client-executor-127.0.0.1-1056] ERROR c.a.s.c.c.handler.ClientRegister - heartbeat check requestId:[1056] message:[UNAVAILABLE: io exception]
2026-01-04 11:53:07 [sj-client-check] WARN  c.a.s.c.c.r.c.g.SnailJobGrpcClient - gRPC channel state=TRANSIENT_FAILURE, try reconnect...
2026-01-04 11:53:08 [snail-job-grpc-client-executor-127.0.0.1-1057] ERROR c.a.s.c.c.handler.ClientRegister - heartbeat check requestId:[1057] message:[UNAVAILABLE: io exception]
2026-01-04 11:53:17 [sj-client-check] WARN  c.a.s.c.c.r.c.g.SnailJobGrpcClient - gRPC channel state=TRANSIENT_FAILURE, try reconnect...
2026-01-04 11:53:18 [snail-job-grpc-client-executor-127.0.0.1-1059] ERROR c.a.s.c.c.handler.ClientRegister - heartbeat check requestId:[1058] message:[UNAVAILABLE: io exception]
2026-01-04 11:53:27 [sj-client-check] WARN  c.a.s.c.c.r.c.g.SnailJobGrpcClient - gRPC channel state=TRANSIENT_FAILURE, try reconnect...
2026-01-04 11:53:28 [snail-job-grpc-client-executor-127.0.0.1-1060] ERROR c.a.s.c.c.handler.ClientRegister - heartbeat check requestId:[1060] message:[UNAVAILABLE: io exception]
2026-01-04 11:53:37 [sj-client-check] WARN  c.a.s.c.c.r.c.g.SnailJobGrpcClient - gRPC channel state=TRANSIENT_FAILURE, try reconnect...
2026-01-04 11:53:38 [snail-job-grpc-client-executor-127.0.0.1-1061] ERROR c.a.s.c.c.handler.ClientRegister - heartbeat check requestId:[1061] message:[UNAVAILABLE: io exception]
2026-01-04 11:53:47 [sj-client-check] WARN  c.a.s.c.c.r.c.g.SnailJobGrpcClient - gRPC channel state=TRANSIENT_FAILURE, try reconnect...
2026-01-04 11:53:48 [snail-job-grpc-client-executor-127.0.0.1-1062] ERROR c.a.s.c.c.handler.ClientRegister - heartbeat check requestId:[1062] message:[UNAVAILABLE: io exception]
2026-01-04 11:53:57 [sj-client-check] WARN  c.a.s.c.c.r.c.g.SnailJobGrpcClient - gRPC channel state=TRANSIENT_FAILURE, try reconnect...
2026-01-04 11:53:58 [snail-job-grpc-client-executor-127.0.0.1-1063] ERROR c.a.s.c.c.handler.ClientRegister - heartbeat check requestId:[1063] message:[UNAVAILABLE: io exception]
2026-01-04 11:54:07 [sj-client-check] WARN  c.a.s.c.c.r.c.g.SnailJobGrpcClient - gRPC channel state=TRANSIENT_FAILURE, try reconnect...
2026-01-04 11:54:08 [snail-job-grpc-client-executor-127.0.0.1-1064] ERROR c.a.s.c.c.handler.ClientRegister - heartbeat check requestId:[1064] message:[UNAVAILABLE: io exception]
2026-01-04 11:54:17 [sj-client-check] WARN  c.a.s.c.c.r.c.g.SnailJobGrpcClient - gRPC channel state=TRANSIENT_FAILURE, try reconnect...
2026-01-04 11:54:18 [snail-job-grpc-client-executor-127.0.0.1-1065] ERROR c.a.s.c.c.handler.ClientRegister - heartbeat check requestId:[1065] message:[UNAVAILABLE: io exception]
2026-01-04 11:54:27 [sj-client-check] WARN  c.a.s.c.c.r.c.g.SnailJobGrpcClient - gRPC channel state=TRANSIENT_FAILURE, try reconnect...
2026-01-04 11:54:28 [snail-job-grpc-client-executor-127.0.0.1-1067] ERROR c.a.s.c.c.handler.ClientRegister - heartbeat check requestId:[1067] message:[UNAVAILABLE: io exception]
2026-01-04 11:54:37 [sj-client-check] WARN  c.a.s.c.c.r.c.g.SnailJobGrpcClient - gRPC channel state=TRANSIENT_FAILURE, try reconnect...
2026-01-04 11:54:38 [snail-job-grpc-client-executor-127.0.0.1-1068] ERROR c.a.s.c.c.handler.ClientRegister - heartbeat check requestId:[1068] message:[UNAVAILABLE: io exception]
2026-01-04 11:54:47 [sj-client-check] WARN  c.a.s.c.c.r.c.g.SnailJobGrpcClient - gRPC channel state=TRANSIENT_FAILURE, try reconnect...
2026-01-04 11:54:48 [snail-job-grpc-client-executor-127.0.0.1-1069] ERROR c.a.s.c.c.handler.ClientRegister - heartbeat check requestId:[1069] message:[UNAVAILABLE: io exception]
2026-01-04 11:54:57 [sj-client-check] WARN  c.a.s.c.c.r.c.g.SnailJobGrpcClient - gRPC channel state=TRANSIENT_FAILURE, try reconnect...
2026-01-04 11:54:58 [snail-job-grpc-client-executor-127.0.0.1-1070] ERROR c.a.s.c.c.handler.ClientRegister - heartbeat check requestId:[1070] message:[UNAVAILABLE: io exception]
2026-01-04 11:55:07 [sj-client-check] WARN  c.a.s.c.c.r.c.g.SnailJobGrpcClient - gRPC channel state=TRANSIENT_FAILURE, try reconnect...
2026-01-04 11:55:08 [snail-job-grpc-client-executor-127.0.0.1-1071] ERROR c.a.s.c.c.handler.ClientRegister - heartbeat check requestId:[1071] message:[UNAVAILABLE: io exception]
2026-01-04 11:55:17 [sj-client-check] WARN  c.a.s.c.c.r.c.g.SnailJobGrpcClient - gRPC channel state=TRANSIENT_FAILURE, try reconnect...
2026-01-04 11:55:18 [snail-job-grpc-client-executor-127.0.0.1-1072] ERROR c.a.s.c.c.handler.ClientRegister - heartbeat check requestId:[1073] message:[UNAVAILABLE: io exception]
2026-01-04 11:55:27 [sj-client-check] WARN  c.a.s.c.c.r.c.g.SnailJobGrpcClient - gRPC channel state=TRANSIENT_FAILURE, try reconnect...
2026-01-04 11:55:28 [snail-job-grpc-client-executor-127.0.0.1-1074] ERROR c.a.s.c.c.handler.ClientRegister - heartbeat check requestId:[1074] message:[UNAVAILABLE: io exception]
2026-01-04 11:55:37 [sj-client-check] WARN  c.a.s.c.c.r.c.g.SnailJobGrpcClient - gRPC channel state=TRANSIENT_FAILURE, try reconnect...
2026-01-04 11:55:38 [snail-job-grpc-client-executor-127.0.0.1-1075] ERROR c.a.s.c.c.handler.ClientRegister - heartbeat check requestId:[1075] message:[UNAVAILABLE: io exception]
2026-01-04 11:55:47 [sj-client-check] WARN  c.a.s.c.c.r.c.g.SnailJobGrpcClient - gRPC channel state=TRANSIENT_FAILURE, try reconnect...
2026-01-04 11:55:48 [snail-job-grpc-client-executor-127.0.0.1-1076] ERROR c.a.s.c.c.handler.ClientRegister - heartbeat check requestId:[1076] message:[UNAVAILABLE: io exception]
2026-01-04 11:55:57 [sj-client-check] WARN  c.a.s.c.c.r.c.g.SnailJobGrpcClient - gRPC channel state=TRANSIENT_FAILURE, try reconnect...
2026-01-04 11:55:58 [snail-job-grpc-client-executor-127.0.0.1-1077] ERROR c.a.s.c.c.handler.ClientRegister - heartbeat check requestId:[1077] message:[UNAVAILABLE: io exception]
2026-01-04 11:56:07 [sj-client-check] WARN  c.a.s.c.c.r.c.g.SnailJobGrpcClient - gRPC channel state=TRANSIENT_FAILURE, try reconnect...
2026-01-04 11:56:08 [snail-job-grpc-client-executor-127.0.0.1-1078] ERROR c.a.s.c.c.handler.ClientRegister - heartbeat check requestId:[1078] message:[UNAVAILABLE: io exception]
2026-01-04 11:56:17 [sj-client-check] WARN  c.a.s.c.c.r.c.g.SnailJobGrpcClient - gRPC channel state=TRANSIENT_FAILURE, try reconnect...
2026-01-04 11:56:18 [snail-job-grpc-client-executor-127.0.0.1-1080] ERROR c.a.s.c.c.handler.ClientRegister - heartbeat check requestId:[1080] message:[UNAVAILABLE: io exception]
2026-01-04 11:56:27 [sj-client-check] WARN  c.a.s.c.c.r.c.g.SnailJobGrpcClient - gRPC channel state=TRANSIENT_FAILURE, try reconnect...
2026-01-04 11:56:28 [snail-job-grpc-client-executor-127.0.0.1-1081] ERROR c.a.s.c.c.handler.ClientRegister - heartbeat check requestId:[1081] message:[UNAVAILABLE: io exception]
2026-01-04 11:56:37 [sj-client-check] WARN  c.a.s.c.c.r.c.g.SnailJobGrpcClient - gRPC channel state=TRANSIENT_FAILURE, try reconnect...
2026-01-04 11:56:38 [snail-job-grpc-client-executor-127.0.0.1-1082] ERROR c.a.s.c.c.handler.ClientRegister - heartbeat check requestId:[1082] message:[UNAVAILABLE: io exception]
2026-01-04 11:56:47 [sj-client-check] WARN  c.a.s.c.c.r.c.g.SnailJobGrpcClient - gRPC channel state=TRANSIENT_FAILURE, try reconnect...
2026-01-04 11:56:48 [snail-job-grpc-client-executor-127.0.0.1-1083] ERROR c.a.s.c.c.handler.ClientRegister - heartbeat check requestId:[1083] message:[UNAVAILABLE: io exception]
2026-01-04 11:56:57 [sj-client-check] WARN  c.a.s.c.c.r.c.g.SnailJobGrpcClient - gRPC channel state=TRANSIENT_FAILURE, try reconnect...
2026-01-04 11:56:58 [snail-job-grpc-client-executor-127.0.0.1-1084] ERROR c.a.s.c.c.handler.ClientRegister - heartbeat check requestId:[1084] message:[UNAVAILABLE: io exception]
2026-01-04 11:57:07 [sj-client-check] WARN  c.a.s.c.c.r.c.g.SnailJobGrpcClient - gRPC channel state=TRANSIENT_FAILURE, try reconnect...
2026-01-04 11:57:08 [snail-job-grpc-client-executor-127.0.0.1-1085] ERROR c.a.s.c.c.handler.ClientRegister - heartbeat check requestId:[1085] message:[UNAVAILABLE: io exception]
2026-01-04 11:57:17 [sj-client-check] WARN  c.a.s.c.c.r.c.g.SnailJobGrpcClient - gRPC channel state=TRANSIENT_FAILURE, try reconnect...
2026-01-04 11:57:18 [snail-job-grpc-client-executor-127.0.0.1-1087] ERROR c.a.s.c.c.handler.ClientRegister - heartbeat check requestId:[1087] message:[UNAVAILABLE: io exception]
2026-01-04 11:57:27 [sj-client-check] WARN  c.a.s.c.c.r.c.g.SnailJobGrpcClient - gRPC channel state=TRANSIENT_FAILURE, try reconnect...
2026-01-04 11:57:28 [snail-job-grpc-client-executor-127.0.0.1-1088] ERROR c.a.s.c.c.handler.ClientRegister - heartbeat check requestId:[1088] message:[UNAVAILABLE: io exception]
2026-01-04 11:57:37 [sj-client-check] WARN  c.a.s.c.c.r.c.g.SnailJobGrpcClient - gRPC channel state=TRANSIENT_FAILURE, try reconnect...
2026-01-04 11:57:38 [snail-job-grpc-client-executor-127.0.0.1-1089] ERROR c.a.s.c.c.handler.ClientRegister - heartbeat check requestId:[1089] message:[UNAVAILABLE: io exception]
2026-01-04 11:57:47 [sj-client-check] WARN  c.a.s.c.c.r.c.g.SnailJobGrpcClient - gRPC channel state=TRANSIENT_FAILURE, try reconnect...
2026-01-04 11:57:48 [snail-job-grpc-client-executor-127.0.0.1-1090] ERROR c.a.s.c.c.handler.ClientRegister - heartbeat check requestId:[1090] message:[UNAVAILABLE: io exception]
2026-01-04 11:57:57 [sj-client-check] WARN  c.a.s.c.c.r.c.g.SnailJobGrpcClient - gRPC channel state=TRANSIENT_FAILURE, try reconnect...
2026-01-04 11:57:58 [snail-job-grpc-client-executor-127.0.0.1-1091] ERROR c.a.s.c.c.handler.ClientRegister - heartbeat check requestId:[1091] message:[UNAVAILABLE: io exception]
2026-01-04 11:58:07 [sj-client-check] WARN  c.a.s.c.c.r.c.g.SnailJobGrpcClient - gRPC channel state=TRANSIENT_FAILURE, try reconnect...
2026-01-04 11:58:08 [snail-job-grpc-client-executor-127.0.0.1-1092] ERROR c.a.s.c.c.handler.ClientRegister - heartbeat check requestId:[1092] message:[UNAVAILABLE: io exception]
2026-01-04 11:58:17 [sj-client-check] WARN  c.a.s.c.c.r.c.g.SnailJobGrpcClient - gRPC channel state=TRANSIENT_FAILURE, try reconnect...
2026-01-04 11:58:18 [snail-job-grpc-client-executor-127.0.0.1-1093] ERROR c.a.s.c.c.handler.ClientRegister - heartbeat check requestId:[1094] message:[UNAVAILABLE: io exception]
2026-01-04 11:58:27 [sj-client-check] WARN  c.a.s.c.c.r.c.g.SnailJobGrpcClient - gRPC channel state=TRANSIENT_FAILURE, try reconnect...
2026-01-04 11:58:28 [snail-job-grpc-client-executor-127.0.0.1-1095] ERROR c.a.s.c.c.handler.ClientRegister - heartbeat check requestId:[1095] message:[UNAVAILABLE: io exception]
2026-01-04 11:58:37 [sj-client-check] WARN  c.a.s.c.c.r.c.g.SnailJobGrpcClient - gRPC channel state=TRANSIENT_FAILURE, try reconnect...
2026-01-04 11:58:38 [snail-job-grpc-client-executor-127.0.0.1-1096] ERROR c.a.s.c.c.handler.ClientRegister - heartbeat check requestId:[1096] message:[UNAVAILABLE: io exception]
2026-01-04 11:58:47 [sj-client-check] WARN  c.a.s.c.c.r.c.g.SnailJobGrpcClient - gRPC channel state=TRANSIENT_FAILURE, try reconnect...
2026-01-04 11:58:48 [snail-job-grpc-client-executor-127.0.0.1-1097] ERROR c.a.s.c.c.handler.ClientRegister - heartbeat check requestId:[1097] message:[UNAVAILABLE: io exception]
2026-01-04 11:58:57 [sj-client-check] WARN  c.a.s.c.c.r.c.g.SnailJobGrpcClient - gRPC channel state=TRANSIENT_FAILURE, try reconnect...
2026-01-04 11:58:58 [snail-job-grpc-client-executor-127.0.0.1-1098] ERROR c.a.s.c.c.handler.ClientRegister - heartbeat check requestId:[1098] message:[UNAVAILABLE: io exception]
2026-01-04 11:59:07 [sj-client-check] WARN  c.a.s.c.c.r.c.g.SnailJobGrpcClient - gRPC channel state=TRANSIENT_FAILURE, try reconnect...
2026-01-04 11:59:08 [snail-job-grpc-client-executor-127.0.0.1-1099] ERROR c.a.s.c.c.handler.ClientRegister - heartbeat check requestId:[1099] message:[UNAVAILABLE: io exception]
2026-01-04 11:59:17 [sj-client-check] WARN  c.a.s.c.c.r.c.g.SnailJobGrpcClient - gRPC channel state=TRANSIENT_FAILURE, try reconnect...
2026-01-04 11:59:18 [snail-job-grpc-client-executor-127.0.0.1-1101] ERROR c.a.s.c.c.handler.ClientRegister - heartbeat check requestId:[1101] message:[UNAVAILABLE: io exception]
2026-01-04 11:59:27 [sj-client-check] WARN  c.a.s.c.c.r.c.g.SnailJobGrpcClient - gRPC channel state=TRANSIENT_FAILURE, try reconnect...
2026-01-04 11:59:28 [snail-job-grpc-client-executor-127.0.0.1-1102] ERROR c.a.s.c.c.handler.ClientRegister - heartbeat check requestId:[1102] message:[UNAVAILABLE: io exception]
2026-01-04 11:59:37 [sj-client-check] WARN  c.a.s.c.c.r.c.g.SnailJobGrpcClient - gRPC channel state=TRANSIENT_FAILURE, try reconnect...
2026-01-04 11:59:38 [snail-job-grpc-client-executor-127.0.0.1-1103] ERROR c.a.s.c.c.handler.ClientRegister - heartbeat check requestId:[1103] message:[UNAVAILABLE: io exception]
2026-01-04 11:59:47 [sj-client-check] WARN  c.a.s.c.c.r.c.g.SnailJobGrpcClient - gRPC channel state=TRANSIENT_FAILURE, try reconnect...
2026-01-04 11:59:48 [snail-job-grpc-client-executor-127.0.0.1-1104] ERROR c.a.s.c.c.handler.ClientRegister - heartbeat check requestId:[1104] message:[UNAVAILABLE: io exception]
2026-01-04 11:59:57 [sj-client-check] WARN  c.a.s.c.c.r.c.g.SnailJobGrpcClient - gRPC channel state=TRANSIENT_FAILURE, try reconnect...
2026-01-04 11:59:58 [snail-job-grpc-client-executor-127.0.0.1-1105] ERROR c.a.s.c.c.handler.ClientRegister - heartbeat check requestId:[1105] message:[UNAVAILABLE: io exception]
2026-01-04 12:00:07 [sj-client-check] WARN  c.a.s.c.c.r.c.g.SnailJobGrpcClient - gRPC channel state=TRANSIENT_FAILURE, try reconnect...
2026-01-04 12:00:08 [snail-job-grpc-client-executor-127.0.0.1-1106] ERROR c.a.s.c.c.handler.ClientRegister - heartbeat check requestId:[1106] message:[UNAVAILABLE: io exception]
2026-01-04 12:00:17 [sj-client-check] WARN  c.a.s.c.c.r.c.g.SnailJobGrpcClient - gRPC channel state=TRANSIENT_FAILURE, try reconnect...
2026-01-04 12:00:18 [snail-job-grpc-client-executor-127.0.0.1-1108] ERROR c.a.s.c.c.handler.ClientRegister - heartbeat check requestId:[1107] message:[UNAVAILABLE: io exception]
2026-01-04 12:00:27 [sj-client-check] WARN  c.a.s.c.c.r.c.g.SnailJobGrpcClient - gRPC channel state=TRANSIENT_FAILURE, try reconnect...
2026-01-04 12:00:28 [snail-job-grpc-client-executor-127.0.0.1-1109] ERROR c.a.s.c.c.handler.ClientRegister - heartbeat check requestId:[1109] message:[UNAVAILABLE: io exception]
2026-01-04 12:00:37 [sj-client-check] WARN  c.a.s.c.c.r.c.g.SnailJobGrpcClient - gRPC channel state=TRANSIENT_FAILURE, try reconnect...
2026-01-04 12:00:38 [snail-job-grpc-client-executor-127.0.0.1-1110] ERROR c.a.s.c.c.handler.ClientRegister - heartbeat check requestId:[1110] message:[UNAVAILABLE: io exception]
2026-01-04 12:00:47 [sj-client-check] WARN  c.a.s.c.c.r.c.g.SnailJobGrpcClient - gRPC channel state=TRANSIENT_FAILURE, try reconnect...
2026-01-04 12:00:48 [snail-job-grpc-client-executor-127.0.0.1-1111] ERROR c.a.s.c.c.handler.ClientRegister - heartbeat check requestId:[1111] message:[UNAVAILABLE: io exception]
2026-01-04 12:00:57 [sj-client-check] WARN  c.a.s.c.c.r.c.g.SnailJobGrpcClient - gRPC channel state=TRANSIENT_FAILURE, try reconnect...
2026-01-04 12:00:58 [snail-job-grpc-client-executor-127.0.0.1-1112] ERROR c.a.s.c.c.handler.ClientRegister - heartbeat check requestId:[1112] message:[UNAVAILABLE: io exception]
2026-01-04 12:01:07 [sj-client-check] WARN  c.a.s.c.c.r.c.g.SnailJobGrpcClient - gRPC channel state=TRANSIENT_FAILURE, try reconnect...
2026-01-04 12:01:08 [snail-job-grpc-client-executor-127.0.0.1-1113] ERROR c.a.s.c.c.handler.ClientRegister - heartbeat check requestId:[1113] message:[UNAVAILABLE: io exception]
2026-01-04 12:01:17 [sj-client-check] WARN  c.a.s.c.c.r.c.g.SnailJobGrpcClient - gRPC channel state=TRANSIENT_FAILURE, try reconnect...
2026-01-04 12:01:18 [snail-job-grpc-client-executor-127.0.0.1-1115] ERROR c.a.s.c.c.handler.ClientRegister - heartbeat check requestId:[1115] message:[UNAVAILABLE: io exception]
2026-01-04 12:01:27 [sj-client-check] WARN  c.a.s.c.c.r.c.g.SnailJobGrpcClient - gRPC channel state=TRANSIENT_FAILURE, try reconnect...
2026-01-04 12:01:28 [snail-job-grpc-client-executor-127.0.0.1-1116] ERROR c.a.s.c.c.handler.ClientRegister - heartbeat check requestId:[1116] message:[UNAVAILABLE: io exception]
2026-01-04 12:01:37 [sj-client-check] WARN  c.a.s.c.c.r.c.g.SnailJobGrpcClient - gRPC channel state=TRANSIENT_FAILURE, try reconnect...
2026-01-04 12:01:38 [snail-job-grpc-client-executor-127.0.0.1-1117] ERROR c.a.s.c.c.handler.ClientRegister - heartbeat check requestId:[1117] message:[UNAVAILABLE: io exception]
2026-01-04 12:01:47 [sj-client-check] WARN  c.a.s.c.c.r.c.g.SnailJobGrpcClient - gRPC channel state=TRANSIENT_FAILURE, try reconnect...
2026-01-04 12:01:48 [snail-job-grpc-client-executor-127.0.0.1-1118] ERROR c.a.s.c.c.handler.ClientRegister - heartbeat check requestId:[1118] message:[UNAVAILABLE: io exception]
2026-01-04 12:01:57 [sj-client-check] WARN  c.a.s.c.c.r.c.g.SnailJobGrpcClient - gRPC channel state=TRANSIENT_FAILURE, try reconnect...
2026-01-04 12:01:58 [snail-job-grpc-client-executor-127.0.0.1-1119] ERROR c.a.s.c.c.handler.ClientRegister - heartbeat check requestId:[1119] message:[UNAVAILABLE: io exception]
2026-01-04 12:02:07 [sj-client-check] WARN  c.a.s.c.c.r.c.g.SnailJobGrpcClient - gRPC channel state=TRANSIENT_FAILURE, try reconnect...
2026-01-04 12:02:08 [snail-job-grpc-client-executor-127.0.0.1-1120] ERROR c.a.s.c.c.handler.ClientRegister - heartbeat check requestId:[1120] message:[UNAVAILABLE: io exception]
2026-01-04 12:02:17 [sj-client-check] WARN  c.a.s.c.c.r.c.g.SnailJobGrpcClient - gRPC channel state=TRANSIENT_FAILURE, try reconnect...
2026-01-04 12:02:18 [snail-job-grpc-client-executor-127.0.0.1-1121] ERROR c.a.s.c.c.handler.ClientRegister - heartbeat check requestId:[1122] message:[UNAVAILABLE: io exception]
2026-01-04 12:02:27 [sj-client-check] WARN  c.a.s.c.c.r.c.g.SnailJobGrpcClient - gRPC channel state=TRANSIENT_FAILURE, try reconnect...
2026-01-04 12:02:28 [snail-job-grpc-client-executor-127.0.0.1-1123] ERROR c.a.s.c.c.handler.ClientRegister - heartbeat check requestId:[1123] message:[UNAVAILABLE: io exception]
2026-01-04 12:02:37 [sj-client-check] WARN  c.a.s.c.c.r.c.g.SnailJobGrpcClient - gRPC channel state=TRANSIENT_FAILURE, try reconnect...
2026-01-04 12:02:38 [snail-job-grpc-client-executor-127.0.0.1-1124] ERROR c.a.s.c.c.handler.ClientRegister - heartbeat check requestId:[1124] message:[UNAVAILABLE: io exception]
2026-01-04 12:02:47 [sj-client-check] WARN  c.a.s.c.c.r.c.g.SnailJobGrpcClient - gRPC channel state=TRANSIENT_FAILURE, try reconnect...
2026-01-04 12:02:48 [snail-job-grpc-client-executor-127.0.0.1-1125] ERROR c.a.s.c.c.handler.ClientRegister - heartbeat check requestId:[1125] message:[UNAVAILABLE: io exception]
2026-01-04 12:02:57 [sj-client-check] WARN  c.a.s.c.c.r.c.g.SnailJobGrpcClient - gRPC channel state=TRANSIENT_FAILURE, try reconnect...
2026-01-04 12:02:58 [snail-job-grpc-client-executor-127.0.0.1-1126] ERROR c.a.s.c.c.handler.ClientRegister - heartbeat check requestId:[1126] message:[UNAVAILABLE: io exception]
2026-01-04 12:03:07 [sj-client-check] WARN  c.a.s.c.c.r.c.g.SnailJobGrpcClient - gRPC channel state=TRANSIENT_FAILURE, try reconnect...
2026-01-04 12:03:08 [snail-job-grpc-client-executor-127.0.0.1-1127] ERROR c.a.s.c.c.handler.ClientRegister - heartbeat check requestId:[1127] message:[UNAVAILABLE: io exception]
2026-01-04 12:03:17 [sj-client-check] WARN  c.a.s.c.c.r.c.g.SnailJobGrpcClient - gRPC channel state=TRANSIENT_FAILURE, try reconnect...
2026-01-04 12:03:18 [snail-job-grpc-client-executor-127.0.0.1-1129] ERROR c.a.s.c.c.handler.ClientRegister - heartbeat check requestId:[1128] message:[UNAVAILABLE: io exception]
2026-01-04 12:03:27 [sj-client-check] WARN  c.a.s.c.c.r.c.g.SnailJobGrpcClient - gRPC channel state=TRANSIENT_FAILURE, try reconnect...
2026-01-04 12:03:28 [snail-job-grpc-client-executor-127.0.0.1-1130] ERROR c.a.s.c.c.handler.ClientRegister - heartbeat check requestId:[1130] message:[UNAVAILABLE: io exception]
2026-01-04 12:03:37 [sj-client-check] WARN  c.a.s.c.c.r.c.g.SnailJobGrpcClient - gRPC channel state=TRANSIENT_FAILURE, try reconnect...
2026-01-04 12:03:38 [snail-job-grpc-client-executor-127.0.0.1-1131] ERROR c.a.s.c.c.handler.ClientRegister - heartbeat check requestId:[1131] message:[UNAVAILABLE: io exception]
2026-01-04 12:03:47 [sj-client-check] WARN  c.a.s.c.c.r.c.g.SnailJobGrpcClient - gRPC channel state=TRANSIENT_FAILURE, try reconnect...
2026-01-04 12:03:48 [snail-job-grpc-client-executor-127.0.0.1-1132] ERROR c.a.s.c.c.handler.ClientRegister - heartbeat check requestId:[1132] message:[UNAVAILABLE: io exception]
2026-01-04 12:03:57 [sj-client-check] WARN  c.a.s.c.c.r.c.g.SnailJobGrpcClient - gRPC channel state=TRANSIENT_FAILURE, try reconnect...
2026-01-04 12:03:58 [snail-job-grpc-client-executor-127.0.0.1-1133] ERROR c.a.s.c.c.handler.ClientRegister - heartbeat check requestId:[1133] message:[UNAVAILABLE: io exception]
2026-01-04 12:04:07 [sj-client-check] WARN  c.a.s.c.c.r.c.g.SnailJobGrpcClient - gRPC channel state=TRANSIENT_FAILURE, try reconnect...
2026-01-04 12:04:08 [snail-job-grpc-client-executor-127.0.0.1-1134] ERROR c.a.s.c.c.handler.ClientRegister - heartbeat check requestId:[1134] message:[UNAVAILABLE: io exception]
2026-01-04 12:04:17 [sj-client-check] WARN  c.a.s.c.c.r.c.g.SnailJobGrpcClient - gRPC channel state=TRANSIENT_FAILURE, try reconnect...
2026-01-04 12:04:18 [snail-job-grpc-client-executor-127.0.0.1-1135] ERROR c.a.s.c.c.handler.ClientRegister - heartbeat check requestId:[1135] message:[UNAVAILABLE: io exception]
2026-01-04 12:04:27 [sj-client-check] WARN  c.a.s.c.c.r.c.g.SnailJobGrpcClient - gRPC channel state=TRANSIENT_FAILURE, try reconnect...
2026-01-04 12:04:28 [snail-job-grpc-client-executor-127.0.0.1-1137] ERROR c.a.s.c.c.handler.ClientRegister - heartbeat check requestId:[1137] message:[UNAVAILABLE: io exception]
2026-01-04 12:04:37 [sj-client-check] WARN  c.a.s.c.c.r.c.g.SnailJobGrpcClient - gRPC channel state=TRANSIENT_FAILURE, try reconnect...
2026-01-04 12:04:38 [snail-job-grpc-client-executor-127.0.0.1-1138] ERROR c.a.s.c.c.handler.ClientRegister - heartbeat check requestId:[1138] message:[UNAVAILABLE: io exception]
2026-01-04 12:04:47 [sj-client-check] WARN  c.a.s.c.c.r.c.g.SnailJobGrpcClient - gRPC channel state=TRANSIENT_FAILURE, try reconnect...
2026-01-04 12:04:48 [snail-job-grpc-client-executor-127.0.0.1-1139] ERROR c.a.s.c.c.handler.ClientRegister - heartbeat check requestId:[1139] message:[UNAVAILABLE: io exception]
2026-01-04 12:04:57 [sj-client-check] WARN  c.a.s.c.c.r.c.g.SnailJobGrpcClient - gRPC channel state=TRANSIENT_FAILURE, try reconnect...
2026-01-04 12:04:58 [snail-job-grpc-client-executor-127.0.0.1-1140] ERROR c.a.s.c.c.handler.ClientRegister - heartbeat check requestId:[1140] message:[UNAVAILABLE: io exception]
2026-01-04 12:05:07 [sj-client-check] WARN  c.a.s.c.c.r.c.g.SnailJobGrpcClient - gRPC channel state=TRANSIENT_FAILURE, try reconnect...
2026-01-04 12:05:08 [snail-job-grpc-client-executor-127.0.0.1-1141] ERROR c.a.s.c.c.handler.ClientRegister - heartbeat check requestId:[1141] message:[UNAVAILABLE: io exception]
2026-01-04 12:05:17 [sj-client-check] WARN  c.a.s.c.c.r.c.g.SnailJobGrpcClient - gRPC channel state=TRANSIENT_FAILURE, try reconnect...
2026-01-04 12:05:18 [snail-job-grpc-client-executor-127.0.0.1-1142] ERROR c.a.s.c.c.handler.ClientRegister - heartbeat check requestId:[1142] message:[UNAVAILABLE: io exception]
2026-01-04 12:05:27 [sj-client-check] WARN  c.a.s.c.c.r.c.g.SnailJobGrpcClient - gRPC channel state=TRANSIENT_FAILURE, try reconnect...
2026-01-04 12:05:28 [snail-job-grpc-client-executor-127.0.0.1-1144] ERROR c.a.s.c.c.handler.ClientRegister - heartbeat check requestId:[1144] message:[UNAVAILABLE: io exception]
2026-01-04 12:05:37 [sj-client-check] WARN  c.a.s.c.c.r.c.g.SnailJobGrpcClient - gRPC channel state=TRANSIENT_FAILURE, try reconnect...
2026-01-04 12:05:38 [snail-job-grpc-client-executor-127.0.0.1-1145] ERROR c.a.s.c.c.handler.ClientRegister - heartbeat check requestId:[1145] message:[UNAVAILABLE: io exception]
2026-01-04 12:05:47 [sj-client-check] WARN  c.a.s.c.c.r.c.g.SnailJobGrpcClient - gRPC channel state=TRANSIENT_FAILURE, try reconnect...
2026-01-04 12:05:48 [snail-job-grpc-client-executor-127.0.0.1-1146] ERROR c.a.s.c.c.handler.ClientRegister - heartbeat check requestId:[1146] message:[UNAVAILABLE: io exception]
2026-01-04 12:05:57 [sj-client-check] WARN  c.a.s.c.c.r.c.g.SnailJobGrpcClient - gRPC channel state=TRANSIENT_FAILURE, try reconnect...
2026-01-04 12:05:58 [snail-job-grpc-client-executor-127.0.0.1-1147] ERROR c.a.s.c.c.handler.ClientRegister - heartbeat check requestId:[1147] message:[UNAVAILABLE: io exception]
2026-01-04 12:06:07 [sj-client-check] WARN  c.a.s.c.c.r.c.g.SnailJobGrpcClient - gRPC channel state=TRANSIENT_FAILURE, try reconnect...
2026-01-04 12:06:08 [snail-job-grpc-client-executor-127.0.0.1-1148] ERROR c.a.s.c.c.handler.ClientRegister - heartbeat check requestId:[1148] message:[UNAVAILABLE: io exception]
2026-01-04 12:06:17 [sj-client-check] WARN  c.a.s.c.c.r.c.g.SnailJobGrpcClient - gRPC channel state=TRANSIENT_FAILURE, try reconnect...
2026-01-04 12:06:18 [snail-job-grpc-client-executor-127.0.0.1-1150] ERROR c.a.s.c.c.handler.ClientRegister - heartbeat check requestId:[1149] message:[UNAVAILABLE: io exception]
2026-01-04 12:06:27 [sj-client-check] WARN  c.a.s.c.c.r.c.g.SnailJobGrpcClient - gRPC channel state=TRANSIENT_FAILURE, try reconnect...
2026-01-04 12:06:28 [snail-job-grpc-client-executor-127.0.0.1-1151] ERROR c.a.s.c.c.handler.ClientRegister - heartbeat check requestId:[1151] message:[UNAVAILABLE: io exception]
2026-01-04 12:06:37 [sj-client-check] WARN  c.a.s.c.c.r.c.g.SnailJobGrpcClient - gRPC channel state=TRANSIENT_FAILURE, try reconnect...
2026-01-04 12:06:38 [snail-job-grpc-client-executor-127.0.0.1-1152] ERROR c.a.s.c.c.handler.ClientRegister - heartbeat check requestId:[1152] message:[UNAVAILABLE: io exception]
2026-01-04 12:06:47 [sj-client-check] WARN  c.a.s.c.c.r.c.g.SnailJobGrpcClient - gRPC channel state=TRANSIENT_FAILURE, try reconnect...
2026-01-04 12:06:48 [snail-job-grpc-client-executor-127.0.0.1-1153] ERROR c.a.s.c.c.handler.ClientRegister - heartbeat check requestId:[1153] message:[UNAVAILABLE: io exception]
2026-01-04 12:06:57 [sj-client-check] WARN  c.a.s.c.c.r.c.g.SnailJobGrpcClient - gRPC channel state=TRANSIENT_FAILURE, try reconnect...
2026-01-04 12:06:58 [snail-job-grpc-client-executor-127.0.0.1-1154] ERROR c.a.s.c.c.handler.ClientRegister - heartbeat check requestId:[1154] message:[UNAVAILABLE: io exception]
2026-01-04 12:07:07 [sj-client-check] WARN  c.a.s.c.c.r.c.g.SnailJobGrpcClient - gRPC channel state=TRANSIENT_FAILURE, try reconnect...
2026-01-04 12:07:08 [snail-job-grpc-client-executor-127.0.0.1-1155] ERROR c.a.s.c.c.handler.ClientRegister - heartbeat check requestId:[1155] message:[UNAVAILABLE: io exception]
2026-01-04 12:07:17 [sj-client-check] WARN  c.a.s.c.c.r.c.g.SnailJobGrpcClient - gRPC channel state=TRANSIENT_FAILURE, try reconnect...
2026-01-04 12:07:18 [snail-job-grpc-client-executor-127.0.0.1-1156] ERROR c.a.s.c.c.handler.ClientRegister - heartbeat check requestId:[1157] message:[UNAVAILABLE: io exception]
2026-01-04 12:07:27 [sj-client-check] WARN  c.a.s.c.c.r.c.g.SnailJobGrpcClient - gRPC channel state=TRANSIENT_FAILURE, try reconnect...
2026-01-04 12:07:28 [snail-job-grpc-client-executor-127.0.0.1-1158] ERROR c.a.s.c.c.handler.ClientRegister - heartbeat check requestId:[1158] message:[UNAVAILABLE: io exception]
2026-01-04 12:07:37 [sj-client-check] WARN  c.a.s.c.c.r.c.g.SnailJobGrpcClient - gRPC channel state=TRANSIENT_FAILURE, try reconnect...
2026-01-04 12:07:38 [snail-job-grpc-client-executor-127.0.0.1-1159] ERROR c.a.s.c.c.handler.ClientRegister - heartbeat check requestId:[1159] message:[UNAVAILABLE: io exception]
2026-01-04 12:07:47 [sj-client-check] WARN  c.a.s.c.c.r.c.g.SnailJobGrpcClient - gRPC channel state=TRANSIENT_FAILURE, try reconnect...
2026-01-04 12:07:48 [snail-job-grpc-client-executor-127.0.0.1-1160] ERROR c.a.s.c.c.handler.ClientRegister - heartbeat check requestId:[1160] message:[UNAVAILABLE: io exception]
2026-01-04 12:07:57 [sj-client-check] WARN  c.a.s.c.c.r.c.g.SnailJobGrpcClient - gRPC channel state=TRANSIENT_FAILURE, try reconnect...
2026-01-04 12:07:58 [snail-job-grpc-client-executor-127.0.0.1-1161] ERROR c.a.s.c.c.handler.ClientRegister - heartbeat check requestId:[1161] message:[UNAVAILABLE: io exception]
2026-01-04 12:08:07 [sj-client-check] WARN  c.a.s.c.c.r.c.g.SnailJobGrpcClient - gRPC channel state=TRANSIENT_FAILURE, try reconnect...
2026-01-04 12:08:08 [snail-job-grpc-client-executor-127.0.0.1-1162] ERROR c.a.s.c.c.handler.ClientRegister - heartbeat check requestId:[1162] message:[UNAVAILABLE: io exception]
2026-01-04 12:08:17 [sj-client-check] WARN  c.a.s.c.c.r.c.g.SnailJobGrpcClient - gRPC channel state=TRANSIENT_FAILURE, try reconnect...
2026-01-04 12:08:18 [snail-job-grpc-client-executor-127.0.0.1-1163] ERROR c.a.s.c.c.handler.ClientRegister - heartbeat check requestId:[1164] message:[UNAVAILABLE: io exception]
2026-01-04 12:08:27 [sj-client-check] WARN  c.a.s.c.c.r.c.g.SnailJobGrpcClient - gRPC channel state=TRANSIENT_FAILURE, try reconnect...
2026-01-04 12:08:28 [snail-job-grpc-client-executor-127.0.0.1-1165] ERROR c.a.s.c.c.handler.ClientRegister - heartbeat check requestId:[1165] message:[UNAVAILABLE: io exception]
2026-01-04 12:08:37 [sj-client-check] WARN  c.a.s.c.c.r.c.g.SnailJobGrpcClient - gRPC channel state=TRANSIENT_FAILURE, try reconnect...
2026-01-04 12:08:38 [snail-job-grpc-client-executor-127.0.0.1-1166] ERROR c.a.s.c.c.handler.ClientRegister - heartbeat check requestId:[1166] message:[UNAVAILABLE: io exception]
2026-01-04 12:08:47 [sj-client-check] WARN  c.a.s.c.c.r.c.g.SnailJobGrpcClient - gRPC channel state=TRANSIENT_FAILURE, try reconnect...
2026-01-04 12:08:48 [snail-job-grpc-client-executor-127.0.0.1-1167] ERROR c.a.s.c.c.handler.ClientRegister - heartbeat check requestId:[1167] message:[UNAVAILABLE: io exception]
2026-01-04 12:08:57 [sj-client-check] WARN  c.a.s.c.c.r.c.g.SnailJobGrpcClient - gRPC channel state=TRANSIENT_FAILURE, try reconnect...
2026-01-04 12:08:58 [snail-job-grpc-client-executor-127.0.0.1-1168] ERROR c.a.s.c.c.handler.ClientRegister - heartbeat check requestId:[1168] message:[UNAVAILABLE: io exception]
2026-01-04 12:09:07 [sj-client-check] WARN  c.a.s.c.c.r.c.g.SnailJobGrpcClient - gRPC channel state=TRANSIENT_FAILURE, try reconnect...
2026-01-04 12:09:08 [snail-job-grpc-client-executor-127.0.0.1-1169] ERROR c.a.s.c.c.handler.ClientRegister - heartbeat check requestId:[1169] message:[UNAVAILABLE: io exception]
2026-01-04 12:09:17 [sj-client-check] WARN  c.a.s.c.c.r.c.g.SnailJobGrpcClient - gRPC channel state=TRANSIENT_FAILURE, try reconnect...
2026-01-04 12:09:18 [snail-job-grpc-client-executor-127.0.0.1-1171] ERROR c.a.s.c.c.handler.ClientRegister - heartbeat check requestId:[1170] message:[UNAVAILABLE: io exception]
2026-01-04 12:09:27 [sj-client-check] WARN  c.a.s.c.c.r.c.g.SnailJobGrpcClient - gRPC channel state=TRANSIENT_FAILURE, try reconnect...
2026-01-04 12:09:28 [snail-job-grpc-client-executor-127.0.0.1-1172] ERROR c.a.s.c.c.handler.ClientRegister - heartbeat check requestId:[1172] message:[UNAVAILABLE: io exception]
2026-01-04 12:09:37 [sj-client-check] WARN  c.a.s.c.c.r.c.g.SnailJobGrpcClient - gRPC channel state=TRANSIENT_FAILURE, try reconnect...
2026-01-04 12:09:38 [snail-job-grpc-client-executor-127.0.0.1-1173] ERROR c.a.s.c.c.handler.ClientRegister - heartbeat check requestId:[1173] message:[UNAVAILABLE: io exception]
2026-01-04 12:09:47 [sj-client-check] WARN  c.a.s.c.c.r.c.g.SnailJobGrpcClient - gRPC channel state=TRANSIENT_FAILURE, try reconnect...
2026-01-04 12:09:48 [snail-job-grpc-client-executor-127.0.0.1-1174] ERROR c.a.s.c.c.handler.ClientRegister - heartbeat check requestId:[1174] message:[UNAVAILABLE: io exception]
2026-01-04 12:09:57 [sj-client-check] WARN  c.a.s.c.c.r.c.g.SnailJobGrpcClient - gRPC channel state=TRANSIENT_FAILURE, try reconnect...
2026-01-04 12:09:58 [snail-job-grpc-client-executor-127.0.0.1-1175] ERROR c.a.s.c.c.handler.ClientRegister - heartbeat check requestId:[1175] message:[UNAVAILABLE: io exception]
2026-01-04 12:10:07 [sj-client-check] WARN  c.a.s.c.c.r.c.g.SnailJobGrpcClient - gRPC channel state=TRANSIENT_FAILURE, try reconnect...
2026-01-04 12:10:08 [snail-job-grpc-client-executor-127.0.0.1-1176] ERROR c.a.s.c.c.handler.ClientRegister - heartbeat check requestId:[1176] message:[UNAVAILABLE: io exception]
2026-01-04 12:10:17 [sj-client-check] WARN  c.a.s.c.c.r.c.g.SnailJobGrpcClient - gRPC channel state=TRANSIENT_FAILURE, try reconnect...
2026-01-04 12:10:18 [snail-job-grpc-client-executor-127.0.0.1-1177] ERROR c.a.s.c.c.handler.ClientRegister - heartbeat check requestId:[1177] message:[UNAVAILABLE: io exception]
2026-01-04 12:10:27 [sj-client-check] WARN  c.a.s.c.c.r.c.g.SnailJobGrpcClient - gRPC channel state=TRANSIENT_FAILURE, try reconnect...
2026-01-04 12:10:28 [snail-job-grpc-client-executor-127.0.0.1-1179] ERROR c.a.s.c.c.handler.ClientRegister - heartbeat check requestId:[1179] message:[UNAVAILABLE: io exception]
2026-01-04 12:10:37 [sj-client-check] WARN  c.a.s.c.c.r.c.g.SnailJobGrpcClient - gRPC channel state=TRANSIENT_FAILURE, try reconnect...
2026-01-04 12:10:38 [snail-job-grpc-client-executor-127.0.0.1-1180] ERROR c.a.s.c.c.handler.ClientRegister - heartbeat check requestId:[1180] message:[UNAVAILABLE: io exception]
2026-01-04 12:10:47 [sj-client-check] WARN  c.a.s.c.c.r.c.g.SnailJobGrpcClient - gRPC channel state=TRANSIENT_FAILURE, try reconnect...
2026-01-04 12:10:48 [snail-job-grpc-client-executor-127.0.0.1-1181] ERROR c.a.s.c.c.handler.ClientRegister - heartbeat check requestId:[1181] message:[UNAVAILABLE: io exception]
2026-01-04 12:10:57 [sj-client-check] WARN  c.a.s.c.c.r.c.g.SnailJobGrpcClient - gRPC channel state=TRANSIENT_FAILURE, try reconnect...
2026-01-04 12:10:58 [snail-job-grpc-client-executor-127.0.0.1-1182] ERROR c.a.s.c.c.handler.ClientRegister - heartbeat check requestId:[1182] message:[UNAVAILABLE: io exception]
2026-01-04 12:11:07 [sj-client-check] WARN  c.a.s.c.c.r.c.g.SnailJobGrpcClient - gRPC channel state=TRANSIENT_FAILURE, try reconnect...
2026-01-04 12:11:08 [snail-job-grpc-client-executor-127.0.0.1-1183] ERROR c.a.s.c.c.handler.ClientRegister - heartbeat check requestId:[1183] message:[UNAVAILABLE: io exception]
2026-01-04 12:11:17 [sj-client-check] WARN  c.a.s.c.c.r.c.g.SnailJobGrpcClient - gRPC channel state=TRANSIENT_FAILURE, try reconnect...
2026-01-04 12:11:18 [snail-job-grpc-client-executor-127.0.0.1-1184] ERROR c.a.s.c.c.handler.ClientRegister - heartbeat check requestId:[1184] message:[UNAVAILABLE: io exception]
2026-01-04 12:11:27 [sj-client-check] WARN  c.a.s.c.c.r.c.g.SnailJobGrpcClient - gRPC channel state=TRANSIENT_FAILURE, try reconnect...
2026-01-04 12:11:28 [snail-job-grpc-client-executor-127.0.0.1-1186] ERROR c.a.s.c.c.handler.ClientRegister - heartbeat check requestId:[1186] message:[UNAVAILABLE: io exception]
2026-01-04 12:11:37 [sj-client-check] WARN  c.a.s.c.c.r.c.g.SnailJobGrpcClient - gRPC channel state=TRANSIENT_FAILURE, try reconnect...
2026-01-04 12:11:38 [snail-job-grpc-client-executor-127.0.0.1-1187] ERROR c.a.s.c.c.handler.ClientRegister - heartbeat check requestId:[1187] message:[UNAVAILABLE: io exception]
2026-01-04 12:11:47 [sj-client-check] WARN  c.a.s.c.c.r.c.g.SnailJobGrpcClient - gRPC channel state=TRANSIENT_FAILURE, try reconnect...
2026-01-04 12:11:48 [snail-job-grpc-client-executor-127.0.0.1-1188] ERROR c.a.s.c.c.handler.ClientRegister - heartbeat check requestId:[1188] message:[UNAVAILABLE: io exception]
2026-01-04 12:11:57 [sj-client-check] WARN  c.a.s.c.c.r.c.g.SnailJobGrpcClient - gRPC channel state=TRANSIENT_FAILURE, try reconnect...
2026-01-04 12:11:58 [snail-job-grpc-client-executor-127.0.0.1-1189] ERROR c.a.s.c.c.handler.ClientRegister - heartbeat check requestId:[1189] message:[UNAVAILABLE: io exception]
2026-01-04 12:12:07 [sj-client-check] WARN  c.a.s.c.c.r.c.g.SnailJobGrpcClient - gRPC channel state=TRANSIENT_FAILURE, try reconnect...
2026-01-04 12:12:08 [snail-job-grpc-client-executor-127.0.0.1-1190] ERROR c.a.s.c.c.handler.ClientRegister - heartbeat check requestId:[1190] message:[UNAVAILABLE: io exception]
2026-01-04 12:12:17 [sj-client-check] WARN  c.a.s.c.c.r.c.g.SnailJobGrpcClient - gRPC channel state=TRANSIENT_FAILURE, try reconnect...
2026-01-04 12:12:18 [snail-job-grpc-client-executor-127.0.0.1-1192] ERROR c.a.s.c.c.handler.ClientRegister - heartbeat check requestId:[1192] message:[UNAVAILABLE: io exception]
2026-01-04 12:12:27 [sj-client-check] WARN  c.a.s.c.c.r.c.g.SnailJobGrpcClient - gRPC channel state=TRANSIENT_FAILURE, try reconnect...
2026-01-04 12:12:28 [snail-job-grpc-client-executor-127.0.0.1-1193] ERROR c.a.s.c.c.handler.ClientRegister - heartbeat check requestId:[1193] message:[UNAVAILABLE: io exception]
2026-01-04 12:12:37 [sj-client-check] WARN  c.a.s.c.c.r.c.g.SnailJobGrpcClient - gRPC channel state=TRANSIENT_FAILURE, try reconnect...
2026-01-04 12:12:38 [snail-job-grpc-client-executor-127.0.0.1-1194] ERROR c.a.s.c.c.handler.ClientRegister - heartbeat check requestId:[1194] message:[UNAVAILABLE: io exception]
2026-01-04 12:12:47 [sj-client-check] WARN  c.a.s.c.c.r.c.g.SnailJobGrpcClient - gRPC channel state=TRANSIENT_FAILURE, try reconnect...
2026-01-04 12:12:48 [snail-job-grpc-client-executor-127.0.0.1-1195] ERROR c.a.s.c.c.handler.ClientRegister - heartbeat check requestId:[1195] message:[UNAVAILABLE: io exception]
2026-01-04 12:12:57 [sj-client-check] WARN  c.a.s.c.c.r.c.g.SnailJobGrpcClient - gRPC channel state=TRANSIENT_FAILURE, try reconnect...
2026-01-04 12:12:58 [snail-job-grpc-client-executor-127.0.0.1-1196] ERROR c.a.s.c.c.handler.ClientRegister - heartbeat check requestId:[1196] message:[UNAVAILABLE: io exception]
2026-01-04 12:13:07 [sj-client-check] WARN  c.a.s.c.c.r.c.g.SnailJobGrpcClient - gRPC channel state=TRANSIENT_FAILURE, try reconnect...
2026-01-04 12:13:08 [snail-job-grpc-client-executor-127.0.0.1-1197] ERROR c.a.s.c.c.handler.ClientRegister - heartbeat check requestId:[1197] message:[UNAVAILABLE: io exception]
2026-01-04 12:13:17 [sj-client-check] WARN  c.a.s.c.c.r.c.g.SnailJobGrpcClient - gRPC channel state=TRANSIENT_FAILURE, try reconnect...
2026-01-04 12:13:18 [snail-job-grpc-client-executor-127.0.0.1-1199] ERROR c.a.s.c.c.handler.ClientRegister - heartbeat check requestId:[1198] message:[UNAVAILABLE: io exception]
2026-01-04 12:13:27 [sj-client-check] WARN  c.a.s.c.c.r.c.g.SnailJobGrpcClient - gRPC channel state=TRANSIENT_FAILURE, try reconnect...
2026-01-04 12:13:28 [snail-job-grpc-client-executor-127.0.0.1-1200] ERROR c.a.s.c.c.handler.ClientRegister - heartbeat check requestId:[1200] message:[UNAVAILABLE: io exception]
2026-01-04 12:13:37 [sj-client-check] WARN  c.a.s.c.c.r.c.g.SnailJobGrpcClient - gRPC channel state=TRANSIENT_FAILURE, try reconnect...
2026-01-04 12:13:38 [snail-job-grpc-client-executor-127.0.0.1-1201] ERROR c.a.s.c.c.handler.ClientRegister - heartbeat check requestId:[1201] message:[UNAVAILABLE: io exception]
2026-01-04 12:13:47 [sj-client-check] WARN  c.a.s.c.c.r.c.g.SnailJobGrpcClient - gRPC channel state=TRANSIENT_FAILURE, try reconnect...
2026-01-04 12:13:48 [snail-job-grpc-client-executor-127.0.0.1-1202] ERROR c.a.s.c.c.handler.ClientRegister - heartbeat check requestId:[1202] message:[UNAVAILABLE: io exception]
2026-01-04 12:13:57 [sj-client-check] WARN  c.a.s.c.c.r.c.g.SnailJobGrpcClient - gRPC channel state=TRANSIENT_FAILURE, try reconnect...
2026-01-04 12:13:58 [snail-job-grpc-client-executor-127.0.0.1-1203] ERROR c.a.s.c.c.handler.ClientRegister - heartbeat check requestId:[1203] message:[UNAVAILABLE: io exception]
2026-01-04 12:14:07 [sj-client-check] WARN  c.a.s.c.c.r.c.g.SnailJobGrpcClient - gRPC channel state=TRANSIENT_FAILURE, try reconnect...
2026-01-04 12:14:08 [snail-job-grpc-client-executor-127.0.0.1-1204] ERROR c.a.s.c.c.handler.ClientRegister - heartbeat check requestId:[1204] message:[UNAVAILABLE: io exception]
2026-01-04 12:14:17 [sj-client-check] WARN  c.a.s.c.c.r.c.g.SnailJobGrpcClient - gRPC channel state=TRANSIENT_FAILURE, try reconnect...
2026-01-04 12:14:18 [snail-job-grpc-client-executor-127.0.0.1-1205] ERROR c.a.s.c.c.handler.ClientRegister - heartbeat check requestId:[1205] message:[UNAVAILABLE: io exception]
2026-01-04 12:14:27 [sj-client-check] WARN  c.a.s.c.c.r.c.g.SnailJobGrpcClient - gRPC channel state=TRANSIENT_FAILURE, try reconnect...
2026-01-04 12:14:28 [snail-job-grpc-client-executor-127.0.0.1-1207] ERROR c.a.s.c.c.handler.ClientRegister - heartbeat check requestId:[1207] message:[UNAVAILABLE: io exception]
2026-01-04 12:14:37 [sj-client-check] WARN  c.a.s.c.c.r.c.g.SnailJobGrpcClient - gRPC channel state=TRANSIENT_FAILURE, try reconnect...
2026-01-04 12:14:38 [snail-job-grpc-client-executor-127.0.0.1-1208] ERROR c.a.s.c.c.handler.ClientRegister - heartbeat check requestId:[1208] message:[UNAVAILABLE: io exception]
2026-01-04 12:14:47 [sj-client-check] WARN  c.a.s.c.c.r.c.g.SnailJobGrpcClient - gRPC channel state=TRANSIENT_FAILURE, try reconnect...
2026-01-04 12:14:48 [snail-job-grpc-client-executor-127.0.0.1-1209] ERROR c.a.s.c.c.handler.ClientRegister - heartbeat check requestId:[1209] message:[UNAVAILABLE: io exception]
2026-01-04 12:14:57 [sj-client-check] WARN  c.a.s.c.c.r.c.g.SnailJobGrpcClient - gRPC channel state=TRANSIENT_FAILURE, try reconnect...
2026-01-04 12:14:58 [snail-job-grpc-client-executor-127.0.0.1-1210] ERROR c.a.s.c.c.handler.ClientRegister - heartbeat check requestId:[1210] message:[UNAVAILABLE: io exception]
2026-01-04 12:15:07 [sj-client-check] WARN  c.a.s.c.c.r.c.g.SnailJobGrpcClient - gRPC channel state=TRANSIENT_FAILURE, try reconnect...
2026-01-04 12:15:08 [snail-job-grpc-client-executor-127.0.0.1-1211] ERROR c.a.s.c.c.handler.ClientRegister - heartbeat check requestId:[1211] message:[UNAVAILABLE: io exception]
2026-01-04 12:15:17 [sj-client-check] WARN  c.a.s.c.c.r.c.g.SnailJobGrpcClient - gRPC channel state=TRANSIENT_FAILURE, try reconnect...
2026-01-04 12:15:18 [snail-job-grpc-client-executor-127.0.0.1-1213] ERROR c.a.s.c.c.handler.ClientRegister - heartbeat check requestId:[1212] message:[UNAVAILABLE: io exception]
2026-01-04 12:15:27 [sj-client-check] WARN  c.a.s.c.c.r.c.g.SnailJobGrpcClient - gRPC channel state=TRANSIENT_FAILURE, try reconnect...
2026-01-04 12:15:28 [snail-job-grpc-client-executor-127.0.0.1-1214] ERROR c.a.s.c.c.handler.ClientRegister - heartbeat check requestId:[1214] message:[UNAVAILABLE: io exception]
2026-01-04 12:15:37 [sj-client-check] WARN  c.a.s.c.c.r.c.g.SnailJobGrpcClient - gRPC channel state=TRANSIENT_FAILURE, try reconnect...
2026-01-04 12:15:38 [snail-job-grpc-client-executor-127.0.0.1-1215] ERROR c.a.s.c.c.handler.ClientRegister - heartbeat check requestId:[1215] message:[UNAVAILABLE: io exception]
2026-01-04 12:15:47 [sj-client-check] WARN  c.a.s.c.c.r.c.g.SnailJobGrpcClient - gRPC channel state=TRANSIENT_FAILURE, try reconnect...
2026-01-04 12:15:48 [snail-job-grpc-client-executor-127.0.0.1-1216] ERROR c.a.s.c.c.handler.ClientRegister - heartbeat check requestId:[1216] message:[UNAVAILABLE: io exception]
2026-01-04 12:15:57 [sj-client-check] WARN  c.a.s.c.c.r.c.g.SnailJobGrpcClient - gRPC channel state=TRANSIENT_FAILURE, try reconnect...
2026-01-04 12:15:58 [snail-job-grpc-client-executor-127.0.0.1-1217] ERROR c.a.s.c.c.handler.ClientRegister - heartbeat check requestId:[1217] message:[UNAVAILABLE: io exception]
2026-01-04 12:16:07 [sj-client-check] WARN  c.a.s.c.c.r.c.g.SnailJobGrpcClient - gRPC channel state=TRANSIENT_FAILURE, try reconnect...
2026-01-04 12:16:08 [snail-job-grpc-client-executor-127.0.0.1-1218] ERROR c.a.s.c.c.handler.ClientRegister - heartbeat check requestId:[1218] message:[UNAVAILABLE: io exception]
2026-01-04 12:16:17 [sj-client-check] WARN  c.a.s.c.c.r.c.g.SnailJobGrpcClient - gRPC channel state=TRANSIENT_FAILURE, try reconnect...
2026-01-04 12:16:18 [snail-job-grpc-client-executor-127.0.0.1-1219] ERROR c.a.s.c.c.handler.ClientRegister - heartbeat check requestId:[1219] message:[UNAVAILABLE: io exception]
2026-01-04 12:16:27 [sj-client-check] WARN  c.a.s.c.c.r.c.g.SnailJobGrpcClient - gRPC channel state=TRANSIENT_FAILURE, try reconnect...
2026-01-04 12:16:28 [snail-job-grpc-client-executor-127.0.0.1-1221] ERROR c.a.s.c.c.handler.ClientRegister - heartbeat check requestId:[1221] message:[UNAVAILABLE: io exception]
2026-01-04 12:16:37 [sj-client-check] WARN  c.a.s.c.c.r.c.g.SnailJobGrpcClient - gRPC channel state=TRANSIENT_FAILURE, try reconnect...
2026-01-04 12:16:38 [snail-job-grpc-client-executor-127.0.0.1-1222] ERROR c.a.s.c.c.handler.ClientRegister - heartbeat check requestId:[1222] message:[UNAVAILABLE: io exception]
2026-01-04 12:16:47 [sj-client-check] WARN  c.a.s.c.c.r.c.g.SnailJobGrpcClient - gRPC channel state=TRANSIENT_FAILURE, try reconnect...
2026-01-04 12:16:48 [snail-job-grpc-client-executor-127.0.0.1-1223] ERROR c.a.s.c.c.handler.ClientRegister - heartbeat check requestId:[1223] message:[UNAVAILABLE: io exception]
2026-01-04 12:16:57 [sj-client-check] WARN  c.a.s.c.c.r.c.g.SnailJobGrpcClient - gRPC channel state=TRANSIENT_FAILURE, try reconnect...
2026-01-04 12:16:58 [snail-job-grpc-client-executor-127.0.0.1-1224] ERROR c.a.s.c.c.handler.ClientRegister - heartbeat check requestId:[1224] message:[UNAVAILABLE: io exception]
2026-01-04 12:17:07 [sj-client-check] WARN  c.a.s.c.c.r.c.g.SnailJobGrpcClient - gRPC channel state=TRANSIENT_FAILURE, try reconnect...
2026-01-04 12:17:08 [snail-job-grpc-client-executor-127.0.0.1-1225] ERROR c.a.s.c.c.handler.ClientRegister - heartbeat check requestId:[1225] message:[UNAVAILABLE: io exception]
2026-01-04 12:17:17 [sj-client-check] WARN  c.a.s.c.c.r.c.g.SnailJobGrpcClient - gRPC channel state=TRANSIENT_FAILURE, try reconnect...
2026-01-04 12:17:18 [snail-job-grpc-client-executor-127.0.0.1-1227] ERROR c.a.s.c.c.handler.ClientRegister - heartbeat check requestId:[1227] message:[UNAVAILABLE: io exception]
2026-01-04 12:17:27 [sj-client-check] WARN  c.a.s.c.c.r.c.g.SnailJobGrpcClient - gRPC channel state=TRANSIENT_FAILURE, try reconnect...
2026-01-04 12:17:28 [snail-job-grpc-client-executor-127.0.0.1-1228] ERROR c.a.s.c.c.handler.ClientRegister - heartbeat check requestId:[1228] message:[UNAVAILABLE: io exception]
2026-01-04 12:17:37 [sj-client-check] WARN  c.a.s.c.c.r.c.g.SnailJobGrpcClient - gRPC channel state=TRANSIENT_FAILURE, try reconnect...
2026-01-04 12:17:38 [snail-job-grpc-client-executor-127.0.0.1-1229] ERROR c.a.s.c.c.handler.ClientRegister - heartbeat check requestId:[1229] message:[UNAVAILABLE: io exception]
2026-01-04 12:17:47 [sj-client-check] WARN  c.a.s.c.c.r.c.g.SnailJobGrpcClient - gRPC channel state=TRANSIENT_FAILURE, try reconnect...
2026-01-04 12:17:48 [snail-job-grpc-client-executor-127.0.0.1-1230] ERROR c.a.s.c.c.handler.ClientRegister - heartbeat check requestId:[1230] message:[UNAVAILABLE: io exception]
2026-01-04 12:17:57 [sj-client-check] WARN  c.a.s.c.c.r.c.g.SnailJobGrpcClient - gRPC channel state=TRANSIENT_FAILURE, try reconnect...
2026-01-04 12:17:58 [snail-job-grpc-client-executor-127.0.0.1-1231] ERROR c.a.s.c.c.handler.ClientRegister - heartbeat check requestId:[1231] message:[UNAVAILABLE: io exception]
2026-01-04 12:18:07 [sj-client-check] WARN  c.a.s.c.c.r.c.g.SnailJobGrpcClient - gRPC channel state=TRANSIENT_FAILURE, try reconnect...
2026-01-04 12:18:08 [snail-job-grpc-client-executor-127.0.0.1-1232] ERROR c.a.s.c.c.handler.ClientRegister - heartbeat check requestId:[1232] message:[UNAVAILABLE: io exception]
2026-01-04 12:18:17 [sj-client-check] WARN  c.a.s.c.c.r.c.g.SnailJobGrpcClient - gRPC channel state=TRANSIENT_FAILURE, try reconnect...
2026-01-04 12:18:18 [snail-job-grpc-client-executor-127.0.0.1-1233] ERROR c.a.s.c.c.handler.ClientRegister - heartbeat check requestId:[1234] message:[UNAVAILABLE: io exception]
2026-01-04 12:18:27 [sj-client-check] WARN  c.a.s.c.c.r.c.g.SnailJobGrpcClient - gRPC channel state=TRANSIENT_FAILURE, try reconnect...
2026-01-04 12:18:28 [snail-job-grpc-client-executor-127.0.0.1-1235] ERROR c.a.s.c.c.handler.ClientRegister - heartbeat check requestId:[1235] message:[UNAVAILABLE: io exception]
2026-01-04 12:18:37 [sj-client-check] WARN  c.a.s.c.c.r.c.g.SnailJobGrpcClient - gRPC channel state=TRANSIENT_FAILURE, try reconnect...
2026-01-04 12:18:38 [snail-job-grpc-client-executor-127.0.0.1-1236] ERROR c.a.s.c.c.handler.ClientRegister - heartbeat check requestId:[1236] message:[UNAVAILABLE: io exception]
2026-01-04 12:18:47 [sj-client-check] WARN  c.a.s.c.c.r.c.g.SnailJobGrpcClient - gRPC channel state=TRANSIENT_FAILURE, try reconnect...
2026-01-04 12:18:48 [snail-job-grpc-client-executor-127.0.0.1-1237] ERROR c.a.s.c.c.handler.ClientRegister - heartbeat check requestId:[1237] message:[UNAVAILABLE: io exception]
2026-01-04 12:18:57 [sj-client-check] WARN  c.a.s.c.c.r.c.g.SnailJobGrpcClient - gRPC channel state=TRANSIENT_FAILURE, try reconnect...
2026-01-04 12:18:58 [snail-job-grpc-client-executor-127.0.0.1-1238] ERROR c.a.s.c.c.handler.ClientRegister - heartbeat check requestId:[1238] message:[UNAVAILABLE: io exception]
2026-01-04 12:19:07 [sj-client-check] WARN  c.a.s.c.c.r.c.g.SnailJobGrpcClient - gRPC channel state=TRANSIENT_FAILURE, try reconnect...
2026-01-04 12:19:08 [snail-job-grpc-client-executor-127.0.0.1-1239] ERROR c.a.s.c.c.handler.ClientRegister - heartbeat check requestId:[1239] message:[UNAVAILABLE: io exception]
2026-01-04 12:19:17 [sj-client-check] WARN  c.a.s.c.c.r.c.g.SnailJobGrpcClient - gRPC channel state=TRANSIENT_FAILURE, try reconnect...
2026-01-04 12:19:18 [snail-job-grpc-client-executor-127.0.0.1-1240] ERROR c.a.s.c.c.handler.ClientRegister - heartbeat check requestId:[1240] message:[UNAVAILABLE: io exception]
2026-01-04 12:19:27 [sj-client-check] WARN  c.a.s.c.c.r.c.g.SnailJobGrpcClient - gRPC channel state=TRANSIENT_FAILURE, try reconnect...
2026-01-04 12:19:28 [snail-job-grpc-client-executor-127.0.0.1-1242] ERROR c.a.s.c.c.handler.ClientRegister - heartbeat check requestId:[1242] message:[UNAVAILABLE: io exception]
2026-01-04 12:19:37 [sj-client-check] WARN  c.a.s.c.c.r.c.g.SnailJobGrpcClient - gRPC channel state=TRANSIENT_FAILURE, try reconnect...
2026-01-04 12:19:38 [snail-job-grpc-client-executor-127.0.0.1-1243] ERROR c.a.s.c.c.handler.ClientRegister - heartbeat check requestId:[1243] message:[UNAVAILABLE: io exception]
2026-01-04 12:19:47 [sj-client-check] WARN  c.a.s.c.c.r.c.g.SnailJobGrpcClient - gRPC channel state=TRANSIENT_FAILURE, try reconnect...
2026-01-04 12:19:48 [snail-job-grpc-client-executor-127.0.0.1-1244] ERROR c.a.s.c.c.handler.ClientRegister - heartbeat check requestId:[1244] message:[UNAVAILABLE: io exception]
2026-01-04 12:19:57 [sj-client-check] WARN  c.a.s.c.c.r.c.g.SnailJobGrpcClient - gRPC channel state=TRANSIENT_FAILURE, try reconnect...
2026-01-04 12:19:58 [snail-job-grpc-client-executor-127.0.0.1-1245] ERROR c.a.s.c.c.handler.ClientRegister - heartbeat check requestId:[1245] message:[UNAVAILABLE: io exception]
2026-01-04 12:20:07 [sj-client-check] WARN  c.a.s.c.c.r.c.g.SnailJobGrpcClient - gRPC channel state=TRANSIENT_FAILURE, try reconnect...
2026-01-04 12:20:08 [snail-job-grpc-client-executor-127.0.0.1-1246] ERROR c.a.s.c.c.handler.ClientRegister - heartbeat check requestId:[1246] message:[UNAVAILABLE: io exception]
2026-01-04 12:20:17 [sj-client-check] WARN  c.a.s.c.c.r.c.g.SnailJobGrpcClient - gRPC channel state=TRANSIENT_FAILURE, try reconnect...
2026-01-04 12:20:18 [snail-job-grpc-client-executor-127.0.0.1-1247] ERROR c.a.s.c.c.handler.ClientRegister - heartbeat check requestId:[1248] message:[UNAVAILABLE: io exception]
2026-01-04 12:20:27 [sj-client-check] WARN  c.a.s.c.c.r.c.g.SnailJobGrpcClient - gRPC channel state=TRANSIENT_FAILURE, try reconnect...
2026-01-04 12:20:28 [snail-job-grpc-client-executor-127.0.0.1-1249] ERROR c.a.s.c.c.handler.ClientRegister - heartbeat check requestId:[1249] message:[UNAVAILABLE: io exception]
2026-01-04 12:20:37 [sj-client-check] WARN  c.a.s.c.c.r.c.g.SnailJobGrpcClient - gRPC channel state=TRANSIENT_FAILURE, try reconnect...
2026-01-04 12:20:38 [snail-job-grpc-client-executor-127.0.0.1-1250] ERROR c.a.s.c.c.handler.ClientRegister - heartbeat check requestId:[1250] message:[UNAVAILABLE: io exception]
2026-01-04 12:20:41 [Thread-5] INFO  c.a.s.c.c.window.SlidingRingWindow - JVM is about to exit, emitting data in the Window
2026-01-04 12:20:41 [SpringApplicationShutdownHook] INFO  c.a.s.c.c.init.SnailJobCloseListener - snail-job client about to shutdown v1.8.0
2026-01-04 12:20:41 [SpringApplicationShutdownHook] INFO  c.a.s.c.c.l.report.AbstractLogReport - AsyncReport Log about to shutdown
2026-01-04 12:20:41 [SpringApplicationShutdownHook] INFO  c.a.s.c.c.window.SlidingRingWindow - Sliding window is about to exit, emitting data in the Window
2026-01-04 12:20:41 [SpringApplicationShutdownHook] INFO  c.a.s.c.c.l.report.AbstractLogReport - AsyncReport Log has been shutdown
2026-01-04 12:20:41 [SpringApplicationShutdownHook] INFO  c.a.s.c.c.init.SnailJobCloseListener - snail-job client closed successfully v1.8.0
2026-01-04 12:20:41 [SpringApplicationShutdownHook] INFO  io.undertow - stopping server: Undertow - 2.3.20.Final
2026-01-04 12:20:41 [SpringApplicationShutdownHook] INFO  io.undertow.servlet - Destroying Spring FrameworkServlet 'dispatcherServlet'
2026-01-04 12:20:42 [SpringApplicationShutdownHook] INFO  o.d.c.core.config.ThreadPoolConfig - ====关闭后台任务任务线程池====
2026-01-04 12:20:42 [SpringApplicationShutdownHook] INFO  c.b.d.d.DynamicRoutingDataSource - dynamic-datasource start closing ....
2026-01-04 12:20:42 [SpringApplicationShutdownHook] INFO  com.zaxxer.hikari.HikariDataSource - master - Shutdown initiated...
2026-01-04 12:20:42 [SpringApplicationShutdownHook] INFO  com.zaxxer.hikari.HikariDataSource - master - Shutdown completed.
2026-01-04 12:20:42 [SpringApplicationShutdownHook] INFO  c.b.d.d.d.DefaultDataSourceDestroyer - dynamic-datasource close the datasource named [master] success,
2026-01-04 12:20:42 [SpringApplicationShutdownHook] INFO  c.b.d.d.DynamicRoutingDataSource - dynamic-datasource all closed success,bye
