2026-01-04 09:21:52 [background-preinit] INFO  o.h.validator.internal.util.Version - HV000001: Hibernate Validator 8.0.3.Final
2026-01-04 09:21:52 [main] INFO  org.dromara.DromaraApplication - Starting DromaraApplication using Java 17.0.16 with PID 19020 (D:\MaJingyao\RuoYi-Vue-Plus-5.X\ruoyi-admin\target\classes started by KitMa in D:\MaJingyao\RuoYi-Vue-Plus-5.X)
2026-01-04 09:21:52 [main] INFO  org.dromara.DromaraApplication - The following 1 profile is active: "dev"
2026-01-04 09:22:00 [main] INFO  io.undertow.servlet - Initializing Spring embedded WebApplicationContext
2026-01-04 09:22:01 [main] INFO  c.b.d.d.DynamicRoutingDataSource - dynamic-datasource detect P6SPY plugin and enabled it
2026-01-04 09:22:01 [main] INFO  com.zaxxer.hikari.HikariDataSource - master - Starting...
2026-01-04 09:22:01 [main] INFO  com.zaxxer.hikari.pool.HikariPool - master - Added connection org.postgresql.jdbc.PgConnection@26f7b114
2026-01-04 09:22:01 [main] INFO  com.zaxxer.hikari.HikariDataSource - master - Start completed.
2026-01-04 09:22:01 [main] INFO  c.b.d.d.DynamicRoutingDataSource - dynamic-datasource - add a datasource named [master] success
2026-01-04 09:22:01 [main] INFO  c.b.d.d.DynamicRoutingDataSource - dynamic-datasource initial loaded [1] datasource,primary datasource named [master]
2026-01-04 09:22:03 [main] INFO  o.d.common.redis.config.RedisConfig - 初始化 redis 配置
2026-01-04 09:22:03 [main] INFO  org.redisson.Version - Redisson 3.51.0
2026-01-04 09:22:03 [redisson-netty-1-5] INFO  o.r.connection.ConnectionsHolder - 1 connections initialized for localhost/127.0.0.1:6379
2026-01-04 09:22:03 [redisson-netty-1-4] INFO  o.r.connection.ConnectionsHolder - 8 connections initialized for localhost/127.0.0.1:6379
2026-01-04 09:22:05 [main] INFO  c.a.s.c.j.c.e.b.AbstractScriptExecutor$SnailFileUtils - [FileUtils] [workspace] use user.home as workspace: C:\Users\KitMa/snailJob/worker
2026-01-04 09:22:05 [main] INFO  c.a.s.c.j.c.e.b.AbstractScriptExecutor$SnailFileUtils - [FileUtils] [workspace] use user.home as workspace: C:\Users\KitMa/snailJob/worker
2026-01-04 09:22:05 [main] INFO  c.a.s.c.j.c.e.b.AbstractScriptExecutor$SnailFileUtils - [FileUtils] [workspace] use user.home as workspace: C:\Users\KitMa/snailJob/worker
2026-01-04 09:22:06 [main] INFO  o.d.common.json.config.JacksonConfig - 初始化 jackson 配置
2026-01-04 09:22:06 [main] INFO  c.a.s.c.s.SnailJobClientJobCoreAutoConfiguration - Snail-Job 客户端IP为: 10.0.72.57
2026-01-04 09:22:06 [main] INFO  c.b.m.e.s.MybatisPlusApplicationContextAware - Register ApplicationContext instances org.springframework.boot.web.servlet.context.AnnotationConfigServletWebServerApplicationContext@24be2d9c
2026-01-04 09:22:15 [main] INFO  o.d.w.p.modes.sb.config.BeanConfig - 【warm-flow】，加载完成
2026-01-04 09:22:16 [main] INFO  io.undertow - starting server: Undertow - 2.3.20.Final
2026-01-04 09:22:16 [main] INFO  org.xnio - XNIO version 3.8.16.Final
2026-01-04 09:22:16 [main] INFO  org.xnio.nio - XNIO NIO Implementation Version 3.8.16.Final
2026-01-04 09:22:16 [main] INFO  org.jboss.threads - JBoss Threads version 3.7.0.Final
2026-01-04 09:22:16 [main] INFO  org.dromara.DromaraApplication - Started DromaraApplication in 24.988 seconds (process running for 27.545)
2026-01-04 09:22:16 [main] INFO  o.d.c.sse.listener.SseTopicListener - 初始化SSE主题订阅监听器成功
2026-01-04 09:22:16 [main] INFO  c.a.s.c.c.init.SnailJobStartListener - snail-job client is preparing to start... v1.8.0
2026-01-04 09:22:17 [main] INFO  c.a.s.c.c.r.c.g.SnailJobGrpcClient - gRPC client started connect to server
2026-01-04 09:22:17 [main] INFO  c.a.s.c.c.rpc.server.SnailGrpcServer - ------> snail-job remoting server start success, grpc = com.aizuda.snailjob.client.common.rpc.server.SnailGrpcServer, port = 28080
2026-01-04 09:22:18 [main] INFO  c.a.s.c.c.init.SnailJobStartListener - snail-job client started successfully v1.8.0
2026-01-04 09:22:21 [main] INFO  o.d.s.runner.SystemApplicationRunner - 初始化OSS配置成功
2026-01-04 09:22:31 [XNIO-1 task-2] INFO  io.undertow.servlet - Initializing Spring DispatcherServlet 'dispatcherServlet'
2026-01-04 09:22:32 [XNIO-1 task-4] INFO  o.d.c.w.i.PlusWebInvokeTimeInterceptor - [PLUS]开始请求 => URL[GET /resource/sse/close],无参数
2026-01-04 09:22:32 [XNIO-1 task-3] INFO  o.d.c.w.i.PlusWebInvokeTimeInterceptor - [PLUS]开始请求 => URL[POST /auth/logout],无参数
2026-01-04 09:22:32 [XNIO-1 task-3] INFO  o.d.c.w.i.PlusWebInvokeTimeInterceptor - [PLUS]结束请求 => URL[POST /auth/logout],耗时:[16]毫秒
2026-01-04 09:22:32 [XNIO-1 task-2] INFO  o.d.c.w.i.PlusWebInvokeTimeInterceptor - [PLUS]开始请求 => URL[GET /auth/code],无参数
2026-01-04 09:22:32 [XNIO-1 task-3] INFO  o.d.c.w.i.PlusWebInvokeTimeInterceptor - [PLUS]开始请求 => URL[GET /auth/tenant/list],无参数
2026-01-04 09:22:33 [XNIO-1 task-2] INFO  o.d.c.r.aspectj.RateLimiterAspect - 限制令牌 => 10, 剩余令牌 => 9, 缓存key => 'global:rate_limit:/auth/code:0:0:0:0:0:0:0:1:'
2026-01-04 09:22:33 [XNIO-1 task-3] INFO  o.d.c.r.aspectj.RateLimiterAspect - 限制令牌 => 20, 剩余令牌 => 19, 缓存key => 'global:rate_limit:/auth/tenant/list:0:0:0:0:0:0:0:1:'
2026-01-04 09:22:33 [XNIO-1 task-2] INFO  o.d.c.w.i.PlusWebInvokeTimeInterceptor - [PLUS]结束请求 => URL[GET /auth/code],耗时:[470]毫秒
2026-01-04 09:22:34 [XNIO-1 task-3] INFO  o.d.c.w.i.PlusWebInvokeTimeInterceptor - [PLUS]结束请求 => URL[GET /auth/tenant/list],耗时:[1650]毫秒
2026-01-04 09:22:35 [XNIO-1 task-4] INFO  o.d.c.w.i.PlusWebInvokeTimeInterceptor - [PLUS]结束请求 => URL[GET /resource/sse/close],耗时:[3063]毫秒
2026-01-04 09:22:46 [XNIO-1 task-4] INFO  o.d.c.w.i.PlusWebInvokeTimeInterceptor - [PLUS]开始请求 => URL[POST /auth/login],参数类型[json],参数:[{"tenantId":"000000","username":"admin","password":"123456","rememberMe":false,"code":"6","clientId":"e5cd7e4891bf95d1d19206ce24a7b32e","grantType":"password"}]
2026-01-04 09:22:46 [XNIO-1 task-4] INFO  o.d.c.w.i.PlusWebInvokeTimeInterceptor - [PLUS]结束请求 => URL[POST /auth/login],耗时:[143]毫秒
2026-01-04 09:22:46 [async-1] INFO  o.d.s.s.i.SysLogininforServiceImpl - [0:0:0:0:0:0:0:1]内网IP[admin][Error][验证码已失效]
2026-01-04 09:22:46 [XNIO-1 task-4] INFO  o.d.c.w.i.PlusWebInvokeTimeInterceptor - [PLUS]开始请求 => URL[GET /auth/code],无参数
2026-01-04 09:22:46 [XNIO-1 task-4] INFO  o.d.c.r.aspectj.RateLimiterAspect - 限制令牌 => 10, 剩余令牌 => 8, 缓存key => 'global:rate_limit:/auth/code:0:0:0:0:0:0:0:1:'
2026-01-04 09:22:46 [XNIO-1 task-4] INFO  o.d.c.w.i.PlusWebInvokeTimeInterceptor - [PLUS]结束请求 => URL[GET /auth/code],耗时:[9]毫秒
2026-01-04 09:22:48 [XNIO-1 task-4] INFO  o.d.c.w.i.PlusWebInvokeTimeInterceptor - [PLUS]开始请求 => URL[POST /auth/login],参数类型[json],参数:[{"tenantId":"000000","username":"admin","password":"123456","rememberMe":false,"code":"1","uuid":"caf220d161a244bf8b8ad235ca38b3b8","clientId":"e5cd7e4891bf95d1d19206ce24a7b32e","grantType":"password"}]
2026-01-04 09:22:48 [async-2] INFO  o.d.s.s.i.SysLogininforServiceImpl - [0:0:0:0:0:0:0:1]内网IP[admin][Success][登录成功]
2026-01-04 09:22:48 [XNIO-1 task-4] INFO  o.d.web.listener.UserActionListener - user doLogin, userId:sys_user:1, token:eyJ0eXAiOiJKV1QiLCJhbGciOiJIUzI1NiJ9.eyJsb2dpblR5cGUiOiJsb2dpbiIsImxvZ2luSWQiOiJzeXNfdXNlcjoxIiwicm5TdHIiOiJGbm9mOWZNYlJRWjVHenhxOWpYUHlBZ3A0aVJxbHRPdCIsImNsaWVudGlkIjoiZTVjZDdlNDg5MWJmOTVkMWQxOTIwNmNlMjRhN2IzMmUiLCJ0ZW5hbnRJZCI6IjAwMDAwMCIsInVzZXJJZCI6IjEiLCJ1c2VyTmFtZSI6ImFkbWluIiwiZGVwdElkIjoxLCJkZXB0TmFtZSI6IuW5v-S4nOebiOa1qeW3peiJuuWItuWTgeaciemZkOWFrOWPuCIsImRlcHRDYXRlZ29yeSI6IiJ9.EihSUco_cOwVoTDoHyxiziIeurd7h7YbtILA_AQWQKE
2026-01-04 09:22:48 [XNIO-1 task-4] INFO  o.d.c.w.i.PlusWebInvokeTimeInterceptor - [PLUS]结束请求 => URL[POST /auth/login],耗时:[174]毫秒
2026-01-04 09:22:49 [XNIO-1 task-4] INFO  o.d.c.w.i.PlusWebInvokeTimeInterceptor - [PLUS]开始请求 => URL[GET /system/user/getInfo],无参数
2026-01-04 09:22:49 [XNIO-1 task-4] INFO  o.d.c.w.i.PlusWebInvokeTimeInterceptor - [PLUS]结束请求 => URL[GET /system/user/getInfo],耗时:[68]毫秒
2026-01-04 09:22:49 [XNIO-1 task-4] INFO  o.d.c.w.i.PlusWebInvokeTimeInterceptor - [PLUS]开始请求 => URL[GET /system/menu/getRouters],无参数
2026-01-04 09:22:49 [XNIO-1 task-4] INFO  o.d.c.w.i.PlusWebInvokeTimeInterceptor - [PLUS]结束请求 => URL[GET /system/menu/getRouters],耗时:[39]毫秒
2026-01-04 09:22:49 [XNIO-1 task-4] INFO  o.d.c.w.i.PlusWebInvokeTimeInterceptor - [PLUS]开始请求 => URL[GET /auth/tenant/list],无参数
2026-01-04 09:22:49 [XNIO-1 task-4] INFO  o.d.c.r.aspectj.RateLimiterAspect - 限制令牌 => 20, 剩余令牌 => 18, 缓存key => 'global:rate_limit:/auth/tenant/list:0:0:0:0:0:0:0:1:'
2026-01-04 09:22:49 [XNIO-1 task-4] INFO  o.d.c.w.i.PlusWebInvokeTimeInterceptor - [PLUS]结束请求 => URL[GET /auth/tenant/list],耗时:[11]毫秒
2026-01-04 09:22:49 [XNIO-1 task-3] INFO  o.d.c.w.i.PlusWebInvokeTimeInterceptor - [PLUS]开始请求 => URL[GET /resource/sse],参数类型[param],参数:[{"Authorization":["Bearer eyJ0eXAiOiJKV1QiLCJhbGciOiJIUzI1NiJ9.eyJsb2dpblR5cGUiOiJsb2dpbiIsImxvZ2luSWQiOiJzeXNfdXNlcjoxIiwicm5TdHIiOiJGbm9mOWZNYlJRWjVHenhxOWpYUHlBZ3A0aVJxbHRPdCIsImNsaWVudGlkIjoiZTVjZDdlNDg5MWJmOTVkMWQxOTIwNmNlMjRhN2IzMmUiLCJ0ZW5hbnRJZCI6IjAwMDAwMCIsInVzZXJJZCI6IjEiLCJ1c2VyTmFtZSI6ImFkbWluIiwiZGVwdElkIjoxLCJkZXB0TmFtZSI6IuW5v-S4nOebiOa1qeW3peiJuuWItuWTgeaciemZkOWFrOWPuCIsImRlcHRDYXRlZ29yeSI6IiJ9.EihSUco_cOwVoTDoHyxiziIeurd7h7YbtILA_AQWQKE"],"clientid":["e5cd7e4891bf95d1d19206ce24a7b32e"]}]
2026-01-04 09:22:52 [XNIO-1 task-2] INFO  o.d.c.w.i.PlusWebInvokeTimeInterceptor - [PLUS]开始请求 => URL[GET /monitor/online],无参数
2026-01-04 09:22:52 [XNIO-1 task-4] INFO  o.d.c.w.i.PlusWebInvokeTimeInterceptor - [PLUS]开始请求 => URL[GET /system/dict/data/type/sys_device_type],无参数
2026-01-04 09:22:52 [XNIO-1 task-3] INFO  o.d.c.w.i.PlusWebInvokeTimeInterceptor - [PLUS]开始请求 => URL[GET /system/user/profile],无参数
2026-01-04 09:22:52 [XNIO-1 task-5] INFO  o.d.c.w.i.PlusWebInvokeTimeInterceptor - [PLUS]开始请求 => URL[GET /system/social/list],无参数
2026-01-04 09:22:52 [XNIO-1 task-2] INFO  o.d.c.w.i.PlusWebInvokeTimeInterceptor - [PLUS]结束请求 => URL[GET /monitor/online],耗时:[23]毫秒
2026-01-04 09:22:52 [XNIO-1 task-5] INFO  o.d.c.w.i.PlusWebInvokeTimeInterceptor - [PLUS]结束请求 => URL[GET /system/social/list],耗时:[28]毫秒
2026-01-04 09:22:52 [XNIO-1 task-3] INFO  o.d.c.w.i.PlusWebInvokeTimeInterceptor - [PLUS]结束请求 => URL[GET /system/user/profile],耗时:[45]毫秒
2026-01-04 09:22:52 [XNIO-1 task-4] INFO  o.d.c.w.i.PlusWebInvokeTimeInterceptor - [PLUS]结束请求 => URL[GET /system/dict/data/type/sys_device_type],耗时:[64]毫秒
2026-01-04 09:22:53 [schedule-pool-1] INFO  o.d.c.sse.core.SseEmitterManager - SSE发送主题订阅消息topic:global:sse session keys:[1] message:欢迎登录RuoYi-Vue-Plus后台管理系统
2026-01-04 09:22:53 [redisson-3-2] INFO  o.d.c.sse.listener.SseTopicListener - SSE主题订阅收到消息session keys=[1] message=欢迎登录RuoYi-Vue-Plus后台管理系统
2026-01-04 09:22:54 [XNIO-1 task-4] INFO  o.d.c.w.i.PlusWebInvokeTimeInterceptor - [PLUS]开始请求 => URL[GET /auth/binding/maxkey],参数类型[param],参数:[{"domain":["localhost:81"],"tenantId":["000000"]}]
2026-01-04 09:22:54 [XNIO-1 task-4] INFO  o.d.c.w.i.PlusWebInvokeTimeInterceptor - [PLUS]结束请求 => URL[GET /auth/binding/maxkey],耗时:[24]毫秒
2026-01-04 09:24:15 [XNIO-1 task-4] INFO  o.d.c.w.i.PlusWebInvokeTimeInterceptor - [PLUS]开始请求 => URL[GET /resource/sse],参数类型[param],参数:[{"Authorization":["Bearer eyJ0eXAiOiJKV1QiLCJhbGciOiJIUzI1NiJ9.eyJsb2dpblR5cGUiOiJsb2dpbiIsImxvZ2luSWQiOiJzeXNfdXNlcjoxIiwicm5TdHIiOiJGbm9mOWZNYlJRWjVHenhxOWpYUHlBZ3A0aVJxbHRPdCIsImNsaWVudGlkIjoiZTVjZDdlNDg5MWJmOTVkMWQxOTIwNmNlMjRhN2IzMmUiLCJ0ZW5hbnRJZCI6IjAwMDAwMCIsInVzZXJJZCI6IjEiLCJ1c2VyTmFtZSI6ImFkbWluIiwiZGVwdElkIjoxLCJkZXB0TmFtZSI6IuW5v-S4nOebiOa1qeW3peiJuuWItuWTgeaciemZkOWFrOWPuCIsImRlcHRDYXRlZ29yeSI6IiJ9.EihSUco_cOwVoTDoHyxiziIeurd7h7YbtILA_AQWQKE"],"clientid":["e5cd7e4891bf95d1d19206ce24a7b32e"]}]
2026-01-04 09:24:15 [XNIO-1 task-4] INFO  o.d.c.w.i.PlusWebInvokeTimeInterceptor - [PLUS]结束请求 => URL[GET /resource/sse],耗时:[6]毫秒
2026-01-04 09:25:46 [XNIO-1 task-4] INFO  o.d.c.w.i.PlusWebInvokeTimeInterceptor - [PLUS]开始请求 => URL[POST /auth/social/callback],参数类型[json],参数:[{"socialCode":"617d04e5-6362-4a95-8545-b18433c1589b","socialState":"eyJkb21haW4iOiJsb2NhbGhvc3Q6ODEiLCJ0ZW5hbnRJZCI6IjAwMDAwMCIsInN0YXRlIjoiM2IyY2Q4MzY2ZGViZGZjODBlNjQ5MTcyMDQ0ODUyNDEifQ==","tenantId":"000000","source":"maxkey","clientId":"e5cd7e4891bf95d1d19206ce24a7b32e","grantType":"social"}]
2026-01-04 09:25:46 [XNIO-1 task-4] INFO  o.d.c.w.i.PlusWebInvokeTimeInterceptor - [PLUS]结束请求 => URL[POST /auth/social/callback],耗时:[335]毫秒
2026-01-04 09:25:49 [XNIO-1 task-4] INFO  o.d.c.w.i.PlusWebInvokeTimeInterceptor - [PLUS]开始请求 => URL[GET /system/user/getInfo],无参数
2026-01-04 09:25:49 [XNIO-1 task-4] INFO  o.d.c.w.i.PlusWebInvokeTimeInterceptor - [PLUS]结束请求 => URL[GET /system/user/getInfo],耗时:[13]毫秒
2026-01-04 09:25:49 [XNIO-1 task-4] INFO  o.d.c.w.i.PlusWebInvokeTimeInterceptor - [PLUS]开始请求 => URL[GET /system/menu/getRouters],无参数
2026-01-04 09:25:49 [XNIO-1 task-4] INFO  o.d.c.w.i.PlusWebInvokeTimeInterceptor - [PLUS]结束请求 => URL[GET /system/menu/getRouters],耗时:[12]毫秒
2026-01-04 09:25:49 [XNIO-1 task-4] INFO  o.d.c.w.i.PlusWebInvokeTimeInterceptor - [PLUS]开始请求 => URL[GET /auth/tenant/list],无参数
2026-01-04 09:25:49 [XNIO-1 task-4] INFO  o.d.c.r.aspectj.RateLimiterAspect - 限制令牌 => 20, 剩余令牌 => 19, 缓存key => 'global:rate_limit:/auth/tenant/list:0:0:0:0:0:0:0:1:'
2026-01-04 09:25:49 [XNIO-1 task-4] INFO  o.d.c.w.i.PlusWebInvokeTimeInterceptor - [PLUS]结束请求 => URL[GET /auth/tenant/list],耗时:[9]毫秒
2026-01-04 09:25:49 [XNIO-1 task-4] INFO  o.d.c.w.i.PlusWebInvokeTimeInterceptor - [PLUS]开始请求 => URL[GET /resource/sse],参数类型[param],参数:[{"Authorization":["Bearer eyJ0eXAiOiJKV1QiLCJhbGciOiJIUzI1NiJ9.eyJsb2dpblR5cGUiOiJsb2dpbiIsImxvZ2luSWQiOiJzeXNfdXNlcjoxIiwicm5TdHIiOiJGbm9mOWZNYlJRWjVHenhxOWpYUHlBZ3A0aVJxbHRPdCIsImNsaWVudGlkIjoiZTVjZDdlNDg5MWJmOTVkMWQxOTIwNmNlMjRhN2IzMmUiLCJ0ZW5hbnRJZCI6IjAwMDAwMCIsInVzZXJJZCI6IjEiLCJ1c2VyTmFtZSI6ImFkbWluIiwiZGVwdElkIjoxLCJkZXB0TmFtZSI6IuW5v-S4nOebiOa1qeW3peiJuuWItuWTgeaciemZkOWFrOWPuCIsImRlcHRDYXRlZ29yeSI6IiJ9.EihSUco_cOwVoTDoHyxiziIeurd7h7YbtILA_AQWQKE"],"clientid":["e5cd7e4891bf95d1d19206ce24a7b32e"]}]
2026-01-04 09:25:54 [XNIO-1 task-4] INFO  o.d.c.w.i.PlusWebInvokeTimeInterceptor - [PLUS]开始请求 => URL[GET /system/dict/data/type/sys_device_type],无参数
2026-01-04 09:25:54 [XNIO-1 task-4] INFO  o.d.c.w.i.PlusWebInvokeTimeInterceptor - [PLUS]结束请求 => URL[GET /system/dict/data/type/sys_device_type],耗时:[3]毫秒
2026-01-04 09:25:54 [XNIO-1 task-4] INFO  o.d.c.w.i.PlusWebInvokeTimeInterceptor - [PLUS]开始请求 => URL[GET /system/social/list],无参数
2026-01-04 09:25:54 [XNIO-1 task-3] INFO  o.d.c.w.i.PlusWebInvokeTimeInterceptor - [PLUS]开始请求 => URL[GET /system/user/profile],无参数
2026-01-04 09:25:54 [XNIO-1 task-5] INFO  o.d.c.w.i.PlusWebInvokeTimeInterceptor - [PLUS]开始请求 => URL[GET /monitor/online],无参数
2026-01-04 09:25:54 [XNIO-1 task-5] INFO  o.d.c.w.i.PlusWebInvokeTimeInterceptor - [PLUS]结束请求 => URL[GET /monitor/online],耗时:[3]毫秒
2026-01-04 09:25:54 [XNIO-1 task-4] INFO  o.d.c.w.i.PlusWebInvokeTimeInterceptor - [PLUS]结束请求 => URL[GET /system/social/list],耗时:[6]毫秒
2026-01-04 09:25:54 [XNIO-1 task-3] INFO  o.d.c.w.i.PlusWebInvokeTimeInterceptor - [PLUS]结束请求 => URL[GET /system/user/profile],耗时:[16]毫秒
2026-01-04 09:25:57 [XNIO-1 task-3] INFO  o.d.c.w.i.PlusWebInvokeTimeInterceptor - [PLUS]开始请求 => URL[GET /auth/binding/maxkey],参数类型[param],参数:[{"domain":["localhost:81"],"tenantId":["000000"]}]
2026-01-04 09:25:57 [XNIO-1 task-3] INFO  o.d.c.w.i.PlusWebInvokeTimeInterceptor - [PLUS]结束请求 => URL[GET /auth/binding/maxkey],耗时:[1]毫秒
2026-01-04 09:25:58 [XNIO-1 task-3] INFO  o.d.c.w.i.PlusWebInvokeTimeInterceptor - [PLUS]开始请求 => URL[POST /auth/social/callback],参数类型[json],参数:[{"socialCode":"cd2c0576-2404-4bf1-8b88-2bc764754d09","socialState":"eyJkb21haW4iOiJsb2NhbGhvc3Q6ODEiLCJ0ZW5hbnRJZCI6IjAwMDAwMCIsInN0YXRlIjoiNjM5NGE4YjViY2I2NDZiOTc5YTVmNzc0MTFlZmNmMGMifQ==","tenantId":"000000","source":"maxkey","clientId":"e5cd7e4891bf95d1d19206ce24a7b32e","grantType":"social"}]
2026-01-04 09:25:58 [XNIO-1 task-3] INFO  o.d.c.w.i.PlusWebInvokeTimeInterceptor - [PLUS]结束请求 => URL[POST /auth/social/callback],耗时:[38]毫秒
2026-01-04 09:26:00 [XNIO-1 task-3] INFO  o.d.c.w.i.PlusWebInvokeTimeInterceptor - [PLUS]开始请求 => URL[GET /system/user/getInfo],无参数
2026-01-04 09:26:00 [XNIO-1 task-3] INFO  o.d.c.w.i.PlusWebInvokeTimeInterceptor - [PLUS]结束请求 => URL[GET /system/user/getInfo],耗时:[9]毫秒
2026-01-04 09:26:00 [XNIO-1 task-3] INFO  o.d.c.w.i.PlusWebInvokeTimeInterceptor - [PLUS]开始请求 => URL[GET /system/menu/getRouters],无参数
2026-01-04 09:26:00 [XNIO-1 task-3] INFO  o.d.c.w.i.PlusWebInvokeTimeInterceptor - [PLUS]结束请求 => URL[GET /system/menu/getRouters],耗时:[7]毫秒
2026-01-04 09:26:01 [XNIO-1 task-3] INFO  o.d.c.w.i.PlusWebInvokeTimeInterceptor - [PLUS]开始请求 => URL[GET /auth/tenant/list],无参数
2026-01-04 09:26:01 [XNIO-1 task-3] INFO  o.d.c.r.aspectj.RateLimiterAspect - 限制令牌 => 20, 剩余令牌 => 18, 缓存key => 'global:rate_limit:/auth/tenant/list:0:0:0:0:0:0:0:1:'
2026-01-04 09:26:01 [XNIO-1 task-3] INFO  o.d.c.w.i.PlusWebInvokeTimeInterceptor - [PLUS]结束请求 => URL[GET /auth/tenant/list],耗时:[6]毫秒
2026-01-04 09:26:01 [XNIO-1 task-3] INFO  o.d.c.w.i.PlusWebInvokeTimeInterceptor - [PLUS]开始请求 => URL[GET /resource/sse],参数类型[param],参数:[{"Authorization":["Bearer eyJ0eXAiOiJKV1QiLCJhbGciOiJIUzI1NiJ9.eyJsb2dpblR5cGUiOiJsb2dpbiIsImxvZ2luSWQiOiJzeXNfdXNlcjoxIiwicm5TdHIiOiJGbm9mOWZNYlJRWjVHenhxOWpYUHlBZ3A0aVJxbHRPdCIsImNsaWVudGlkIjoiZTVjZDdlNDg5MWJmOTVkMWQxOTIwNmNlMjRhN2IzMmUiLCJ0ZW5hbnRJZCI6IjAwMDAwMCIsInVzZXJJZCI6IjEiLCJ1c2VyTmFtZSI6ImFkbWluIiwiZGVwdElkIjoxLCJkZXB0TmFtZSI6IuW5v-S4nOebiOa1qeW3peiJuuWItuWTgeaciemZkOWFrOWPuCIsImRlcHRDYXRlZ29yeSI6IiJ9.EihSUco_cOwVoTDoHyxiziIeurd7h7YbtILA_AQWQKE"],"clientid":["e5cd7e4891bf95d1d19206ce24a7b32e"]}]
2026-01-04 09:26:01 [XNIO-1 task-4] INFO  o.d.c.w.i.PlusWebInvokeTimeInterceptor - [PLUS]开始请求 => URL[GET /resource/sse],参数类型[param],参数:[{"Authorization":["Bearer eyJ0eXAiOiJKV1QiLCJhbGciOiJIUzI1NiJ9.eyJsb2dpblR5cGUiOiJsb2dpbiIsImxvZ2luSWQiOiJzeXNfdXNlcjoxIiwicm5TdHIiOiJGbm9mOWZNYlJRWjVHenhxOWpYUHlBZ3A0aVJxbHRPdCIsImNsaWVudGlkIjoiZTVjZDdlNDg5MWJmOTVkMWQxOTIwNmNlMjRhN2IzMmUiLCJ0ZW5hbnRJZCI6IjAwMDAwMCIsInVzZXJJZCI6IjEiLCJ1c2VyTmFtZSI6ImFkbWluIiwiZGVwdElkIjoxLCJkZXB0TmFtZSI6IuW5v-S4nOebiOa1qeW3peiJuuWItuWTgeaciemZkOWFrOWPuCIsImRlcHRDYXRlZ29yeSI6IiJ9.EihSUco_cOwVoTDoHyxiziIeurd7h7YbtILA_AQWQKE"],"clientid":["e5cd7e4891bf95d1d19206ce24a7b32e"]}]
2026-01-04 09:26:01 [XNIO-1 task-4] INFO  o.d.c.w.i.PlusWebInvokeTimeInterceptor - [PLUS]结束请求 => URL[GET /resource/sse],耗时:[0]毫秒
2026-01-04 09:26:01 [XNIO-1 task-3] INFO  o.d.c.w.i.PlusWebInvokeTimeInterceptor - [PLUS]开始请求 => URL[GET /resource/sse],参数类型[param],参数:[{"Authorization":["Bearer eyJ0eXAiOiJKV1QiLCJhbGciOiJIUzI1NiJ9.eyJsb2dpblR5cGUiOiJsb2dpbiIsImxvZ2luSWQiOiJzeXNfdXNlcjoxIiwicm5TdHIiOiJGbm9mOWZNYlJRWjVHenhxOWpYUHlBZ3A0aVJxbHRPdCIsImNsaWVudGlkIjoiZTVjZDdlNDg5MWJmOTVkMWQxOTIwNmNlMjRhN2IzMmUiLCJ0ZW5hbnRJZCI6IjAwMDAwMCIsInVzZXJJZCI6IjEiLCJ1c2VyTmFtZSI6ImFkbWluIiwiZGVwdElkIjoxLCJkZXB0TmFtZSI6IuW5v-S4nOebiOa1qeW3peiJuuWItuWTgeaciemZkOWFrOWPuCIsImRlcHRDYXRlZ29yeSI6IiJ9.EihSUco_cOwVoTDoHyxiziIeurd7h7YbtILA_AQWQKE"],"clientid":["e5cd7e4891bf95d1d19206ce24a7b32e"]}]
2026-01-04 09:26:01 [XNIO-1 task-3] INFO  o.d.c.w.i.PlusWebInvokeTimeInterceptor - [PLUS]结束请求 => URL[GET /resource/sse],耗时:[0]毫秒
2026-01-04 09:26:04 [XNIO-1 task-3] INFO  o.d.c.w.i.PlusWebInvokeTimeInterceptor - [PLUS]开始请求 => URL[GET /resource/sse],参数类型[param],参数:[{"Authorization":["Bearer eyJ0eXAiOiJKV1QiLCJhbGciOiJIUzI1NiJ9.eyJsb2dpblR5cGUiOiJsb2dpbiIsImxvZ2luSWQiOiJzeXNfdXNlcjoxIiwicm5TdHIiOiJGbm9mOWZNYlJRWjVHenhxOWpYUHlBZ3A0aVJxbHRPdCIsImNsaWVudGlkIjoiZTVjZDdlNDg5MWJmOTVkMWQxOTIwNmNlMjRhN2IzMmUiLCJ0ZW5hbnRJZCI6IjAwMDAwMCIsInVzZXJJZCI6IjEiLCJ1c2VyTmFtZSI6ImFkbWluIiwiZGVwdElkIjoxLCJkZXB0TmFtZSI6IuW5v-S4nOebiOa1qeW3peiJuuWItuWTgeaciemZkOWFrOWPuCIsImRlcHRDYXRlZ29yeSI6IiJ9.EihSUco_cOwVoTDoHyxiziIeurd7h7YbtILA_AQWQKE"],"clientid":["e5cd7e4891bf95d1d19206ce24a7b32e"]}]
2026-01-04 09:26:05 [XNIO-1 task-3] INFO  o.d.c.w.i.PlusWebInvokeTimeInterceptor - [PLUS]开始请求 => URL[GET /system/dict/data/type/sys_device_type],无参数
2026-01-04 09:26:05 [XNIO-1 task-3] INFO  o.d.c.w.i.PlusWebInvokeTimeInterceptor - [PLUS]结束请求 => URL[GET /system/dict/data/type/sys_device_type],耗时:[1]毫秒
2026-01-04 09:26:05 [XNIO-1 task-3] INFO  o.d.c.w.i.PlusWebInvokeTimeInterceptor - [PLUS]开始请求 => URL[GET /system/user/profile],无参数
2026-01-04 09:26:05 [XNIO-1 task-4] INFO  o.d.c.w.i.PlusWebInvokeTimeInterceptor - [PLUS]开始请求 => URL[GET /system/social/list],无参数
2026-01-04 09:26:05 [XNIO-1 task-5] INFO  o.d.c.w.i.PlusWebInvokeTimeInterceptor - [PLUS]开始请求 => URL[GET /monitor/online],无参数
2026-01-04 09:26:05 [XNIO-1 task-5] INFO  o.d.c.w.i.PlusWebInvokeTimeInterceptor - [PLUS]结束请求 => URL[GET /monitor/online],耗时:[2]毫秒
2026-01-04 09:26:05 [XNIO-1 task-4] INFO  o.d.c.w.i.PlusWebInvokeTimeInterceptor - [PLUS]结束请求 => URL[GET /system/social/list],耗时:[5]毫秒
2026-01-04 09:26:05 [XNIO-1 task-3] INFO  o.d.c.w.i.PlusWebInvokeTimeInterceptor - [PLUS]结束请求 => URL[GET /system/user/profile],耗时:[17]毫秒
2026-01-04 09:26:07 [XNIO-1 task-3] INFO  o.d.c.w.i.PlusWebInvokeTimeInterceptor - [PLUS]开始请求 => URL[GET /auth/binding/maxkey],参数类型[param],参数:[{"domain":["localhost:81"],"tenantId":["000000"]}]
2026-01-04 09:26:07 [XNIO-1 task-3] INFO  o.d.c.w.i.PlusWebInvokeTimeInterceptor - [PLUS]结束请求 => URL[GET /auth/binding/maxkey],耗时:[1]毫秒
2026-01-04 09:26:15 [XNIO-1 task-3] INFO  o.d.c.w.i.PlusWebInvokeTimeInterceptor - [PLUS]开始请求 => URL[POST /auth/social/callback],参数类型[json],参数:[{"socialCode":"380a880e-9d89-41b7-812c-a128e5c0b250","socialState":"eyJkb21haW4iOiJsb2NhbGhvc3Q6ODEiLCJ0ZW5hbnRJZCI6IjAwMDAwMCIsInN0YXRlIjoiMzdmYmEwYjMzMTM5YzkwNTMzNTQ5N2MwY2YyZDJkMjAifQ==","tenantId":"000000","source":"maxkey","clientId":"e5cd7e4891bf95d1d19206ce24a7b32e","grantType":"social"}]
2026-01-04 09:26:16 [XNIO-1 task-3] INFO  o.d.c.w.i.PlusWebInvokeTimeInterceptor - [PLUS]结束请求 => URL[POST /auth/social/callback],耗时:[36]毫秒
2026-01-04 09:26:18 [XNIO-1 task-3] INFO  o.d.c.w.i.PlusWebInvokeTimeInterceptor - [PLUS]开始请求 => URL[GET /system/user/getInfo],无参数
2026-01-04 09:26:18 [XNIO-1 task-3] INFO  o.d.c.w.i.PlusWebInvokeTimeInterceptor - [PLUS]结束请求 => URL[GET /system/user/getInfo],耗时:[7]毫秒
2026-01-04 09:26:18 [XNIO-1 task-3] INFO  o.d.c.w.i.PlusWebInvokeTimeInterceptor - [PLUS]开始请求 => URL[GET /system/menu/getRouters],无参数
2026-01-04 09:26:18 [XNIO-1 task-3] INFO  o.d.c.w.i.PlusWebInvokeTimeInterceptor - [PLUS]结束请求 => URL[GET /system/menu/getRouters],耗时:[6]毫秒
2026-01-04 09:26:18 [XNIO-1 task-3] INFO  o.d.c.w.i.PlusWebInvokeTimeInterceptor - [PLUS]开始请求 => URL[GET /auth/tenant/list],无参数
2026-01-04 09:26:18 [XNIO-1 task-3] INFO  o.d.c.r.aspectj.RateLimiterAspect - 限制令牌 => 20, 剩余令牌 => 17, 缓存key => 'global:rate_limit:/auth/tenant/list:0:0:0:0:0:0:0:1:'
2026-01-04 09:26:18 [XNIO-1 task-3] INFO  o.d.c.w.i.PlusWebInvokeTimeInterceptor - [PLUS]结束请求 => URL[GET /auth/tenant/list],耗时:[7]毫秒
2026-01-04 09:26:18 [XNIO-1 task-3] INFO  o.d.c.w.i.PlusWebInvokeTimeInterceptor - [PLUS]开始请求 => URL[GET /resource/sse],参数类型[param],参数:[{"Authorization":["Bearer eyJ0eXAiOiJKV1QiLCJhbGciOiJIUzI1NiJ9.eyJsb2dpblR5cGUiOiJsb2dpbiIsImxvZ2luSWQiOiJzeXNfdXNlcjoxIiwicm5TdHIiOiJGbm9mOWZNYlJRWjVHenhxOWpYUHlBZ3A0aVJxbHRPdCIsImNsaWVudGlkIjoiZTVjZDdlNDg5MWJmOTVkMWQxOTIwNmNlMjRhN2IzMmUiLCJ0ZW5hbnRJZCI6IjAwMDAwMCIsInVzZXJJZCI6IjEiLCJ1c2VyTmFtZSI6ImFkbWluIiwiZGVwdElkIjoxLCJkZXB0TmFtZSI6IuW5v-S4nOebiOa1qeW3peiJuuWItuWTgeaciemZkOWFrOWPuCIsImRlcHRDYXRlZ29yeSI6IiJ9.EihSUco_cOwVoTDoHyxiziIeurd7h7YbtILA_AQWQKE"],"clientid":["e5cd7e4891bf95d1d19206ce24a7b32e"]}]
2026-01-04 09:26:18 [XNIO-1 task-4] INFO  o.d.c.w.i.PlusWebInvokeTimeInterceptor - [PLUS]开始请求 => URL[GET /resource/sse],参数类型[param],参数:[{"Authorization":["Bearer eyJ0eXAiOiJKV1QiLCJhbGciOiJIUzI1NiJ9.eyJsb2dpblR5cGUiOiJsb2dpbiIsImxvZ2luSWQiOiJzeXNfdXNlcjoxIiwicm5TdHIiOiJGbm9mOWZNYlJRWjVHenhxOWpYUHlBZ3A0aVJxbHRPdCIsImNsaWVudGlkIjoiZTVjZDdlNDg5MWJmOTVkMWQxOTIwNmNlMjRhN2IzMmUiLCJ0ZW5hbnRJZCI6IjAwMDAwMCIsInVzZXJJZCI6IjEiLCJ1c2VyTmFtZSI6ImFkbWluIiwiZGVwdElkIjoxLCJkZXB0TmFtZSI6IuW5v-S4nOebiOa1qeW3peiJuuWItuWTgeaciemZkOWFrOWPuCIsImRlcHRDYXRlZ29yeSI6IiJ9.EihSUco_cOwVoTDoHyxiziIeurd7h7YbtILA_AQWQKE"],"clientid":["e5cd7e4891bf95d1d19206ce24a7b32e"]}]
2026-01-04 09:26:18 [XNIO-1 task-4] INFO  o.d.c.w.i.PlusWebInvokeTimeInterceptor - [PLUS]结束请求 => URL[GET /resource/sse],耗时:[0]毫秒
2026-01-04 09:26:18 [XNIO-1 task-3] INFO  o.d.c.w.i.PlusWebInvokeTimeInterceptor - [PLUS]开始请求 => URL[GET /resource/sse],参数类型[param],参数:[{"Authorization":["Bearer eyJ0eXAiOiJKV1QiLCJhbGciOiJIUzI1NiJ9.eyJsb2dpblR5cGUiOiJsb2dpbiIsImxvZ2luSWQiOiJzeXNfdXNlcjoxIiwicm5TdHIiOiJGbm9mOWZNYlJRWjVHenhxOWpYUHlBZ3A0aVJxbHRPdCIsImNsaWVudGlkIjoiZTVjZDdlNDg5MWJmOTVkMWQxOTIwNmNlMjRhN2IzMmUiLCJ0ZW5hbnRJZCI6IjAwMDAwMCIsInVzZXJJZCI6IjEiLCJ1c2VyTmFtZSI6ImFkbWluIiwiZGVwdElkIjoxLCJkZXB0TmFtZSI6IuW5v-S4nOebiOa1qeW3peiJuuWItuWTgeaciemZkOWFrOWPuCIsImRlcHRDYXRlZ29yeSI6IiJ9.EihSUco_cOwVoTDoHyxiziIeurd7h7YbtILA_AQWQKE"],"clientid":["e5cd7e4891bf95d1d19206ce24a7b32e"]}]
2026-01-04 09:26:18 [XNIO-1 task-3] INFO  o.d.c.w.i.PlusWebInvokeTimeInterceptor - [PLUS]结束请求 => URL[GET /resource/sse],耗时:[0]毫秒
2026-01-04 09:26:21 [XNIO-1 task-3] INFO  o.d.c.w.i.PlusWebInvokeTimeInterceptor - [PLUS]开始请求 => URL[GET /resource/sse],参数类型[param],参数:[{"Authorization":["Bearer eyJ0eXAiOiJKV1QiLCJhbGciOiJIUzI1NiJ9.eyJsb2dpblR5cGUiOiJsb2dpbiIsImxvZ2luSWQiOiJzeXNfdXNlcjoxIiwicm5TdHIiOiJGbm9mOWZNYlJRWjVHenhxOWpYUHlBZ3A0aVJxbHRPdCIsImNsaWVudGlkIjoiZTVjZDdlNDg5MWJmOTVkMWQxOTIwNmNlMjRhN2IzMmUiLCJ0ZW5hbnRJZCI6IjAwMDAwMCIsInVzZXJJZCI6IjEiLCJ1c2VyTmFtZSI6ImFkbWluIiwiZGVwdElkIjoxLCJkZXB0TmFtZSI6IuW5v-S4nOebiOa1qeW3peiJuuWItuWTgeaciemZkOWFrOWPuCIsImRlcHRDYXRlZ29yeSI6IiJ9.EihSUco_cOwVoTDoHyxiziIeurd7h7YbtILA_AQWQKE"],"clientid":["e5cd7e4891bf95d1d19206ce24a7b32e"]}]
2026-01-04 09:26:22 [XNIO-1 task-3] INFO  o.d.c.w.i.PlusWebInvokeTimeInterceptor - [PLUS]开始请求 => URL[GET /system/dict/data/type/sys_device_type],无参数
2026-01-04 09:26:22 [XNIO-1 task-3] INFO  o.d.c.w.i.PlusWebInvokeTimeInterceptor - [PLUS]结束请求 => URL[GET /system/dict/data/type/sys_device_type],耗时:[2]毫秒
2026-01-04 09:26:23 [XNIO-1 task-5] INFO  o.d.c.w.i.PlusWebInvokeTimeInterceptor - [PLUS]开始请求 => URL[GET /monitor/online],无参数
2026-01-04 09:26:23 [XNIO-1 task-3] INFO  o.d.c.w.i.PlusWebInvokeTimeInterceptor - [PLUS]开始请求 => URL[GET /system/user/profile],无参数
2026-01-04 09:26:23 [XNIO-1 task-4] INFO  o.d.c.w.i.PlusWebInvokeTimeInterceptor - [PLUS]开始请求 => URL[GET /system/social/list],无参数
2026-01-04 09:26:23 [XNIO-1 task-5] INFO  o.d.c.w.i.PlusWebInvokeTimeInterceptor - [PLUS]结束请求 => URL[GET /monitor/online],耗时:[2]毫秒
2026-01-04 09:26:23 [XNIO-1 task-4] INFO  o.d.c.w.i.PlusWebInvokeTimeInterceptor - [PLUS]结束请求 => URL[GET /system/social/list],耗时:[4]毫秒
2026-01-04 09:26:23 [XNIO-1 task-3] INFO  o.d.c.w.i.PlusWebInvokeTimeInterceptor - [PLUS]结束请求 => URL[GET /system/user/profile],耗时:[15]毫秒
2026-01-04 09:26:24 [XNIO-1 task-3] INFO  o.d.c.w.i.PlusWebInvokeTimeInterceptor - [PLUS]开始请求 => URL[GET /auth/binding/maxkey],参数类型[param],参数:[{"domain":["localhost:81"],"tenantId":["000000"]}]
2026-01-04 09:26:24 [XNIO-1 task-3] INFO  o.d.c.w.i.PlusWebInvokeTimeInterceptor - [PLUS]结束请求 => URL[GET /auth/binding/maxkey],耗时:[1]毫秒
2026-01-04 09:26:25 [XNIO-1 task-3] INFO  o.d.c.w.i.PlusWebInvokeTimeInterceptor - [PLUS]开始请求 => URL[POST /auth/social/callback],参数类型[json],参数:[{"socialCode":"59d84874-2701-40a9-b76c-d347da0d876a","socialState":"eyJkb21haW4iOiJsb2NhbGhvc3Q6ODEiLCJ0ZW5hbnRJZCI6IjAwMDAwMCIsInN0YXRlIjoiNzU0MjhmZGY0NjZlNDFlNTJiZWI4NTVlZjI0OTk5MGMifQ==","tenantId":"000000","source":"maxkey","clientId":"e5cd7e4891bf95d1d19206ce24a7b32e","grantType":"social"}]
2026-01-04 09:26:25 [XNIO-1 task-3] INFO  o.d.c.w.i.PlusWebInvokeTimeInterceptor - [PLUS]结束请求 => URL[POST /auth/social/callback],耗时:[35]毫秒
2026-01-04 09:26:28 [XNIO-1 task-3] INFO  o.d.c.w.i.PlusWebInvokeTimeInterceptor - [PLUS]开始请求 => URL[GET /system/user/getInfo],无参数
2026-01-04 09:26:28 [XNIO-1 task-3] INFO  o.d.c.w.i.PlusWebInvokeTimeInterceptor - [PLUS]结束请求 => URL[GET /system/user/getInfo],耗时:[6]毫秒
2026-01-04 09:26:28 [XNIO-1 task-3] INFO  o.d.c.w.i.PlusWebInvokeTimeInterceptor - [PLUS]开始请求 => URL[GET /system/menu/getRouters],无参数
2026-01-04 09:26:28 [XNIO-1 task-3] INFO  o.d.c.w.i.PlusWebInvokeTimeInterceptor - [PLUS]结束请求 => URL[GET /system/menu/getRouters],耗时:[6]毫秒
2026-01-04 09:26:28 [XNIO-1 task-3] INFO  o.d.c.w.i.PlusWebInvokeTimeInterceptor - [PLUS]开始请求 => URL[GET /auth/tenant/list],无参数
2026-01-04 09:26:28 [XNIO-1 task-3] INFO  o.d.c.r.aspectj.RateLimiterAspect - 限制令牌 => 20, 剩余令牌 => 16, 缓存key => 'global:rate_limit:/auth/tenant/list:0:0:0:0:0:0:0:1:'
2026-01-04 09:26:28 [XNIO-1 task-3] INFO  o.d.c.w.i.PlusWebInvokeTimeInterceptor - [PLUS]结束请求 => URL[GET /auth/tenant/list],耗时:[7]毫秒
2026-01-04 09:26:28 [XNIO-1 task-3] INFO  o.d.c.w.i.PlusWebInvokeTimeInterceptor - [PLUS]开始请求 => URL[GET /resource/sse],参数类型[param],参数:[{"Authorization":["Bearer eyJ0eXAiOiJKV1QiLCJhbGciOiJIUzI1NiJ9.eyJsb2dpblR5cGUiOiJsb2dpbiIsImxvZ2luSWQiOiJzeXNfdXNlcjoxIiwicm5TdHIiOiJGbm9mOWZNYlJRWjVHenhxOWpYUHlBZ3A0aVJxbHRPdCIsImNsaWVudGlkIjoiZTVjZDdlNDg5MWJmOTVkMWQxOTIwNmNlMjRhN2IzMmUiLCJ0ZW5hbnRJZCI6IjAwMDAwMCIsInVzZXJJZCI6IjEiLCJ1c2VyTmFtZSI6ImFkbWluIiwiZGVwdElkIjoxLCJkZXB0TmFtZSI6IuW5v-S4nOebiOa1qeW3peiJuuWItuWTgeaciemZkOWFrOWPuCIsImRlcHRDYXRlZ29yeSI6IiJ9.EihSUco_cOwVoTDoHyxiziIeurd7h7YbtILA_AQWQKE"],"clientid":["e5cd7e4891bf95d1d19206ce24a7b32e"]}]
2026-01-04 09:26:28 [XNIO-1 task-4] INFO  o.d.c.w.i.PlusWebInvokeTimeInterceptor - [PLUS]开始请求 => URL[GET /resource/sse],参数类型[param],参数:[{"Authorization":["Bearer eyJ0eXAiOiJKV1QiLCJhbGciOiJIUzI1NiJ9.eyJsb2dpblR5cGUiOiJsb2dpbiIsImxvZ2luSWQiOiJzeXNfdXNlcjoxIiwicm5TdHIiOiJGbm9mOWZNYlJRWjVHenhxOWpYUHlBZ3A0aVJxbHRPdCIsImNsaWVudGlkIjoiZTVjZDdlNDg5MWJmOTVkMWQxOTIwNmNlMjRhN2IzMmUiLCJ0ZW5hbnRJZCI6IjAwMDAwMCIsInVzZXJJZCI6IjEiLCJ1c2VyTmFtZSI6ImFkbWluIiwiZGVwdElkIjoxLCJkZXB0TmFtZSI6IuW5v-S4nOebiOa1qeW3peiJuuWItuWTgeaciemZkOWFrOWPuCIsImRlcHRDYXRlZ29yeSI6IiJ9.EihSUco_cOwVoTDoHyxiziIeurd7h7YbtILA_AQWQKE"],"clientid":["e5cd7e4891bf95d1d19206ce24a7b32e"]}]
2026-01-04 09:26:28 [XNIO-1 task-4] INFO  o.d.c.w.i.PlusWebInvokeTimeInterceptor - [PLUS]结束请求 => URL[GET /resource/sse],耗时:[0]毫秒
2026-01-04 09:26:28 [XNIO-1 task-3] INFO  o.d.c.w.i.PlusWebInvokeTimeInterceptor - [PLUS]开始请求 => URL[GET /resource/sse],参数类型[param],参数:[{"Authorization":["Bearer eyJ0eXAiOiJKV1QiLCJhbGciOiJIUzI1NiJ9.eyJsb2dpblR5cGUiOiJsb2dpbiIsImxvZ2luSWQiOiJzeXNfdXNlcjoxIiwicm5TdHIiOiJGbm9mOWZNYlJRWjVHenhxOWpYUHlBZ3A0aVJxbHRPdCIsImNsaWVudGlkIjoiZTVjZDdlNDg5MWJmOTVkMWQxOTIwNmNlMjRhN2IzMmUiLCJ0ZW5hbnRJZCI6IjAwMDAwMCIsInVzZXJJZCI6IjEiLCJ1c2VyTmFtZSI6ImFkbWluIiwiZGVwdElkIjoxLCJkZXB0TmFtZSI6IuW5v-S4nOebiOa1qeW3peiJuuWItuWTgeaciemZkOWFrOWPuCIsImRlcHRDYXRlZ29yeSI6IiJ9.EihSUco_cOwVoTDoHyxiziIeurd7h7YbtILA_AQWQKE"],"clientid":["e5cd7e4891bf95d1d19206ce24a7b32e"]}]
2026-01-04 09:26:28 [XNIO-1 task-3] INFO  o.d.c.w.i.PlusWebInvokeTimeInterceptor - [PLUS]结束请求 => URL[GET /resource/sse],耗时:[0]毫秒
2026-01-04 09:26:31 [XNIO-1 task-3] INFO  o.d.c.w.i.PlusWebInvokeTimeInterceptor - [PLUS]开始请求 => URL[GET /resource/sse],参数类型[param],参数:[{"Authorization":["Bearer eyJ0eXAiOiJKV1QiLCJhbGciOiJIUzI1NiJ9.eyJsb2dpblR5cGUiOiJsb2dpbiIsImxvZ2luSWQiOiJzeXNfdXNlcjoxIiwicm5TdHIiOiJGbm9mOWZNYlJRWjVHenhxOWpYUHlBZ3A0aVJxbHRPdCIsImNsaWVudGlkIjoiZTVjZDdlNDg5MWJmOTVkMWQxOTIwNmNlMjRhN2IzMmUiLCJ0ZW5hbnRJZCI6IjAwMDAwMCIsInVzZXJJZCI6IjEiLCJ1c2VyTmFtZSI6ImFkbWluIiwiZGVwdElkIjoxLCJkZXB0TmFtZSI6IuW5v-S4nOebiOa1qeW3peiJuuWItuWTgeaciemZkOWFrOWPuCIsImRlcHRDYXRlZ29yeSI6IiJ9.EihSUco_cOwVoTDoHyxiziIeurd7h7YbtILA_AQWQKE"],"clientid":["e5cd7e4891bf95d1d19206ce24a7b32e"]}]
2026-01-04 09:26:31 [XNIO-1 task-3] INFO  o.d.c.w.i.PlusWebInvokeTimeInterceptor - [PLUS]开始请求 => URL[GET /system/dict/data/type/sys_device_type],无参数
2026-01-04 09:26:31 [XNIO-1 task-3] INFO  o.d.c.w.i.PlusWebInvokeTimeInterceptor - [PLUS]结束请求 => URL[GET /system/dict/data/type/sys_device_type],耗时:[2]毫秒
2026-01-04 09:26:31 [XNIO-1 task-3] INFO  o.d.c.w.i.PlusWebInvokeTimeInterceptor - [PLUS]开始请求 => URL[GET /system/user/profile],无参数
2026-01-04 09:26:31 [XNIO-1 task-5] INFO  o.d.c.w.i.PlusWebInvokeTimeInterceptor - [PLUS]开始请求 => URL[GET /monitor/online],无参数
2026-01-04 09:26:31 [XNIO-1 task-4] INFO  o.d.c.w.i.PlusWebInvokeTimeInterceptor - [PLUS]开始请求 => URL[GET /system/social/list],无参数
2026-01-04 09:26:31 [XNIO-1 task-5] INFO  o.d.c.w.i.PlusWebInvokeTimeInterceptor - [PLUS]结束请求 => URL[GET /monitor/online],耗时:[1]毫秒
2026-01-04 09:26:31 [XNIO-1 task-4] INFO  o.d.c.w.i.PlusWebInvokeTimeInterceptor - [PLUS]结束请求 => URL[GET /system/social/list],耗时:[3]毫秒
2026-01-04 09:26:31 [XNIO-1 task-3] INFO  o.d.c.w.i.PlusWebInvokeTimeInterceptor - [PLUS]结束请求 => URL[GET /system/user/profile],耗时:[11]毫秒
2026-01-04 09:26:33 [XNIO-1 task-3] INFO  o.d.c.w.i.PlusWebInvokeTimeInterceptor - [PLUS]开始请求 => URL[GET /auth/binding/maxkey],参数类型[param],参数:[{"domain":["localhost:81"],"tenantId":["000000"]}]
2026-01-04 09:26:33 [XNIO-1 task-3] INFO  o.d.c.w.i.PlusWebInvokeTimeInterceptor - [PLUS]结束请求 => URL[GET /auth/binding/maxkey],耗时:[1]毫秒
2026-01-04 09:26:36 [XNIO-1 task-3] INFO  o.d.c.w.i.PlusWebInvokeTimeInterceptor - [PLUS]开始请求 => URL[POST /auth/social/callback],参数类型[json],参数:[{"socialCode":"89a25bce-2964-4ca5-bfc9-b90c9729f32b","socialState":"eyJkb21haW4iOiJsb2NhbGhvc3Q6ODEiLCJ0ZW5hbnRJZCI6IjAwMDAwMCIsInN0YXRlIjoiODJjODM2MjYyYzkxYTJiYWUzNWY4MjFmYzk1OWZlNDYifQ==","tenantId":"000000","source":"maxkey","clientId":"e5cd7e4891bf95d1d19206ce24a7b32e","grantType":"social"}]
2026-01-04 09:26:36 [XNIO-1 task-3] INFO  o.d.c.w.i.PlusWebInvokeTimeInterceptor - [PLUS]结束请求 => URL[POST /auth/social/callback],耗时:[58]毫秒
2026-01-04 09:26:38 [XNIO-1 task-3] INFO  o.d.c.w.i.PlusWebInvokeTimeInterceptor - [PLUS]开始请求 => URL[GET /system/user/getInfo],无参数
2026-01-04 09:26:38 [XNIO-1 task-3] INFO  o.d.c.w.i.PlusWebInvokeTimeInterceptor - [PLUS]结束请求 => URL[GET /system/user/getInfo],耗时:[5]毫秒
2026-01-04 09:26:38 [XNIO-1 task-3] INFO  o.d.c.w.i.PlusWebInvokeTimeInterceptor - [PLUS]开始请求 => URL[GET /system/menu/getRouters],无参数
2026-01-04 09:26:38 [XNIO-1 task-3] INFO  o.d.c.w.i.PlusWebInvokeTimeInterceptor - [PLUS]结束请求 => URL[GET /system/menu/getRouters],耗时:[6]毫秒
2026-01-04 09:26:38 [XNIO-1 task-3] INFO  o.d.c.w.i.PlusWebInvokeTimeInterceptor - [PLUS]开始请求 => URL[GET /auth/tenant/list],无参数
2026-01-04 09:26:38 [XNIO-1 task-3] INFO  o.d.c.r.aspectj.RateLimiterAspect - 限制令牌 => 20, 剩余令牌 => 15, 缓存key => 'global:rate_limit:/auth/tenant/list:0:0:0:0:0:0:0:1:'
2026-01-04 09:26:38 [XNIO-1 task-3] INFO  o.d.c.w.i.PlusWebInvokeTimeInterceptor - [PLUS]结束请求 => URL[GET /auth/tenant/list],耗时:[6]毫秒
2026-01-04 09:26:38 [XNIO-1 task-3] INFO  o.d.c.w.i.PlusWebInvokeTimeInterceptor - [PLUS]开始请求 => URL[GET /resource/sse],参数类型[param],参数:[{"Authorization":["Bearer eyJ0eXAiOiJKV1QiLCJhbGciOiJIUzI1NiJ9.eyJsb2dpblR5cGUiOiJsb2dpbiIsImxvZ2luSWQiOiJzeXNfdXNlcjoxIiwicm5TdHIiOiJGbm9mOWZNYlJRWjVHenhxOWpYUHlBZ3A0aVJxbHRPdCIsImNsaWVudGlkIjoiZTVjZDdlNDg5MWJmOTVkMWQxOTIwNmNlMjRhN2IzMmUiLCJ0ZW5hbnRJZCI6IjAwMDAwMCIsInVzZXJJZCI6IjEiLCJ1c2VyTmFtZSI6ImFkbWluIiwiZGVwdElkIjoxLCJkZXB0TmFtZSI6IuW5v-S4nOebiOa1qeW3peiJuuWItuWTgeaciemZkOWFrOWPuCIsImRlcHRDYXRlZ29yeSI6IiJ9.EihSUco_cOwVoTDoHyxiziIeurd7h7YbtILA_AQWQKE"],"clientid":["e5cd7e4891bf95d1d19206ce24a7b32e"]}]
2026-01-04 09:26:38 [XNIO-1 task-4] INFO  o.d.c.w.i.PlusWebInvokeTimeInterceptor - [PLUS]开始请求 => URL[GET /resource/sse],参数类型[param],参数:[{"Authorization":["Bearer eyJ0eXAiOiJKV1QiLCJhbGciOiJIUzI1NiJ9.eyJsb2dpblR5cGUiOiJsb2dpbiIsImxvZ2luSWQiOiJzeXNfdXNlcjoxIiwicm5TdHIiOiJGbm9mOWZNYlJRWjVHenhxOWpYUHlBZ3A0aVJxbHRPdCIsImNsaWVudGlkIjoiZTVjZDdlNDg5MWJmOTVkMWQxOTIwNmNlMjRhN2IzMmUiLCJ0ZW5hbnRJZCI6IjAwMDAwMCIsInVzZXJJZCI6IjEiLCJ1c2VyTmFtZSI6ImFkbWluIiwiZGVwdElkIjoxLCJkZXB0TmFtZSI6IuW5v-S4nOebiOa1qeW3peiJuuWItuWTgeaciemZkOWFrOWPuCIsImRlcHRDYXRlZ29yeSI6IiJ9.EihSUco_cOwVoTDoHyxiziIeurd7h7YbtILA_AQWQKE"],"clientid":["e5cd7e4891bf95d1d19206ce24a7b32e"]}]
2026-01-04 09:26:38 [XNIO-1 task-4] INFO  o.d.c.w.i.PlusWebInvokeTimeInterceptor - [PLUS]结束请求 => URL[GET /resource/sse],耗时:[0]毫秒
2026-01-04 09:26:38 [XNIO-1 task-3] INFO  o.d.c.w.i.PlusWebInvokeTimeInterceptor - [PLUS]开始请求 => URL[GET /resource/sse],参数类型[param],参数:[{"Authorization":["Bearer eyJ0eXAiOiJKV1QiLCJhbGciOiJIUzI1NiJ9.eyJsb2dpblR5cGUiOiJsb2dpbiIsImxvZ2luSWQiOiJzeXNfdXNlcjoxIiwicm5TdHIiOiJGbm9mOWZNYlJRWjVHenhxOWpYUHlBZ3A0aVJxbHRPdCIsImNsaWVudGlkIjoiZTVjZDdlNDg5MWJmOTVkMWQxOTIwNmNlMjRhN2IzMmUiLCJ0ZW5hbnRJZCI6IjAwMDAwMCIsInVzZXJJZCI6IjEiLCJ1c2VyTmFtZSI6ImFkbWluIiwiZGVwdElkIjoxLCJkZXB0TmFtZSI6IuW5v-S4nOebiOa1qeW3peiJuuWItuWTgeaciemZkOWFrOWPuCIsImRlcHRDYXRlZ29yeSI6IiJ9.EihSUco_cOwVoTDoHyxiziIeurd7h7YbtILA_AQWQKE"],"clientid":["e5cd7e4891bf95d1d19206ce24a7b32e"]}]
2026-01-04 09:26:38 [XNIO-1 task-3] INFO  o.d.c.w.i.PlusWebInvokeTimeInterceptor - [PLUS]结束请求 => URL[GET /resource/sse],耗时:[0]毫秒
2026-01-04 09:26:41 [XNIO-1 task-3] INFO  o.d.c.w.i.PlusWebInvokeTimeInterceptor - [PLUS]开始请求 => URL[GET /resource/sse],参数类型[param],参数:[{"Authorization":["Bearer eyJ0eXAiOiJKV1QiLCJhbGciOiJIUzI1NiJ9.eyJsb2dpblR5cGUiOiJsb2dpbiIsImxvZ2luSWQiOiJzeXNfdXNlcjoxIiwicm5TdHIiOiJGbm9mOWZNYlJRWjVHenhxOWpYUHlBZ3A0aVJxbHRPdCIsImNsaWVudGlkIjoiZTVjZDdlNDg5MWJmOTVkMWQxOTIwNmNlMjRhN2IzMmUiLCJ0ZW5hbnRJZCI6IjAwMDAwMCIsInVzZXJJZCI6IjEiLCJ1c2VyTmFtZSI6ImFkbWluIiwiZGVwdElkIjoxLCJkZXB0TmFtZSI6IuW5v-S4nOebiOa1qeW3peiJuuWItuWTgeaciemZkOWFrOWPuCIsImRlcHRDYXRlZ29yeSI6IiJ9.EihSUco_cOwVoTDoHyxiziIeurd7h7YbtILA_AQWQKE"],"clientid":["e5cd7e4891bf95d1d19206ce24a7b32e"]}]
2026-01-04 09:29:36 [XNIO-1 task-3] INFO  o.d.c.w.i.PlusWebInvokeTimeInterceptor - [PLUS]开始请求 => URL[GET /system/dict/data/type/sys_device_type],无参数
2026-01-04 09:29:36 [XNIO-1 task-3] INFO  o.d.c.w.i.PlusWebInvokeTimeInterceptor - [PLUS]结束请求 => URL[GET /system/dict/data/type/sys_device_type],耗时:[1]毫秒
2026-01-04 09:29:37 [XNIO-1 task-3] INFO  o.d.c.w.i.PlusWebInvokeTimeInterceptor - [PLUS]开始请求 => URL[GET /system/user/profile],无参数
2026-01-04 09:29:37 [XNIO-1 task-4] INFO  o.d.c.w.i.PlusWebInvokeTimeInterceptor - [PLUS]开始请求 => URL[GET /system/social/list],无参数
2026-01-04 09:29:37 [XNIO-1 task-5] INFO  o.d.c.w.i.PlusWebInvokeTimeInterceptor - [PLUS]开始请求 => URL[GET /monitor/online],无参数
2026-01-04 09:29:37 [XNIO-1 task-5] INFO  o.d.c.w.i.PlusWebInvokeTimeInterceptor - [PLUS]结束请求 => URL[GET /monitor/online],耗时:[2]毫秒
2026-01-04 09:29:37 [XNIO-1 task-4] INFO  o.d.c.w.i.PlusWebInvokeTimeInterceptor - [PLUS]结束请求 => URL[GET /system/social/list],耗时:[6]毫秒
2026-01-04 09:29:37 [XNIO-1 task-3] INFO  o.d.c.w.i.PlusWebInvokeTimeInterceptor - [PLUS]结束请求 => URL[GET /system/user/profile],耗时:[13]毫秒
2026-01-04 09:29:39 [XNIO-1 task-3] INFO  o.d.c.w.i.PlusWebInvokeTimeInterceptor - [PLUS]开始请求 => URL[GET /auth/binding/maxkey],参数类型[param],参数:[{"domain":["localhost:81"],"tenantId":["000000"]}]
2026-01-04 09:29:39 [XNIO-1 task-3] INFO  o.d.c.w.i.PlusWebInvokeTimeInterceptor - [PLUS]结束请求 => URL[GET /auth/binding/maxkey],耗时:[1]毫秒
2026-01-04 09:29:43 [XNIO-1 task-3] INFO  o.d.c.w.i.PlusWebInvokeTimeInterceptor - [PLUS]开始请求 => URL[POST /auth/social/callback],参数类型[json],参数:[{"socialCode":"3f9d2aba-02f3-4008-9125-9d3c698f0cc2","socialState":"eyJkb21haW4iOiJsb2NhbGhvc3Q6ODEiLCJ0ZW5hbnRJZCI6IjAwMDAwMCIsInN0YXRlIjoiZjczMDVhYjI2YjA0ZjY2ZTY4MmMxNWZiNzA5OGIyMWIifQ==","tenantId":"000000","source":"maxkey","clientId":"e5cd7e4891bf95d1d19206ce24a7b32e","grantType":"social"}]
2026-01-04 09:29:43 [XNIO-1 task-3] INFO  o.d.c.w.i.PlusWebInvokeTimeInterceptor - [PLUS]结束请求 => URL[POST /auth/social/callback],耗时:[61]毫秒
2026-01-04 09:29:46 [XNIO-1 task-3] INFO  o.d.c.w.i.PlusWebInvokeTimeInterceptor - [PLUS]开始请求 => URL[GET /system/user/getInfo],无参数
2026-01-04 09:29:46 [XNIO-1 task-3] INFO  o.d.c.w.i.PlusWebInvokeTimeInterceptor - [PLUS]结束请求 => URL[GET /system/user/getInfo],耗时:[8]毫秒
2026-01-04 09:29:46 [XNIO-1 task-3] INFO  o.d.c.w.i.PlusWebInvokeTimeInterceptor - [PLUS]开始请求 => URL[GET /system/menu/getRouters],无参数
2026-01-04 09:29:46 [XNIO-1 task-3] INFO  o.d.c.w.i.PlusWebInvokeTimeInterceptor - [PLUS]结束请求 => URL[GET /system/menu/getRouters],耗时:[5]毫秒
2026-01-04 09:29:46 [XNIO-1 task-3] INFO  o.d.c.w.i.PlusWebInvokeTimeInterceptor - [PLUS]开始请求 => URL[GET /auth/tenant/list],无参数
2026-01-04 09:29:46 [XNIO-1 task-3] INFO  o.d.c.r.aspectj.RateLimiterAspect - 限制令牌 => 20, 剩余令牌 => 19, 缓存key => 'global:rate_limit:/auth/tenant/list:0:0:0:0:0:0:0:1:'
2026-01-04 09:29:46 [XNIO-1 task-3] INFO  o.d.c.w.i.PlusWebInvokeTimeInterceptor - [PLUS]结束请求 => URL[GET /auth/tenant/list],耗时:[6]毫秒
2026-01-04 09:29:46 [XNIO-1 task-3] INFO  o.d.c.w.i.PlusWebInvokeTimeInterceptor - [PLUS]开始请求 => URL[GET /resource/sse],参数类型[param],参数:[{"Authorization":["Bearer eyJ0eXAiOiJKV1QiLCJhbGciOiJIUzI1NiJ9.eyJsb2dpblR5cGUiOiJsb2dpbiIsImxvZ2luSWQiOiJzeXNfdXNlcjoxIiwicm5TdHIiOiJGbm9mOWZNYlJRWjVHenhxOWpYUHlBZ3A0aVJxbHRPdCIsImNsaWVudGlkIjoiZTVjZDdlNDg5MWJmOTVkMWQxOTIwNmNlMjRhN2IzMmUiLCJ0ZW5hbnRJZCI6IjAwMDAwMCIsInVzZXJJZCI6IjEiLCJ1c2VyTmFtZSI6ImFkbWluIiwiZGVwdElkIjoxLCJkZXB0TmFtZSI6IuW5v-S4nOebiOa1qeW3peiJuuWItuWTgeaciemZkOWFrOWPuCIsImRlcHRDYXRlZ29yeSI6IiJ9.EihSUco_cOwVoTDoHyxiziIeurd7h7YbtILA_AQWQKE"],"clientid":["e5cd7e4891bf95d1d19206ce24a7b32e"]}]
2026-01-04 09:29:46 [XNIO-1 task-4] INFO  o.d.c.w.i.PlusWebInvokeTimeInterceptor - [PLUS]开始请求 => URL[GET /resource/sse],参数类型[param],参数:[{"Authorization":["Bearer eyJ0eXAiOiJKV1QiLCJhbGciOiJIUzI1NiJ9.eyJsb2dpblR5cGUiOiJsb2dpbiIsImxvZ2luSWQiOiJzeXNfdXNlcjoxIiwicm5TdHIiOiJGbm9mOWZNYlJRWjVHenhxOWpYUHlBZ3A0aVJxbHRPdCIsImNsaWVudGlkIjoiZTVjZDdlNDg5MWJmOTVkMWQxOTIwNmNlMjRhN2IzMmUiLCJ0ZW5hbnRJZCI6IjAwMDAwMCIsInVzZXJJZCI6IjEiLCJ1c2VyTmFtZSI6ImFkbWluIiwiZGVwdElkIjoxLCJkZXB0TmFtZSI6IuW5v-S4nOebiOa1qeW3peiJuuWItuWTgeaciemZkOWFrOWPuCIsImRlcHRDYXRlZ29yeSI6IiJ9.EihSUco_cOwVoTDoHyxiziIeurd7h7YbtILA_AQWQKE"],"clientid":["e5cd7e4891bf95d1d19206ce24a7b32e"]}]
2026-01-04 09:29:46 [XNIO-1 task-4] INFO  o.d.c.w.i.PlusWebInvokeTimeInterceptor - [PLUS]结束请求 => URL[GET /resource/sse],耗时:[0]毫秒
2026-01-04 09:29:46 [XNIO-1 task-3] INFO  o.d.c.w.i.PlusWebInvokeTimeInterceptor - [PLUS]开始请求 => URL[GET /resource/sse],参数类型[param],参数:[{"Authorization":["Bearer eyJ0eXAiOiJKV1QiLCJhbGciOiJIUzI1NiJ9.eyJsb2dpblR5cGUiOiJsb2dpbiIsImxvZ2luSWQiOiJzeXNfdXNlcjoxIiwicm5TdHIiOiJGbm9mOWZNYlJRWjVHenhxOWpYUHlBZ3A0aVJxbHRPdCIsImNsaWVudGlkIjoiZTVjZDdlNDg5MWJmOTVkMWQxOTIwNmNlMjRhN2IzMmUiLCJ0ZW5hbnRJZCI6IjAwMDAwMCIsInVzZXJJZCI6IjEiLCJ1c2VyTmFtZSI6ImFkbWluIiwiZGVwdElkIjoxLCJkZXB0TmFtZSI6IuW5v-S4nOebiOa1qeW3peiJuuWItuWTgeaciemZkOWFrOWPuCIsImRlcHRDYXRlZ29yeSI6IiJ9.EihSUco_cOwVoTDoHyxiziIeurd7h7YbtILA_AQWQKE"],"clientid":["e5cd7e4891bf95d1d19206ce24a7b32e"]}]
2026-01-04 09:29:46 [XNIO-1 task-3] INFO  o.d.c.w.i.PlusWebInvokeTimeInterceptor - [PLUS]结束请求 => URL[GET /resource/sse],耗时:[0]毫秒
2026-01-04 09:29:48 [XNIO-1 task-4] INFO  o.d.c.w.i.PlusWebInvokeTimeInterceptor - [PLUS]开始请求 => URL[GET /system/user/profile],无参数
2026-01-04 09:29:48 [XNIO-1 task-3] INFO  o.d.c.w.i.PlusWebInvokeTimeInterceptor - [PLUS]开始请求 => URL[GET /system/dict/data/type/sys_device_type],无参数
2026-01-04 09:29:48 [XNIO-1 task-3] INFO  o.d.c.w.i.PlusWebInvokeTimeInterceptor - [PLUS]结束请求 => URL[GET /system/dict/data/type/sys_device_type],耗时:[1]毫秒
2026-01-04 09:29:48 [XNIO-1 task-4] INFO  o.d.c.w.i.PlusWebInvokeTimeInterceptor - [PLUS]结束请求 => URL[GET /system/user/profile],耗时:[22]毫秒
2026-01-04 09:29:49 [XNIO-1 task-3] INFO  o.d.c.w.i.PlusWebInvokeTimeInterceptor - [PLUS]开始请求 => URL[GET /monitor/online],无参数
2026-01-04 09:29:49 [XNIO-1 task-4] INFO  o.d.c.w.i.PlusWebInvokeTimeInterceptor - [PLUS]开始请求 => URL[GET /system/social/list],无参数
2026-01-04 09:29:49 [XNIO-1 task-3] INFO  o.d.c.w.i.PlusWebInvokeTimeInterceptor - [PLUS]结束请求 => URL[GET /monitor/online],耗时:[1]毫秒
2026-01-04 09:29:49 [XNIO-1 task-4] INFO  o.d.c.w.i.PlusWebInvokeTimeInterceptor - [PLUS]结束请求 => URL[GET /system/social/list],耗时:[16]毫秒
2026-01-04 09:29:49 [XNIO-1 task-4] INFO  o.d.c.w.i.PlusWebInvokeTimeInterceptor - [PLUS]开始请求 => URL[GET /resource/sse],参数类型[param],参数:[{"Authorization":["Bearer eyJ0eXAiOiJKV1QiLCJhbGciOiJIUzI1NiJ9.eyJsb2dpblR5cGUiOiJsb2dpbiIsImxvZ2luSWQiOiJzeXNfdXNlcjoxIiwicm5TdHIiOiJGbm9mOWZNYlJRWjVHenhxOWpYUHlBZ3A0aVJxbHRPdCIsImNsaWVudGlkIjoiZTVjZDdlNDg5MWJmOTVkMWQxOTIwNmNlMjRhN2IzMmUiLCJ0ZW5hbnRJZCI6IjAwMDAwMCIsInVzZXJJZCI6IjEiLCJ1c2VyTmFtZSI6ImFkbWluIiwiZGVwdElkIjoxLCJkZXB0TmFtZSI6IuW5v-S4nOebiOa1qeW3peiJuuWItuWTgeaciemZkOWFrOWPuCIsImRlcHRDYXRlZ29yeSI6IiJ9.EihSUco_cOwVoTDoHyxiziIeurd7h7YbtILA_AQWQKE"],"clientid":["e5cd7e4891bf95d1d19206ce24a7b32e"]}]
2026-01-04 09:30:09 [XNIO-1 task-4] INFO  o.d.c.w.i.PlusWebInvokeTimeInterceptor - [PLUS]开始请求 => URL[POST /auth/logout],无参数
2026-01-04 09:30:09 [async-3] INFO  o.d.s.s.i.SysLogininforServiceImpl - [0:0:0:0:0:0:0:1]内网IP[admin][Logout][退出成功]
2026-01-04 09:30:09 [XNIO-1 task-4] INFO  o.d.web.listener.UserActionListener - user doLogout, userId:sys_user:1, token:eyJ0eXAiOiJKV1QiLCJhbGciOiJIUzI1NiJ9.eyJsb2dpblR5cGUiOiJsb2dpbiIsImxvZ2luSWQiOiJzeXNfdXNlcjoxIiwicm5TdHIiOiJGbm9mOWZNYlJRWjVHenhxOWpYUHlBZ3A0aVJxbHRPdCIsImNsaWVudGlkIjoiZTVjZDdlNDg5MWJmOTVkMWQxOTIwNmNlMjRhN2IzMmUiLCJ0ZW5hbnRJZCI6IjAwMDAwMCIsInVzZXJJZCI6IjEiLCJ1c2VyTmFtZSI6ImFkbWluIiwiZGVwdElkIjoxLCJkZXB0TmFtZSI6IuW5v-S4nOebiOa1qeW3peiJuuWItuWTgeaciemZkOWFrOWPuCIsImRlcHRDYXRlZ29yeSI6IiJ9.EihSUco_cOwVoTDoHyxiziIeurd7h7YbtILA_AQWQKE
2026-01-04 09:30:09 [XNIO-1 task-4] INFO  o.d.c.w.i.PlusWebInvokeTimeInterceptor - [PLUS]结束请求 => URL[POST /auth/logout],耗时:[5]毫秒
2026-01-04 09:30:09 [XNIO-1 task-4] INFO  o.d.c.w.i.PlusWebInvokeTimeInterceptor - [PLUS]开始请求 => URL[GET /resource/sse/close],无参数
2026-01-04 09:30:09 [XNIO-1 task-3] INFO  o.d.c.w.i.PlusWebInvokeTimeInterceptor - [PLUS]开始请求 => URL[GET /resource/sse],参数类型[param],参数:[{"Authorization":["Bearer eyJ0eXAiOiJKV1QiLCJhbGciOiJIUzI1NiJ9.eyJsb2dpblR5cGUiOiJsb2dpbiIsImxvZ2luSWQiOiJzeXNfdXNlcjoxIiwicm5TdHIiOiJGbm9mOWZNYlJRWjVHenhxOWpYUHlBZ3A0aVJxbHRPdCIsImNsaWVudGlkIjoiZTVjZDdlNDg5MWJmOTVkMWQxOTIwNmNlMjRhN2IzMmUiLCJ0ZW5hbnRJZCI6IjAwMDAwMCIsInVzZXJJZCI6IjEiLCJ1c2VyTmFtZSI6ImFkbWluIiwiZGVwdElkIjoxLCJkZXB0TmFtZSI6IuW5v-S4nOebiOa1qeW3peiJuuWItuWTgeaciemZkOWFrOWPuCIsImRlcHRDYXRlZ29yeSI6IiJ9.EihSUco_cOwVoTDoHyxiziIeurd7h7YbtILA_AQWQKE"],"clientid":["e5cd7e4891bf95d1d19206ce24a7b32e"]}]
2026-01-04 09:30:09 [XNIO-1 task-4] INFO  o.d.c.w.i.PlusWebInvokeTimeInterceptor - [PLUS]结束请求 => URL[GET /resource/sse/close],耗时:[1]毫秒
2026-01-04 09:30:09 [XNIO-1 task-3] INFO  o.d.c.w.i.PlusWebInvokeTimeInterceptor - [PLUS]结束请求 => URL[GET /resource/sse],耗时:[0]毫秒
2026-01-04 09:30:09 [XNIO-1 task-4] INFO  o.d.c.w.i.PlusWebInvokeTimeInterceptor - [PLUS]开始请求 => URL[GET /auth/code],无参数
2026-01-04 09:30:09 [XNIO-1 task-4] INFO  o.d.c.r.aspectj.RateLimiterAspect - 限制令牌 => 10, 剩余令牌 => 9, 缓存key => 'global:rate_limit:/auth/code:0:0:0:0:0:0:0:1:'
2026-01-04 09:30:09 [XNIO-1 task-4] INFO  o.d.c.w.i.PlusWebInvokeTimeInterceptor - [PLUS]结束请求 => URL[GET /auth/code],耗时:[10]毫秒
2026-01-04 09:30:10 [XNIO-1 task-4] INFO  o.d.c.w.i.PlusWebInvokeTimeInterceptor - [PLUS]开始请求 => URL[GET /auth/tenant/list],无参数
2026-01-04 09:30:10 [XNIO-1 task-4] INFO  o.d.c.r.aspectj.RateLimiterAspect - 限制令牌 => 20, 剩余令牌 => 18, 缓存key => 'global:rate_limit:/auth/tenant/list:0:0:0:0:0:0:0:1:'
2026-01-04 09:30:10 [XNIO-1 task-4] INFO  o.d.c.w.i.PlusWebInvokeTimeInterceptor - [PLUS]结束请求 => URL[GET /auth/tenant/list],耗时:[4]毫秒
2026-01-04 09:30:12 [XNIO-1 task-3] INFO  o.d.c.w.i.PlusWebInvokeTimeInterceptor - [PLUS]开始请求 => URL[GET /auth/tenant/list],无参数
2026-01-04 09:30:12 [XNIO-1 task-4] INFO  o.d.c.w.i.PlusWebInvokeTimeInterceptor - [PLUS]开始请求 => URL[GET /auth/code],无参数
2026-01-04 09:30:12 [XNIO-1 task-4] INFO  o.d.c.r.aspectj.RateLimiterAspect - 限制令牌 => 10, 剩余令牌 => 8, 缓存key => 'global:rate_limit:/auth/code:0:0:0:0:0:0:0:1:'
2026-01-04 09:30:12 [XNIO-1 task-3] INFO  o.d.c.r.aspectj.RateLimiterAspect - 限制令牌 => 20, 剩余令牌 => 17, 缓存key => 'global:rate_limit:/auth/tenant/list:0:0:0:0:0:0:0:1:'
2026-01-04 09:30:12 [XNIO-1 task-3] INFO  o.d.c.w.i.PlusWebInvokeTimeInterceptor - [PLUS]结束请求 => URL[GET /auth/tenant/list],耗时:[4]毫秒
2026-01-04 09:30:12 [XNIO-1 task-4] INFO  o.d.c.w.i.PlusWebInvokeTimeInterceptor - [PLUS]结束请求 => URL[GET /auth/code],耗时:[5]毫秒
2026-01-04 09:30:12 [XNIO-1 task-4] INFO  o.d.c.w.i.PlusWebInvokeTimeInterceptor - [PLUS]开始请求 => URL[GET /auth/binding/maxkey],参数类型[param],参数:[{"domain":["localhost:81"],"tenantId":["000000"]}]
2026-01-04 09:30:12 [XNIO-1 task-4] INFO  o.d.c.w.i.PlusWebInvokeTimeInterceptor - [PLUS]结束请求 => URL[GET /auth/binding/maxkey],耗时:[1]毫秒
2026-01-04 09:30:21 [XNIO-1 task-4] INFO  o.d.c.w.i.PlusWebInvokeTimeInterceptor - [PLUS]开始请求 => URL[POST /auth/login],参数类型[json],参数:[{"socialCode":"7e82f2cf-67a5-4c7f-ae6e-9cfce36737b9","socialState":"eyJkb21haW4iOiJsb2NhbGhvc3Q6ODEiLCJ0ZW5hbnRJZCI6IjAwMDAwMCIsInN0YXRlIjoiZjhlNWNlMTQ0OTIwN2Q3MjJmZTY5M2YyM2RiOGRlMzUifQ==","tenantId":"000000","source":"maxkey","clientId":"e5cd7e4891bf95d1d19206ce24a7b32e","grantType":"social"}]
2026-01-04 09:30:21 [async-4] INFO  o.d.s.s.i.SysLogininforServiceImpl - [0:0:0:0:0:0:0:1]内网IP[admin][Success][登录成功]
2026-01-04 09:30:21 [XNIO-1 task-4] INFO  o.d.web.listener.UserActionListener - user doLogin, userId:sys_user:1, token:eyJ0eXAiOiJKV1QiLCJhbGciOiJIUzI1NiJ9.eyJsb2dpblR5cGUiOiJsb2dpbiIsImxvZ2luSWQiOiJzeXNfdXNlcjoxIiwicm5TdHIiOiJaTDQ5cE5MZ2t6aUxocUJRc0pCbkJnUXI2cmhVek9TUyIsImNsaWVudGlkIjoiZTVjZDdlNDg5MWJmOTVkMWQxOTIwNmNlMjRhN2IzMmUiLCJ0ZW5hbnRJZCI6IjAwMDAwMCIsInVzZXJJZCI6IjEiLCJ1c2VyTmFtZSI6ImFkbWluIiwiZGVwdElkIjoxLCJkZXB0TmFtZSI6IuW5v-S4nOebiOa1qeW3peiJuuWItuWTgeaciemZkOWFrOWPuCIsImRlcHRDYXRlZ29yeSI6IiJ9.kuqPb9Fhn6MN9IIoIl-IkuMZtdXpJa2xcSDF3KsYXxE
2026-01-04 09:30:21 [XNIO-1 task-4] INFO  o.d.c.w.i.PlusWebInvokeTimeInterceptor - [PLUS]结束请求 => URL[POST /auth/login],耗时:[46]毫秒
2026-01-04 09:30:23 [XNIO-1 task-4] INFO  o.d.c.w.i.PlusWebInvokeTimeInterceptor - [PLUS]开始请求 => URL[GET /system/user/getInfo],无参数
2026-01-04 09:30:23 [XNIO-1 task-4] INFO  o.d.c.w.i.PlusWebInvokeTimeInterceptor - [PLUS]结束请求 => URL[GET /system/user/getInfo],耗时:[7]毫秒
2026-01-04 09:30:23 [XNIO-1 task-4] INFO  o.d.c.w.i.PlusWebInvokeTimeInterceptor - [PLUS]开始请求 => URL[GET /system/menu/getRouters],无参数
2026-01-04 09:30:23 [XNIO-1 task-4] INFO  o.d.c.w.i.PlusWebInvokeTimeInterceptor - [PLUS]结束请求 => URL[GET /system/menu/getRouters],耗时:[7]毫秒
2026-01-04 09:30:23 [XNIO-1 task-4] INFO  o.d.c.w.i.PlusWebInvokeTimeInterceptor - [PLUS]开始请求 => URL[GET /auth/tenant/list],无参数
2026-01-04 09:30:23 [XNIO-1 task-4] INFO  o.d.c.r.aspectj.RateLimiterAspect - 限制令牌 => 20, 剩余令牌 => 16, 缓存key => 'global:rate_limit:/auth/tenant/list:0:0:0:0:0:0:0:1:'
2026-01-04 09:30:23 [XNIO-1 task-4] INFO  o.d.c.w.i.PlusWebInvokeTimeInterceptor - [PLUS]结束请求 => URL[GET /auth/tenant/list],耗时:[5]毫秒
2026-01-04 09:30:23 [XNIO-1 task-4] INFO  o.d.c.w.i.PlusWebInvokeTimeInterceptor - [PLUS]开始请求 => URL[GET /resource/sse],参数类型[param],参数:[{"Authorization":["Bearer eyJ0eXAiOiJKV1QiLCJhbGciOiJIUzI1NiJ9.eyJsb2dpblR5cGUiOiJsb2dpbiIsImxvZ2luSWQiOiJzeXNfdXNlcjoxIiwicm5TdHIiOiJaTDQ5cE5MZ2t6aUxocUJRc0pCbkJnUXI2cmhVek9TUyIsImNsaWVudGlkIjoiZTVjZDdlNDg5MWJmOTVkMWQxOTIwNmNlMjRhN2IzMmUiLCJ0ZW5hbnRJZCI6IjAwMDAwMCIsInVzZXJJZCI6IjEiLCJ1c2VyTmFtZSI6ImFkbWluIiwiZGVwdElkIjoxLCJkZXB0TmFtZSI6IuW5v-S4nOebiOa1qeW3peiJuuWItuWTgeaciemZkOWFrOWPuCIsImRlcHRDYXRlZ29yeSI6IiJ9.kuqPb9Fhn6MN9IIoIl-IkuMZtdXpJa2xcSDF3KsYXxE"],"clientid":["e5cd7e4891bf95d1d19206ce24a7b32e"]}]
2026-01-04 09:30:26 [schedule-pool-6] INFO  o.d.c.sse.core.SseEmitterManager - SSE发送主题订阅消息topic:global:sse session keys:[1] message:欢迎登录RuoYi-Vue-Plus后台管理系统
2026-01-04 09:30:26 [redisson-3-3] INFO  o.d.c.sse.listener.SseTopicListener - SSE主题订阅收到消息session keys=[1] message=欢迎登录RuoYi-Vue-Plus后台管理系统
2026-01-04 09:30:31 [XNIO-1 task-4] INFO  o.d.c.w.i.PlusWebInvokeTimeInterceptor - [PLUS]开始请求 => URL[POST /auth/logout],无参数
2026-01-04 09:30:31 [async-5] INFO  o.d.s.s.i.SysLogininforServiceImpl - [0:0:0:0:0:0:0:1]内网IP[admin][Logout][退出成功]
2026-01-04 09:30:31 [XNIO-1 task-4] INFO  o.d.web.listener.UserActionListener - user doLogout, userId:sys_user:1, token:eyJ0eXAiOiJKV1QiLCJhbGciOiJIUzI1NiJ9.eyJsb2dpblR5cGUiOiJsb2dpbiIsImxvZ2luSWQiOiJzeXNfdXNlcjoxIiwicm5TdHIiOiJaTDQ5cE5MZ2t6aUxocUJRc0pCbkJnUXI2cmhVek9TUyIsImNsaWVudGlkIjoiZTVjZDdlNDg5MWJmOTVkMWQxOTIwNmNlMjRhN2IzMmUiLCJ0ZW5hbnRJZCI6IjAwMDAwMCIsInVzZXJJZCI6IjEiLCJ1c2VyTmFtZSI6ImFkbWluIiwiZGVwdElkIjoxLCJkZXB0TmFtZSI6IuW5v-S4nOebiOa1qeW3peiJuuWItuWTgeaciemZkOWFrOWPuCIsImRlcHRDYXRlZ29yeSI6IiJ9.kuqPb9Fhn6MN9IIoIl-IkuMZtdXpJa2xcSDF3KsYXxE
2026-01-04 09:30:31 [XNIO-1 task-4] INFO  o.d.c.w.i.PlusWebInvokeTimeInterceptor - [PLUS]结束请求 => URL[POST /auth/logout],耗时:[5]毫秒
2026-01-04 09:30:32 [XNIO-1 task-4] INFO  o.d.c.w.i.PlusWebInvokeTimeInterceptor - [PLUS]开始请求 => URL[GET /resource/sse/close],无参数
2026-01-04 09:30:32 [XNIO-1 task-3] INFO  o.d.c.w.i.PlusWebInvokeTimeInterceptor - [PLUS]开始请求 => URL[GET /resource/sse],参数类型[param],参数:[{"Authorization":["Bearer eyJ0eXAiOiJKV1QiLCJhbGciOiJIUzI1NiJ9.eyJsb2dpblR5cGUiOiJsb2dpbiIsImxvZ2luSWQiOiJzeXNfdXNlcjoxIiwicm5TdHIiOiJaTDQ5cE5MZ2t6aUxocUJRc0pCbkJnUXI2cmhVek9TUyIsImNsaWVudGlkIjoiZTVjZDdlNDg5MWJmOTVkMWQxOTIwNmNlMjRhN2IzMmUiLCJ0ZW5hbnRJZCI6IjAwMDAwMCIsInVzZXJJZCI6IjEiLCJ1c2VyTmFtZSI6ImFkbWluIiwiZGVwdElkIjoxLCJkZXB0TmFtZSI6IuW5v-S4nOebiOa1qeW3peiJuuWItuWTgeaciemZkOWFrOWPuCIsImRlcHRDYXRlZ29yeSI6IiJ9.kuqPb9Fhn6MN9IIoIl-IkuMZtdXpJa2xcSDF3KsYXxE"],"clientid":["e5cd7e4891bf95d1d19206ce24a7b32e"]}]
2026-01-04 09:30:32 [XNIO-1 task-4] INFO  o.d.c.w.i.PlusWebInvokeTimeInterceptor - [PLUS]结束请求 => URL[GET /resource/sse/close],耗时:[1]毫秒
2026-01-04 09:30:32 [XNIO-1 task-3] INFO  o.d.c.w.i.PlusWebInvokeTimeInterceptor - [PLUS]结束请求 => URL[GET /resource/sse],耗时:[0]毫秒
2026-01-04 09:30:32 [XNIO-1 task-3] INFO  o.d.c.w.i.PlusWebInvokeTimeInterceptor - [PLUS]开始请求 => URL[GET /auth/code],无参数
2026-01-04 09:30:32 [XNIO-1 task-3] INFO  o.d.c.r.aspectj.RateLimiterAspect - 限制令牌 => 10, 剩余令牌 => 7, 缓存key => 'global:rate_limit:/auth/code:0:0:0:0:0:0:0:1:'
2026-01-04 09:30:32 [XNIO-1 task-3] INFO  o.d.c.w.i.PlusWebInvokeTimeInterceptor - [PLUS]结束请求 => URL[GET /auth/code],耗时:[4]毫秒
2026-01-04 09:30:32 [XNIO-1 task-3] INFO  o.d.c.w.i.PlusWebInvokeTimeInterceptor - [PLUS]开始请求 => URL[GET /auth/tenant/list],无参数
2026-01-04 09:30:32 [XNIO-1 task-3] INFO  o.d.c.r.aspectj.RateLimiterAspect - 限制令牌 => 20, 剩余令牌 => 15, 缓存key => 'global:rate_limit:/auth/tenant/list:0:0:0:0:0:0:0:1:'
2026-01-04 09:30:32 [XNIO-1 task-3] INFO  o.d.c.w.i.PlusWebInvokeTimeInterceptor - [PLUS]结束请求 => URL[GET /auth/tenant/list],耗时:[3]毫秒
2026-01-04 09:30:34 [XNIO-1 task-3] INFO  o.d.c.w.i.PlusWebInvokeTimeInterceptor - [PLUS]开始请求 => URL[GET /auth/code],无参数
2026-01-04 09:30:34 [XNIO-1 task-4] INFO  o.d.c.w.i.PlusWebInvokeTimeInterceptor - [PLUS]开始请求 => URL[GET /auth/tenant/list],无参数
2026-01-04 09:30:34 [XNIO-1 task-3] INFO  o.d.c.r.aspectj.RateLimiterAspect - 限制令牌 => 10, 剩余令牌 => 6, 缓存key => 'global:rate_limit:/auth/code:0:0:0:0:0:0:0:1:'
2026-01-04 09:30:34 [XNIO-1 task-4] INFO  o.d.c.r.aspectj.RateLimiterAspect - 限制令牌 => 20, 剩余令牌 => 14, 缓存key => 'global:rate_limit:/auth/tenant/list:0:0:0:0:0:0:0:1:'
2026-01-04 09:30:34 [XNIO-1 task-4] INFO  o.d.c.w.i.PlusWebInvokeTimeInterceptor - [PLUS]结束请求 => URL[GET /auth/tenant/list],耗时:[5]毫秒
2026-01-04 09:30:34 [XNIO-1 task-3] INFO  o.d.c.w.i.PlusWebInvokeTimeInterceptor - [PLUS]结束请求 => URL[GET /auth/code],耗时:[6]毫秒
2026-01-04 09:30:34 [XNIO-1 task-3] INFO  o.d.c.w.i.PlusWebInvokeTimeInterceptor - [PLUS]开始请求 => URL[GET /auth/binding/maxkey],参数类型[param],参数:[{"domain":["localhost:81"],"tenantId":["000000"]}]
2026-01-04 09:30:34 [XNIO-1 task-3] INFO  o.d.c.w.i.PlusWebInvokeTimeInterceptor - [PLUS]结束请求 => URL[GET /auth/binding/maxkey],耗时:[1]毫秒
2026-01-04 09:30:54 [XNIO-1 task-3] INFO  o.d.c.w.i.PlusWebInvokeTimeInterceptor - [PLUS]开始请求 => URL[POST /auth/login],参数类型[json],参数:[{"socialCode":"569f4b9c-ff7d-4dc6-bfbd-223460d408b7","socialState":"eyJkb21haW4iOiJsb2NhbGhvc3Q6ODEiLCJ0ZW5hbnRJZCI6IjAwMDAwMCIsInN0YXRlIjoiNzZmMTU5MmY5OTZjY2RkNzA1YjkxNzE5ZWFiYzBhY2UifQ==","tenantId":"000000","source":"maxkey","clientId":"e5cd7e4891bf95d1d19206ce24a7b32e","grantType":"social"}]
2026-01-04 09:30:54 [async-6] INFO  o.d.s.s.i.SysLogininforServiceImpl - [0:0:0:0:0:0:0:1]内网IP[admin][Success][登录成功]
2026-01-04 09:30:54 [XNIO-1 task-3] INFO  o.d.web.listener.UserActionListener - user doLogin, userId:sys_user:1, token:eyJ0eXAiOiJKV1QiLCJhbGciOiJIUzI1NiJ9.eyJsb2dpblR5cGUiOiJsb2dpbiIsImxvZ2luSWQiOiJzeXNfdXNlcjoxIiwicm5TdHIiOiJHdEFyeDBkWlJ0bU5zZWRKTWJlMktrNTE3VGtYS2ZIQiIsImNsaWVudGlkIjoiZTVjZDdlNDg5MWJmOTVkMWQxOTIwNmNlMjRhN2IzMmUiLCJ0ZW5hbnRJZCI6IjAwMDAwMCIsInVzZXJJZCI6IjEiLCJ1c2VyTmFtZSI6ImFkbWluIiwiZGVwdElkIjoxLCJkZXB0TmFtZSI6IuW5v-S4nOebiOa1qeW3peiJuuWItuWTgeaciemZkOWFrOWPuCIsImRlcHRDYXRlZ29yeSI6IiJ9.H1sfn8QBYeiesCDUQYrKhkvZU50q5LJKD5A9_D5vYMk
2026-01-04 09:30:54 [XNIO-1 task-3] INFO  o.d.c.w.i.PlusWebInvokeTimeInterceptor - [PLUS]结束请求 => URL[POST /auth/login],耗时:[61]毫秒
2026-01-04 09:30:57 [XNIO-1 task-3] INFO  o.d.c.w.i.PlusWebInvokeTimeInterceptor - [PLUS]开始请求 => URL[GET /system/user/getInfo],无参数
2026-01-04 09:30:57 [XNIO-1 task-3] INFO  o.d.c.w.i.PlusWebInvokeTimeInterceptor - [PLUS]结束请求 => URL[GET /system/user/getInfo],耗时:[8]毫秒
2026-01-04 09:30:57 [XNIO-1 task-3] INFO  o.d.c.w.i.PlusWebInvokeTimeInterceptor - [PLUS]开始请求 => URL[GET /system/menu/getRouters],无参数
2026-01-04 09:30:57 [XNIO-1 task-3] INFO  o.d.c.w.i.PlusWebInvokeTimeInterceptor - [PLUS]结束请求 => URL[GET /system/menu/getRouters],耗时:[7]毫秒
2026-01-04 09:30:57 [XNIO-1 task-3] INFO  o.d.c.w.i.PlusWebInvokeTimeInterceptor - [PLUS]开始请求 => URL[GET /auth/tenant/list],无参数
2026-01-04 09:30:57 [XNIO-1 task-3] INFO  o.d.c.r.aspectj.RateLimiterAspect - 限制令牌 => 20, 剩余令牌 => 14, 缓存key => 'global:rate_limit:/auth/tenant/list:0:0:0:0:0:0:0:1:'
2026-01-04 09:30:57 [XNIO-1 task-3] INFO  o.d.c.w.i.PlusWebInvokeTimeInterceptor - [PLUS]结束请求 => URL[GET /auth/tenant/list],耗时:[4]毫秒
2026-01-04 09:30:57 [XNIO-1 task-3] INFO  o.d.c.w.i.PlusWebInvokeTimeInterceptor - [PLUS]开始请求 => URL[GET /resource/sse],参数类型[param],参数:[{"Authorization":["Bearer eyJ0eXAiOiJKV1QiLCJhbGciOiJIUzI1NiJ9.eyJsb2dpblR5cGUiOiJsb2dpbiIsImxvZ2luSWQiOiJzeXNfdXNlcjoxIiwicm5TdHIiOiJHdEFyeDBkWlJ0bU5zZWRKTWJlMktrNTE3VGtYS2ZIQiIsImNsaWVudGlkIjoiZTVjZDdlNDg5MWJmOTVkMWQxOTIwNmNlMjRhN2IzMmUiLCJ0ZW5hbnRJZCI6IjAwMDAwMCIsInVzZXJJZCI6IjEiLCJ1c2VyTmFtZSI6ImFkbWluIiwiZGVwdElkIjoxLCJkZXB0TmFtZSI6IuW5v-S4nOebiOa1qeW3peiJuuWItuWTgeaciemZkOWFrOWPuCIsImRlcHRDYXRlZ29yeSI6IiJ9.H1sfn8QBYeiesCDUQYrKhkvZU50q5LJKD5A9_D5vYMk"],"clientid":["e5cd7e4891bf95d1d19206ce24a7b32e"]}]
2026-01-04 09:30:59 [schedule-pool-7] INFO  o.d.c.sse.core.SseEmitterManager - SSE发送主题订阅消息topic:global:sse session keys:[1] message:欢迎登录RuoYi-Vue-Plus后台管理系统
2026-01-04 09:30:59 [redisson-3-4] INFO  o.d.c.sse.listener.SseTopicListener - SSE主题订阅收到消息session keys=[1] message=欢迎登录RuoYi-Vue-Plus后台管理系统
2026-01-04 09:31:38 [XNIO-1 task-3] INFO  o.d.c.w.i.PlusWebInvokeTimeInterceptor - [PLUS]开始请求 => URL[POST /auth/logout],无参数
2026-01-04 09:31:38 [XNIO-1 task-3] INFO  o.d.web.listener.UserActionListener - user doLogout, userId:sys_user:1, token:eyJ0eXAiOiJKV1QiLCJhbGciOiJIUzI1NiJ9.eyJsb2dpblR5cGUiOiJsb2dpbiIsImxvZ2luSWQiOiJzeXNfdXNlcjoxIiwicm5TdHIiOiJHdEFyeDBkWlJ0bU5zZWRKTWJlMktrNTE3VGtYS2ZIQiIsImNsaWVudGlkIjoiZTVjZDdlNDg5MWJmOTVkMWQxOTIwNmNlMjRhN2IzMmUiLCJ0ZW5hbnRJZCI6IjAwMDAwMCIsInVzZXJJZCI6IjEiLCJ1c2VyTmFtZSI6ImFkbWluIiwiZGVwdElkIjoxLCJkZXB0TmFtZSI6IuW5v-S4nOebiOa1qeW3peiJuuWItuWTgeaciemZkOWFrOWPuCIsImRlcHRDYXRlZ29yeSI6IiJ9.H1sfn8QBYeiesCDUQYrKhkvZU50q5LJKD5A9_D5vYMk
2026-01-04 09:31:38 [async-7] INFO  o.d.s.s.i.SysLogininforServiceImpl - [0:0:0:0:0:0:0:1]内网IP[admin][Logout][退出成功]
2026-01-04 09:31:38 [XNIO-1 task-3] INFO  o.d.c.w.i.PlusWebInvokeTimeInterceptor - [PLUS]结束请求 => URL[POST /auth/logout],耗时:[5]毫秒
2026-01-04 09:31:38 [XNIO-1 task-3] INFO  o.d.c.w.i.PlusWebInvokeTimeInterceptor - [PLUS]开始请求 => URL[GET /resource/sse/close],无参数
2026-01-04 09:31:38 [XNIO-1 task-4] INFO  o.d.c.w.i.PlusWebInvokeTimeInterceptor - [PLUS]开始请求 => URL[GET /resource/sse],参数类型[param],参数:[{"Authorization":["Bearer eyJ0eXAiOiJKV1QiLCJhbGciOiJIUzI1NiJ9.eyJsb2dpblR5cGUiOiJsb2dpbiIsImxvZ2luSWQiOiJzeXNfdXNlcjoxIiwicm5TdHIiOiJHdEFyeDBkWlJ0bU5zZWRKTWJlMktrNTE3VGtYS2ZIQiIsImNsaWVudGlkIjoiZTVjZDdlNDg5MWJmOTVkMWQxOTIwNmNlMjRhN2IzMmUiLCJ0ZW5hbnRJZCI6IjAwMDAwMCIsInVzZXJJZCI6IjEiLCJ1c2VyTmFtZSI6ImFkbWluIiwiZGVwdElkIjoxLCJkZXB0TmFtZSI6IuW5v-S4nOebiOa1qeW3peiJuuWItuWTgeaciemZkOWFrOWPuCIsImRlcHRDYXRlZ29yeSI6IiJ9.H1sfn8QBYeiesCDUQYrKhkvZU50q5LJKD5A9_D5vYMk"],"clientid":["e5cd7e4891bf95d1d19206ce24a7b32e"]}]
2026-01-04 09:31:38 [XNIO-1 task-3] INFO  o.d.c.w.i.PlusWebInvokeTimeInterceptor - [PLUS]结束请求 => URL[GET /resource/sse/close],耗时:[0]毫秒
2026-01-04 09:31:38 [XNIO-1 task-4] INFO  o.d.c.w.i.PlusWebInvokeTimeInterceptor - [PLUS]结束请求 => URL[GET /resource/sse],耗时:[0]毫秒
2026-01-04 09:31:38 [XNIO-1 task-3] INFO  o.d.c.w.i.PlusWebInvokeTimeInterceptor - [PLUS]开始请求 => URL[GET /auth/code],无参数
2026-01-04 09:31:38 [XNIO-1 task-3] INFO  o.d.c.r.aspectj.RateLimiterAspect - 限制令牌 => 10, 剩余令牌 => 9, 缓存key => 'global:rate_limit:/auth/code:0:0:0:0:0:0:0:1:'
2026-01-04 09:31:38 [XNIO-1 task-3] INFO  o.d.c.w.i.PlusWebInvokeTimeInterceptor - [PLUS]结束请求 => URL[GET /auth/code],耗时:[6]毫秒
2026-01-04 09:31:38 [XNIO-1 task-3] INFO  o.d.c.w.i.PlusWebInvokeTimeInterceptor - [PLUS]开始请求 => URL[GET /auth/tenant/list],无参数
2026-01-04 09:31:38 [XNIO-1 task-3] INFO  o.d.c.r.aspectj.RateLimiterAspect - 限制令牌 => 20, 剩余令牌 => 18, 缓存key => 'global:rate_limit:/auth/tenant/list:0:0:0:0:0:0:0:1:'
2026-01-04 09:31:39 [XNIO-1 task-3] INFO  o.d.c.w.i.PlusWebInvokeTimeInterceptor - [PLUS]结束请求 => URL[GET /auth/tenant/list],耗时:[3]毫秒
2026-01-04 09:33:54 [XNIO-1 task-4] INFO  o.d.c.w.i.PlusWebInvokeTimeInterceptor - [PLUS]开始请求 => URL[GET /auth/tenant/list],无参数
2026-01-04 09:33:54 [XNIO-1 task-3] INFO  o.d.c.w.i.PlusWebInvokeTimeInterceptor - [PLUS]开始请求 => URL[GET /auth/code],无参数
2026-01-04 09:33:54 [XNIO-1 task-4] INFO  o.d.c.r.aspectj.RateLimiterAspect - 限制令牌 => 20, 剩余令牌 => 19, 缓存key => 'global:rate_limit:/auth/tenant/list:0:0:0:0:0:0:0:1:'
2026-01-04 09:33:54 [XNIO-1 task-3] INFO  o.d.c.r.aspectj.RateLimiterAspect - 限制令牌 => 10, 剩余令牌 => 9, 缓存key => 'global:rate_limit:/auth/code:0:0:0:0:0:0:0:1:'
2026-01-04 09:33:54 [XNIO-1 task-3] INFO  o.d.c.w.i.PlusWebInvokeTimeInterceptor - [PLUS]结束请求 => URL[GET /auth/code],耗时:[5]毫秒
2026-01-04 09:33:54 [XNIO-1 task-4] INFO  o.d.c.w.i.PlusWebInvokeTimeInterceptor - [PLUS]结束请求 => URL[GET /auth/tenant/list],耗时:[7]毫秒
2026-01-04 09:33:54 [XNIO-1 task-4] INFO  o.d.c.w.i.PlusWebInvokeTimeInterceptor - [PLUS]开始请求 => URL[GET /auth/binding/maxkey],参数类型[param],参数:[{"domain":["localhost:81"],"tenantId":["000000"]}]
2026-01-04 09:33:54 [XNIO-1 task-4] INFO  o.d.c.w.i.PlusWebInvokeTimeInterceptor - [PLUS]结束请求 => URL[GET /auth/binding/maxkey],耗时:[1]毫秒
2026-01-04 09:34:46 [XNIO-1 task-4] INFO  o.d.c.w.i.PlusWebInvokeTimeInterceptor - [PLUS]开始请求 => URL[POST /auth/login],参数类型[json],参数:[{"socialCode":"23e8a6be-261b-4c5d-8680-764d9849313b","socialState":"eyJkb21haW4iOiJsb2NhbGhvc3Q6ODEiLCJ0ZW5hbnRJZCI6IjAwMDAwMCIsInN0YXRlIjoiZTViYTZlMDUxOTBhMTdjMDE2MzA2YjYwZmIzMWNlYWQifQ==","tenantId":"000000","source":"maxkey","clientId":"e5cd7e4891bf95d1d19206ce24a7b32e","grantType":"social"}]
2026-01-04 09:34:46 [async-8] INFO  o.d.s.s.i.SysLogininforServiceImpl - [0:0:0:0:0:0:0:1]内网IP[admin][Success][登录成功]
2026-01-04 09:34:46 [XNIO-1 task-4] INFO  o.d.web.listener.UserActionListener - user doLogin, userId:sys_user:1, token:eyJ0eXAiOiJKV1QiLCJhbGciOiJIUzI1NiJ9.eyJsb2dpblR5cGUiOiJsb2dpbiIsImxvZ2luSWQiOiJzeXNfdXNlcjoxIiwicm5TdHIiOiJPR2tibGdoSXpqT2xINFJrT3N4Mmc4bTluTGE0d0JCQyIsImNsaWVudGlkIjoiZTVjZDdlNDg5MWJmOTVkMWQxOTIwNmNlMjRhN2IzMmUiLCJ0ZW5hbnRJZCI6IjAwMDAwMCIsInVzZXJJZCI6IjEiLCJ1c2VyTmFtZSI6ImFkbWluIiwiZGVwdElkIjoxLCJkZXB0TmFtZSI6IuW5v-S4nOebiOa1qeW3peiJuuWItuWTgeaciemZkOWFrOWPuCIsImRlcHRDYXRlZ29yeSI6IiJ9.fc0Ue1aXQ9S-jkS1tfb6U_9vtyHizhkxV2EXoWY6gqk
2026-01-04 09:34:46 [XNIO-1 task-4] INFO  o.d.c.w.i.PlusWebInvokeTimeInterceptor - [PLUS]结束请求 => URL[POST /auth/login],耗时:[41]毫秒
2026-01-04 09:34:49 [XNIO-1 task-4] INFO  o.d.c.w.i.PlusWebInvokeTimeInterceptor - [PLUS]开始请求 => URL[GET /system/user/getInfo],无参数
2026-01-04 09:34:49 [XNIO-1 task-4] INFO  o.d.c.w.i.PlusWebInvokeTimeInterceptor - [PLUS]结束请求 => URL[GET /system/user/getInfo],耗时:[7]毫秒
2026-01-04 09:34:49 [XNIO-1 task-4] INFO  o.d.c.w.i.PlusWebInvokeTimeInterceptor - [PLUS]开始请求 => URL[GET /system/menu/getRouters],无参数
2026-01-04 09:34:49 [XNIO-1 task-4] INFO  o.d.c.w.i.PlusWebInvokeTimeInterceptor - [PLUS]结束请求 => URL[GET /system/menu/getRouters],耗时:[4]毫秒
2026-01-04 09:34:49 [XNIO-1 task-4] INFO  o.d.c.w.i.PlusWebInvokeTimeInterceptor - [PLUS]开始请求 => URL[GET /auth/tenant/list],无参数
2026-01-04 09:34:49 [XNIO-1 task-4] INFO  o.d.c.r.aspectj.RateLimiterAspect - 限制令牌 => 20, 剩余令牌 => 18, 缓存key => 'global:rate_limit:/auth/tenant/list:0:0:0:0:0:0:0:1:'
2026-01-04 09:34:49 [XNIO-1 task-4] INFO  o.d.c.w.i.PlusWebInvokeTimeInterceptor - [PLUS]结束请求 => URL[GET /auth/tenant/list],耗时:[4]毫秒
2026-01-04 09:34:49 [XNIO-1 task-4] INFO  o.d.c.w.i.PlusWebInvokeTimeInterceptor - [PLUS]开始请求 => URL[GET /resource/sse],参数类型[param],参数:[{"Authorization":["Bearer eyJ0eXAiOiJKV1QiLCJhbGciOiJIUzI1NiJ9.eyJsb2dpblR5cGUiOiJsb2dpbiIsImxvZ2luSWQiOiJzeXNfdXNlcjoxIiwicm5TdHIiOiJPR2tibGdoSXpqT2xINFJrT3N4Mmc4bTluTGE0d0JCQyIsImNsaWVudGlkIjoiZTVjZDdlNDg5MWJmOTVkMWQxOTIwNmNlMjRhN2IzMmUiLCJ0ZW5hbnRJZCI6IjAwMDAwMCIsInVzZXJJZCI6IjEiLCJ1c2VyTmFtZSI6ImFkbWluIiwiZGVwdElkIjoxLCJkZXB0TmFtZSI6IuW5v-S4nOebiOa1qeW3peiJuuWItuWTgeaciemZkOWFrOWPuCIsImRlcHRDYXRlZ29yeSI6IiJ9.fc0Ue1aXQ9S-jkS1tfb6U_9vtyHizhkxV2EXoWY6gqk"],"clientid":["e5cd7e4891bf95d1d19206ce24a7b32e"]}]
2026-01-04 09:34:51 [schedule-pool-10] INFO  o.d.c.sse.core.SseEmitterManager - SSE发送主题订阅消息topic:global:sse session keys:[1] message:欢迎登录RuoYi-Vue-Plus后台管理系统
2026-01-04 09:34:51 [redisson-3-1] INFO  o.d.c.sse.listener.SseTopicListener - SSE主题订阅收到消息session keys=[1] message=欢迎登录RuoYi-Vue-Plus后台管理系统
2026-01-04 09:37:29 [XNIO-1 task-3] INFO  o.d.c.w.i.PlusWebInvokeTimeInterceptor - [PLUS]开始请求 => URL[GET /resource/sse/close],无参数
2026-01-04 09:37:29 [XNIO-1 task-4] INFO  o.d.c.w.i.PlusWebInvokeTimeInterceptor - [PLUS]开始请求 => URL[POST /auth/logout],无参数
2026-01-04 09:37:29 [XNIO-1 task-5] INFO  o.d.c.w.i.PlusWebInvokeTimeInterceptor - [PLUS]开始请求 => URL[GET /resource/sse],参数类型[param],参数:[{"Authorization":["Bearer eyJ0eXAiOiJKV1QiLCJhbGciOiJIUzI1NiJ9.eyJsb2dpblR5cGUiOiJsb2dpbiIsImxvZ2luSWQiOiJzeXNfdXNlcjoxIiwicm5TdHIiOiJPR2tibGdoSXpqT2xINFJrT3N4Mmc4bTluTGE0d0JCQyIsImNsaWVudGlkIjoiZTVjZDdlNDg5MWJmOTVkMWQxOTIwNmNlMjRhN2IzMmUiLCJ0ZW5hbnRJZCI6IjAwMDAwMCIsInVzZXJJZCI6IjEiLCJ1c2VyTmFtZSI6ImFkbWluIiwiZGVwdElkIjoxLCJkZXB0TmFtZSI6IuW5v-S4nOebiOa1qeW3peiJuuWItuWTgeaciemZkOWFrOWPuCIsImRlcHRDYXRlZ29yeSI6IiJ9.fc0Ue1aXQ9S-jkS1tfb6U_9vtyHizhkxV2EXoWY6gqk"],"clientid":["e5cd7e4891bf95d1d19206ce24a7b32e"]}]
2026-01-04 09:37:29 [XNIO-1 task-3] INFO  o.d.c.w.i.PlusWebInvokeTimeInterceptor - [PLUS]结束请求 => URL[GET /resource/sse/close],耗时:[1]毫秒
2026-01-04 09:37:29 [XNIO-1 task-5] INFO  o.d.c.w.i.PlusWebInvokeTimeInterceptor - [PLUS]结束请求 => URL[GET /resource/sse],耗时:[0]毫秒
2026-01-04 09:37:29 [XNIO-1 task-4] INFO  o.d.web.listener.UserActionListener - user doLogout, userId:sys_user:1, token:eyJ0eXAiOiJKV1QiLCJhbGciOiJIUzI1NiJ9.eyJsb2dpblR5cGUiOiJsb2dpbiIsImxvZ2luSWQiOiJzeXNfdXNlcjoxIiwicm5TdHIiOiJPR2tibGdoSXpqT2xINFJrT3N4Mmc4bTluTGE0d0JCQyIsImNsaWVudGlkIjoiZTVjZDdlNDg5MWJmOTVkMWQxOTIwNmNlMjRhN2IzMmUiLCJ0ZW5hbnRJZCI6IjAwMDAwMCIsInVzZXJJZCI6IjEiLCJ1c2VyTmFtZSI6ImFkbWluIiwiZGVwdElkIjoxLCJkZXB0TmFtZSI6IuW5v-S4nOebiOa1qeW3peiJuuWItuWTgeaciemZkOWFrOWPuCIsImRlcHRDYXRlZ29yeSI6IiJ9.fc0Ue1aXQ9S-jkS1tfb6U_9vtyHizhkxV2EXoWY6gqk
2026-01-04 09:37:29 [XNIO-1 task-4] INFO  o.d.c.w.i.PlusWebInvokeTimeInterceptor - [PLUS]结束请求 => URL[POST /auth/logout],耗时:[6]毫秒
2026-01-04 09:37:29 [async-9] INFO  o.d.s.s.i.SysLogininforServiceImpl - [0:0:0:0:0:0:0:1]内网IP[admin][Logout][退出成功]
2026-01-04 09:37:29 [XNIO-1 task-4] INFO  o.d.c.w.i.PlusWebInvokeTimeInterceptor - [PLUS]开始请求 => URL[GET /auth/code],无参数
2026-01-04 09:37:29 [XNIO-1 task-4] INFO  o.d.c.r.aspectj.RateLimiterAspect - 限制令牌 => 10, 剩余令牌 => 9, 缓存key => 'global:rate_limit:/auth/code:0:0:0:0:0:0:0:1:'
2026-01-04 09:37:29 [XNIO-1 task-4] INFO  o.d.c.w.i.PlusWebInvokeTimeInterceptor - [PLUS]结束请求 => URL[GET /auth/code],耗时:[5]毫秒
2026-01-04 09:37:29 [XNIO-1 task-4] INFO  o.d.c.w.i.PlusWebInvokeTimeInterceptor - [PLUS]开始请求 => URL[GET /auth/tenant/list],无参数
2026-01-04 09:37:29 [XNIO-1 task-4] INFO  o.d.c.r.aspectj.RateLimiterAspect - 限制令牌 => 20, 剩余令牌 => 19, 缓存key => 'global:rate_limit:/auth/tenant/list:0:0:0:0:0:0:0:1:'
2026-01-04 09:37:29 [XNIO-1 task-4] INFO  o.d.c.w.i.PlusWebInvokeTimeInterceptor - [PLUS]结束请求 => URL[GET /auth/tenant/list],耗时:[4]毫秒
2026-01-04 09:37:35 [XNIO-1 task-4] INFO  o.d.c.w.i.PlusWebInvokeTimeInterceptor - [PLUS]开始请求 => URL[GET /auth/code],无参数
2026-01-04 09:37:35 [XNIO-1 task-5] INFO  o.d.c.w.i.PlusWebInvokeTimeInterceptor - [PLUS]开始请求 => URL[GET /auth/tenant/list],无参数
2026-01-04 09:37:35 [XNIO-1 task-4] INFO  o.d.c.r.aspectj.RateLimiterAspect - 限制令牌 => 10, 剩余令牌 => 8, 缓存key => 'global:rate_limit:/auth/code:0:0:0:0:0:0:0:1:'
2026-01-04 09:37:35 [XNIO-1 task-5] INFO  o.d.c.r.aspectj.RateLimiterAspect - 限制令牌 => 20, 剩余令牌 => 18, 缓存key => 'global:rate_limit:/auth/tenant/list:0:0:0:0:0:0:0:1:'
2026-01-04 09:37:35 [XNIO-1 task-5] INFO  o.d.c.w.i.PlusWebInvokeTimeInterceptor - [PLUS]结束请求 => URL[GET /auth/tenant/list],耗时:[4]毫秒
2026-01-04 09:37:35 [XNIO-1 task-4] INFO  o.d.c.w.i.PlusWebInvokeTimeInterceptor - [PLUS]结束请求 => URL[GET /auth/code],耗时:[5]毫秒
2026-01-04 09:37:35 [XNIO-1 task-4] INFO  o.d.c.w.i.PlusWebInvokeTimeInterceptor - [PLUS]开始请求 => URL[GET /auth/binding/maxkey],参数类型[param],参数:[{"domain":["localhost:81"],"tenantId":["000000"]}]
2026-01-04 09:37:35 [XNIO-1 task-4] INFO  o.d.c.w.i.PlusWebInvokeTimeInterceptor - [PLUS]结束请求 => URL[GET /auth/binding/maxkey],耗时:[0]毫秒
2026-01-04 09:38:08 [XNIO-1 task-4] INFO  o.d.c.w.i.PlusWebInvokeTimeInterceptor - [PLUS]开始请求 => URL[POST /auth/login],参数类型[json],参数:[{"socialCode":"43a58a02-4cad-46bc-bd5e-273d2a873509","socialState":"eyJkb21haW4iOiJsb2NhbGhvc3Q6ODEiLCJ0ZW5hbnRJZCI6IjAwMDAwMCIsInN0YXRlIjoiYjdlMzNjYmYwNDA4MjhjMmM4YjNiY2IyN2Q5YWRiN2EifQ==","tenantId":"000000","source":"maxkey","clientId":"e5cd7e4891bf95d1d19206ce24a7b32e","grantType":"social"}]
2026-01-04 09:38:08 [async-10] INFO  o.d.s.s.i.SysLogininforServiceImpl - [0:0:0:0:0:0:0:1]内网IP[admin][Success][登录成功]
2026-01-04 09:38:08 [XNIO-1 task-4] INFO  o.d.web.listener.UserActionListener - user doLogin, userId:sys_user:1, token:eyJ0eXAiOiJKV1QiLCJhbGciOiJIUzI1NiJ9.eyJsb2dpblR5cGUiOiJsb2dpbiIsImxvZ2luSWQiOiJzeXNfdXNlcjoxIiwicm5TdHIiOiJ4TUpGbnFVbWRYanh1UVhyUmFoeUd2UFhjaHdwVDhDMCIsImNsaWVudGlkIjoiZTVjZDdlNDg5MWJmOTVkMWQxOTIwNmNlMjRhN2IzMmUiLCJ0ZW5hbnRJZCI6IjAwMDAwMCIsInVzZXJJZCI6IjEiLCJ1c2VyTmFtZSI6ImFkbWluIiwiZGVwdElkIjoxLCJkZXB0TmFtZSI6IuW5v-S4nOebiOa1qeW3peiJuuWItuWTgeaciemZkOWFrOWPuCIsImRlcHRDYXRlZ29yeSI6IiJ9.iSj1INOMehs-AkE1RoeMaTChbJMnPdN2n8c1dTmD8dg
2026-01-04 09:38:08 [XNIO-1 task-4] INFO  o.d.c.w.i.PlusWebInvokeTimeInterceptor - [PLUS]结束请求 => URL[POST /auth/login],耗时:[57]毫秒
2026-01-04 09:38:11 [XNIO-1 task-4] INFO  o.d.c.w.i.PlusWebInvokeTimeInterceptor - [PLUS]开始请求 => URL[GET /system/user/getInfo],无参数
2026-01-04 09:38:11 [XNIO-1 task-4] INFO  o.d.c.w.i.PlusWebInvokeTimeInterceptor - [PLUS]结束请求 => URL[GET /system/user/getInfo],耗时:[5]毫秒
2026-01-04 09:38:11 [XNIO-1 task-4] INFO  o.d.c.w.i.PlusWebInvokeTimeInterceptor - [PLUS]开始请求 => URL[GET /system/menu/getRouters],无参数
2026-01-04 09:38:11 [XNIO-1 task-4] INFO  o.d.c.w.i.PlusWebInvokeTimeInterceptor - [PLUS]结束请求 => URL[GET /system/menu/getRouters],耗时:[4]毫秒
2026-01-04 09:38:11 [XNIO-1 task-4] INFO  o.d.c.w.i.PlusWebInvokeTimeInterceptor - [PLUS]开始请求 => URL[GET /auth/tenant/list],无参数
2026-01-04 09:38:11 [XNIO-1 task-4] INFO  o.d.c.r.aspectj.RateLimiterAspect - 限制令牌 => 20, 剩余令牌 => 17, 缓存key => 'global:rate_limit:/auth/tenant/list:0:0:0:0:0:0:0:1:'
2026-01-04 09:38:11 [XNIO-1 task-4] INFO  o.d.c.w.i.PlusWebInvokeTimeInterceptor - [PLUS]结束请求 => URL[GET /auth/tenant/list],耗时:[5]毫秒
2026-01-04 09:38:11 [XNIO-1 task-4] INFO  o.d.c.w.i.PlusWebInvokeTimeInterceptor - [PLUS]开始请求 => URL[GET /resource/sse],参数类型[param],参数:[{"Authorization":["Bearer eyJ0eXAiOiJKV1QiLCJhbGciOiJIUzI1NiJ9.eyJsb2dpblR5cGUiOiJsb2dpbiIsImxvZ2luSWQiOiJzeXNfdXNlcjoxIiwicm5TdHIiOiJ4TUpGbnFVbWRYanh1UVhyUmFoeUd2UFhjaHdwVDhDMCIsImNsaWVudGlkIjoiZTVjZDdlNDg5MWJmOTVkMWQxOTIwNmNlMjRhN2IzMmUiLCJ0ZW5hbnRJZCI6IjAwMDAwMCIsInVzZXJJZCI6IjEiLCJ1c2VyTmFtZSI6ImFkbWluIiwiZGVwdElkIjoxLCJkZXB0TmFtZSI6IuW5v-S4nOebiOa1qeW3peiJuuWItuWTgeaciemZkOWFrOWPuCIsImRlcHRDYXRlZ29yeSI6IiJ9.iSj1INOMehs-AkE1RoeMaTChbJMnPdN2n8c1dTmD8dg"],"clientid":["e5cd7e4891bf95d1d19206ce24a7b32e"]}]
2026-01-04 09:38:13 [schedule-pool-3] INFO  o.d.c.sse.core.SseEmitterManager - SSE发送主题订阅消息topic:global:sse session keys:[1] message:欢迎登录RuoYi-Vue-Plus后台管理系统
2026-01-04 09:38:13 [redisson-3-2] INFO  o.d.c.sse.listener.SseTopicListener - SSE主题订阅收到消息session keys=[1] message=欢迎登录RuoYi-Vue-Plus后台管理系统
2026-01-04 09:42:57 [XNIO-1 task-4] INFO  o.d.c.w.i.PlusWebInvokeTimeInterceptor - [PLUS]开始请求 => URL[POST /auth/logout],无参数
2026-01-04 09:42:57 [XNIO-1 task-5] INFO  o.d.c.w.i.PlusWebInvokeTimeInterceptor - [PLUS]开始请求 => URL[GET /resource/sse/close],无参数
2026-01-04 09:42:57 [XNIO-1 task-3] INFO  o.d.c.w.i.PlusWebInvokeTimeInterceptor - [PLUS]开始请求 => URL[GET /resource/sse],参数类型[param],参数:[{"Authorization":["Bearer eyJ0eXAiOiJKV1QiLCJhbGciOiJIUzI1NiJ9.eyJsb2dpblR5cGUiOiJsb2dpbiIsImxvZ2luSWQiOiJzeXNfdXNlcjoxIiwicm5TdHIiOiJ4TUpGbnFVbWRYanh1UVhyUmFoeUd2UFhjaHdwVDhDMCIsImNsaWVudGlkIjoiZTVjZDdlNDg5MWJmOTVkMWQxOTIwNmNlMjRhN2IzMmUiLCJ0ZW5hbnRJZCI6IjAwMDAwMCIsInVzZXJJZCI6IjEiLCJ1c2VyTmFtZSI6ImFkbWluIiwiZGVwdElkIjoxLCJkZXB0TmFtZSI6IuW5v-S4nOebiOa1qeW3peiJuuWItuWTgeaciemZkOWFrOWPuCIsImRlcHRDYXRlZ29yeSI6IiJ9.iSj1INOMehs-AkE1RoeMaTChbJMnPdN2n8c1dTmD8dg"],"clientid":["e5cd7e4891bf95d1d19206ce24a7b32e"]}]
2026-01-04 09:42:57 [XNIO-1 task-5] INFO  o.d.c.w.i.PlusWebInvokeTimeInterceptor - [PLUS]结束请求 => URL[GET /resource/sse/close],耗时:[1]毫秒
2026-01-04 09:42:57 [XNIO-1 task-3] INFO  o.d.c.w.i.PlusWebInvokeTimeInterceptor - [PLUS]结束请求 => URL[GET /resource/sse],耗时:[0]毫秒
2026-01-04 09:42:57 [async-11] INFO  o.d.s.s.i.SysLogininforServiceImpl - [0:0:0:0:0:0:0:1]内网IP[admin][Logout][退出成功]
2026-01-04 09:42:57 [XNIO-1 task-4] INFO  o.d.web.listener.UserActionListener - user doLogout, userId:sys_user:1, token:eyJ0eXAiOiJKV1QiLCJhbGciOiJIUzI1NiJ9.eyJsb2dpblR5cGUiOiJsb2dpbiIsImxvZ2luSWQiOiJzeXNfdXNlcjoxIiwicm5TdHIiOiJ4TUpGbnFVbWRYanh1UVhyUmFoeUd2UFhjaHdwVDhDMCIsImNsaWVudGlkIjoiZTVjZDdlNDg5MWJmOTVkMWQxOTIwNmNlMjRhN2IzMmUiLCJ0ZW5hbnRJZCI6IjAwMDAwMCIsInVzZXJJZCI6IjEiLCJ1c2VyTmFtZSI6ImFkbWluIiwiZGVwdElkIjoxLCJkZXB0TmFtZSI6IuW5v-S4nOebiOa1qeW3peiJuuWItuWTgeaciemZkOWFrOWPuCIsImRlcHRDYXRlZ29yeSI6IiJ9.iSj1INOMehs-AkE1RoeMaTChbJMnPdN2n8c1dTmD8dg
2026-01-04 09:42:57 [XNIO-1 task-4] INFO  o.d.c.w.i.PlusWebInvokeTimeInterceptor - [PLUS]结束请求 => URL[POST /auth/logout],耗时:[6]毫秒
2026-01-04 09:42:58 [XNIO-1 task-4] INFO  o.d.c.w.i.PlusWebInvokeTimeInterceptor - [PLUS]开始请求 => URL[GET /auth/code],无参数
2026-01-04 09:42:58 [XNIO-1 task-4] INFO  o.d.c.r.aspectj.RateLimiterAspect - 限制令牌 => 10, 剩余令牌 => 9, 缓存key => 'global:rate_limit:/auth/code:0:0:0:0:0:0:0:1:'
2026-01-04 09:42:58 [XNIO-1 task-4] INFO  o.d.c.w.i.PlusWebInvokeTimeInterceptor - [PLUS]结束请求 => URL[GET /auth/code],耗时:[5]毫秒
2026-01-04 09:42:58 [XNIO-1 task-4] INFO  o.d.c.w.i.PlusWebInvokeTimeInterceptor - [PLUS]开始请求 => URL[GET /auth/tenant/list],无参数
2026-01-04 09:42:58 [XNIO-1 task-4] INFO  o.d.c.r.aspectj.RateLimiterAspect - 限制令牌 => 20, 剩余令牌 => 19, 缓存key => 'global:rate_limit:/auth/tenant/list:0:0:0:0:0:0:0:1:'
2026-01-04 09:42:58 [XNIO-1 task-4] INFO  o.d.c.w.i.PlusWebInvokeTimeInterceptor - [PLUS]结束请求 => URL[GET /auth/tenant/list],耗时:[5]毫秒
2026-01-04 09:43:08 [XNIO-1 task-4] INFO  o.d.c.w.i.PlusWebInvokeTimeInterceptor - [PLUS]开始请求 => URL[GET /auth/code],无参数
2026-01-04 09:43:08 [XNIO-1 task-3] INFO  o.d.c.w.i.PlusWebInvokeTimeInterceptor - [PLUS]开始请求 => URL[GET /auth/tenant/list],无参数
2026-01-04 09:43:08 [XNIO-1 task-3] INFO  o.d.c.r.aspectj.RateLimiterAspect - 限制令牌 => 20, 剩余令牌 => 18, 缓存key => 'global:rate_limit:/auth/tenant/list:0:0:0:0:0:0:0:1:'
2026-01-04 09:43:08 [XNIO-1 task-4] INFO  o.d.c.r.aspectj.RateLimiterAspect - 限制令牌 => 10, 剩余令牌 => 8, 缓存key => 'global:rate_limit:/auth/code:0:0:0:0:0:0:0:1:'
2026-01-04 09:43:08 [XNIO-1 task-3] INFO  o.d.c.w.i.PlusWebInvokeTimeInterceptor - [PLUS]结束请求 => URL[GET /auth/tenant/list],耗时:[3]毫秒
2026-01-04 09:43:08 [XNIO-1 task-4] INFO  o.d.c.w.i.PlusWebInvokeTimeInterceptor - [PLUS]结束请求 => URL[GET /auth/code],耗时:[5]毫秒
2026-01-04 09:43:08 [XNIO-1 task-4] INFO  o.d.c.w.i.PlusWebInvokeTimeInterceptor - [PLUS]开始请求 => URL[GET /auth/binding/maxkey],参数类型[param],参数:[{"domain":["localhost:81"],"tenantId":["000000"]}]
2026-01-04 09:43:08 [XNIO-1 task-4] INFO  o.d.c.w.i.PlusWebInvokeTimeInterceptor - [PLUS]结束请求 => URL[GET /auth/binding/maxkey],耗时:[1]毫秒
2026-01-04 09:43:38 [XNIO-1 task-4] INFO  o.d.c.w.i.PlusWebInvokeTimeInterceptor - [PLUS]开始请求 => URL[POST /auth/login],参数类型[json],参数:[{"socialCode":"2d08dd42-3ddf-455c-9a9a-fa19a47a981f","socialState":"eyJkb21haW4iOiJsb2NhbGhvc3Q6ODEiLCJ0ZW5hbnRJZCI6IjAwMDAwMCIsInN0YXRlIjoiYThjZjI2ODJkYjcyNDM3NDZlYjcwMTI1M2RmNGZmMWMifQ==","tenantId":"000000","source":"maxkey","clientId":"e5cd7e4891bf95d1d19206ce24a7b32e","grantType":"social"}]
2026-01-04 09:43:38 [async-12] INFO  o.d.s.s.i.SysLogininforServiceImpl - [0:0:0:0:0:0:0:1]内网IP[admin][Success][登录成功]
2026-01-04 09:43:38 [XNIO-1 task-4] INFO  o.d.web.listener.UserActionListener - user doLogin, userId:sys_user:1, token:eyJ0eXAiOiJKV1QiLCJhbGciOiJIUzI1NiJ9.eyJsb2dpblR5cGUiOiJsb2dpbiIsImxvZ2luSWQiOiJzeXNfdXNlcjoxIiwicm5TdHIiOiJlNG04M3NhMHB1Z3k1ZkdBS3FvbU5vUUdHQVpSZXdJdCIsImNsaWVudGlkIjoiZTVjZDdlNDg5MWJmOTVkMWQxOTIwNmNlMjRhN2IzMmUiLCJ0ZW5hbnRJZCI6IjAwMDAwMCIsInVzZXJJZCI6IjEiLCJ1c2VyTmFtZSI6ImFkbWluIiwiZGVwdElkIjoxLCJkZXB0TmFtZSI6IuW5v-S4nOebiOa1qeW3peiJuuWItuWTgeaciemZkOWFrOWPuCIsImRlcHRDYXRlZ29yeSI6IiJ9.a-9DnMAZoYB0XP0J2osx2hGEUVHjLbGJa1na4CHyDw8
2026-01-04 09:43:38 [XNIO-1 task-4] INFO  o.d.c.w.i.PlusWebInvokeTimeInterceptor - [PLUS]结束请求 => URL[POST /auth/login],耗时:[38]毫秒
2026-01-04 09:43:40 [XNIO-1 task-4] INFO  o.d.c.w.i.PlusWebInvokeTimeInterceptor - [PLUS]开始请求 => URL[GET /system/user/getInfo],无参数
2026-01-04 09:43:40 [XNIO-1 task-4] INFO  o.d.c.w.i.PlusWebInvokeTimeInterceptor - [PLUS]结束请求 => URL[GET /system/user/getInfo],耗时:[6]毫秒
2026-01-04 09:43:40 [XNIO-1 task-4] INFO  o.d.c.w.i.PlusWebInvokeTimeInterceptor - [PLUS]开始请求 => URL[GET /system/menu/getRouters],无参数
2026-01-04 09:43:40 [XNIO-1 task-4] INFO  o.d.c.w.i.PlusWebInvokeTimeInterceptor - [PLUS]结束请求 => URL[GET /system/menu/getRouters],耗时:[4]毫秒
2026-01-04 09:43:40 [XNIO-1 task-4] INFO  o.d.c.w.i.PlusWebInvokeTimeInterceptor - [PLUS]开始请求 => URL[GET /auth/tenant/list],无参数
2026-01-04 09:43:40 [XNIO-1 task-4] INFO  o.d.c.r.aspectj.RateLimiterAspect - 限制令牌 => 20, 剩余令牌 => 17, 缓存key => 'global:rate_limit:/auth/tenant/list:0:0:0:0:0:0:0:1:'
2026-01-04 09:43:40 [XNIO-1 task-4] INFO  o.d.c.w.i.PlusWebInvokeTimeInterceptor - [PLUS]结束请求 => URL[GET /auth/tenant/list],耗时:[4]毫秒
2026-01-04 09:43:40 [XNIO-1 task-4] INFO  o.d.c.w.i.PlusWebInvokeTimeInterceptor - [PLUS]开始请求 => URL[GET /resource/sse],参数类型[param],参数:[{"Authorization":["Bearer eyJ0eXAiOiJKV1QiLCJhbGciOiJIUzI1NiJ9.eyJsb2dpblR5cGUiOiJsb2dpbiIsImxvZ2luSWQiOiJzeXNfdXNlcjoxIiwicm5TdHIiOiJlNG04M3NhMHB1Z3k1ZkdBS3FvbU5vUUdHQVpSZXdJdCIsImNsaWVudGlkIjoiZTVjZDdlNDg5MWJmOTVkMWQxOTIwNmNlMjRhN2IzMmUiLCJ0ZW5hbnRJZCI6IjAwMDAwMCIsInVzZXJJZCI6IjEiLCJ1c2VyTmFtZSI6ImFkbWluIiwiZGVwdElkIjoxLCJkZXB0TmFtZSI6IuW5v-S4nOebiOa1qeW3peiJuuWItuWTgeaciemZkOWFrOWPuCIsImRlcHRDYXRlZ29yeSI6IiJ9.a-9DnMAZoYB0XP0J2osx2hGEUVHjLbGJa1na4CHyDw8"],"clientid":["e5cd7e4891bf95d1d19206ce24a7b32e"]}]
2026-01-04 09:43:43 [schedule-pool-5] INFO  o.d.c.sse.core.SseEmitterManager - SSE发送主题订阅消息topic:global:sse session keys:[1] message:欢迎登录RuoYi-Vue-Plus后台管理系统
2026-01-04 09:43:43 [redisson-3-3] INFO  o.d.c.sse.listener.SseTopicListener - SSE主题订阅收到消息session keys=[1] message=欢迎登录RuoYi-Vue-Plus后台管理系统
2026-01-04 10:22:51 [XNIO-1 task-4] INFO  o.d.c.w.i.PlusWebInvokeTimeInterceptor - [PLUS]开始请求 => URL[POST /auth/logout],无参数
2026-01-04 10:22:51 [XNIO-1 task-3] INFO  o.d.c.w.i.PlusWebInvokeTimeInterceptor - [PLUS]开始请求 => URL[GET /resource/sse/close],无参数
2026-01-04 10:22:51 [XNIO-1 task-5] INFO  o.d.c.w.i.PlusWebInvokeTimeInterceptor - [PLUS]开始请求 => URL[GET /resource/sse],参数类型[param],参数:[{"Authorization":["Bearer eyJ0eXAiOiJKV1QiLCJhbGciOiJIUzI1NiJ9.eyJsb2dpblR5cGUiOiJsb2dpbiIsImxvZ2luSWQiOiJzeXNfdXNlcjoxIiwicm5TdHIiOiJlNG04M3NhMHB1Z3k1ZkdBS3FvbU5vUUdHQVpSZXdJdCIsImNsaWVudGlkIjoiZTVjZDdlNDg5MWJmOTVkMWQxOTIwNmNlMjRhN2IzMmUiLCJ0ZW5hbnRJZCI6IjAwMDAwMCIsInVzZXJJZCI6IjEiLCJ1c2VyTmFtZSI6ImFkbWluIiwiZGVwdElkIjoxLCJkZXB0TmFtZSI6IuW5v-S4nOebiOa1qeW3peiJuuWItuWTgeaciemZkOWFrOWPuCIsImRlcHRDYXRlZ29yeSI6IiJ9.a-9DnMAZoYB0XP0J2osx2hGEUVHjLbGJa1na4CHyDw8"],"clientid":["e5cd7e4891bf95d1d19206ce24a7b32e"]}]
2026-01-04 10:22:51 [XNIO-1 task-5] INFO  o.d.c.w.i.PlusWebInvokeTimeInterceptor - [PLUS]结束请求 => URL[GET /resource/sse],耗时:[0]毫秒
2026-01-04 10:22:51 [XNIO-1 task-3] INFO  o.d.c.w.i.PlusWebInvokeTimeInterceptor - [PLUS]结束请求 => URL[GET /resource/sse/close],耗时:[1]毫秒
2026-01-04 10:22:51 [XNIO-1 task-4] INFO  o.d.c.w.i.PlusWebInvokeTimeInterceptor - [PLUS]结束请求 => URL[POST /auth/logout],耗时:[1]毫秒
2026-01-04 10:22:52 [XNIO-1 task-4] INFO  o.d.c.w.i.PlusWebInvokeTimeInterceptor - [PLUS]开始请求 => URL[GET /auth/code],无参数
2026-01-04 10:22:52 [XNIO-1 task-4] INFO  o.d.c.r.aspectj.RateLimiterAspect - 限制令牌 => 10, 剩余令牌 => 9, 缓存key => 'global:rate_limit:/auth/code:0:0:0:0:0:0:0:1:'
2026-01-04 10:22:52 [XNIO-1 task-4] INFO  o.d.c.w.i.PlusWebInvokeTimeInterceptor - [PLUS]结束请求 => URL[GET /auth/code],耗时:[42]毫秒
2026-01-04 10:22:52 [XNIO-1 task-4] INFO  o.d.c.w.i.PlusWebInvokeTimeInterceptor - [PLUS]开始请求 => URL[GET /auth/tenant/list],无参数
2026-01-04 10:22:52 [XNIO-1 task-4] INFO  o.d.c.r.aspectj.RateLimiterAspect - 限制令牌 => 20, 剩余令牌 => 19, 缓存key => 'global:rate_limit:/auth/tenant/list:0:0:0:0:0:0:0:1:'
2026-01-04 10:22:52 [XNIO-1 task-4] INFO  o.d.c.w.i.PlusWebInvokeTimeInterceptor - [PLUS]结束请求 => URL[GET /auth/tenant/list],耗时:[8]毫秒
2026-01-04 10:22:54 [XNIO-1 task-4] INFO  o.d.c.w.i.PlusWebInvokeTimeInterceptor - [PLUS]开始请求 => URL[GET /auth/code],无参数
2026-01-04 10:22:54 [XNIO-1 task-5] INFO  o.d.c.w.i.PlusWebInvokeTimeInterceptor - [PLUS]开始请求 => URL[GET /auth/tenant/list],无参数
2026-01-04 10:22:54 [XNIO-1 task-5] INFO  o.d.c.r.aspectj.RateLimiterAspect - 限制令牌 => 20, 剩余令牌 => 18, 缓存key => 'global:rate_limit:/auth/tenant/list:0:0:0:0:0:0:0:1:'
2026-01-04 10:22:54 [XNIO-1 task-4] INFO  o.d.c.r.aspectj.RateLimiterAspect - 限制令牌 => 10, 剩余令牌 => 8, 缓存key => 'global:rate_limit:/auth/code:0:0:0:0:0:0:0:1:'
2026-01-04 10:22:54 [XNIO-1 task-5] INFO  o.d.c.w.i.PlusWebInvokeTimeInterceptor - [PLUS]结束请求 => URL[GET /auth/tenant/list],耗时:[6]毫秒
2026-01-04 10:22:54 [XNIO-1 task-4] INFO  o.d.c.w.i.PlusWebInvokeTimeInterceptor - [PLUS]结束请求 => URL[GET /auth/code],耗时:[6]毫秒
2026-01-04 10:22:54 [XNIO-1 task-4] INFO  o.d.c.w.i.PlusWebInvokeTimeInterceptor - [PLUS]开始请求 => URL[GET /auth/binding/maxkey],参数类型[param],参数:[{"domain":["localhost:81"],"tenantId":["000000"]}]
2026-01-04 10:22:54 [XNIO-1 task-4] INFO  o.d.c.w.i.PlusWebInvokeTimeInterceptor - [PLUS]结束请求 => URL[GET /auth/binding/maxkey],耗时:[3]毫秒
2026-01-04 10:23:12 [XNIO-1 task-4] INFO  o.d.c.w.i.PlusWebInvokeTimeInterceptor - [PLUS]开始请求 => URL[GET /auth/code],无参数
2026-01-04 10:23:12 [XNIO-1 task-5] INFO  o.d.c.w.i.PlusWebInvokeTimeInterceptor - [PLUS]开始请求 => URL[GET /auth/tenant/list],无参数
2026-01-04 10:23:12 [XNIO-1 task-4] INFO  o.d.c.r.aspectj.RateLimiterAspect - 限制令牌 => 10, 剩余令牌 => 7, 缓存key => 'global:rate_limit:/auth/code:0:0:0:0:0:0:0:1:'
2026-01-04 10:23:12 [XNIO-1 task-5] INFO  o.d.c.r.aspectj.RateLimiterAspect - 限制令牌 => 20, 剩余令牌 => 17, 缓存key => 'global:rate_limit:/auth/tenant/list:0:0:0:0:0:0:0:1:'
2026-01-04 10:23:12 [XNIO-1 task-5] INFO  o.d.c.w.i.PlusWebInvokeTimeInterceptor - [PLUS]结束请求 => URL[GET /auth/tenant/list],耗时:[5]毫秒
2026-01-04 10:23:12 [XNIO-1 task-4] INFO  o.d.c.w.i.PlusWebInvokeTimeInterceptor - [PLUS]结束请求 => URL[GET /auth/code],耗时:[5]毫秒
2026-01-04 10:23:12 [XNIO-1 task-4] INFO  o.d.c.w.i.PlusWebInvokeTimeInterceptor - [PLUS]开始请求 => URL[GET /auth/binding/maxkey],参数类型[param],参数:[{"domain":["localhost:81"],"tenantId":["000000"]}]
2026-01-04 10:23:12 [XNIO-1 task-4] INFO  o.d.c.w.i.PlusWebInvokeTimeInterceptor - [PLUS]结束请求 => URL[GET /auth/binding/maxkey],耗时:[0]毫秒
2026-01-04 10:23:12 [XNIO-1 task-4] INFO  o.d.c.w.i.PlusWebInvokeTimeInterceptor - [PLUS]开始请求 => URL[POST /auth/login],参数类型[json],参数:[{"socialCode":"d2cfabd9-953b-4c2e-ba57-a4758bf0a805","socialState":"eyJkb21haW4iOiJsb2NhbGhvc3Q6ODEiLCJ0ZW5hbnRJZCI6IjAwMDAwMCIsInN0YXRlIjoiMWE4MzZjZGE2MDRkY2NkZTFiZDdjZmFlOTMxM2IyZWUifQ==","tenantId":"000000","source":"maxkey","clientId":"e5cd7e4891bf95d1d19206ce24a7b32e","grantType":"social"}]
2026-01-04 10:23:12 [async-13] INFO  o.d.s.s.i.SysLogininforServiceImpl - [0:0:0:0:0:0:0:1]内网IP[admin][Success][登录成功]
2026-01-04 10:23:12 [XNIO-1 task-4] INFO  o.d.web.listener.UserActionListener - user doLogin, userId:sys_user:1, token:eyJ0eXAiOiJKV1QiLCJhbGciOiJIUzI1NiJ9.eyJsb2dpblR5cGUiOiJsb2dpbiIsImxvZ2luSWQiOiJzeXNfdXNlcjoxIiwicm5TdHIiOiJzNlBmT3hwV09zdVhiNVhWcjFaa0lLSUtxcjR5cW9VSSIsImNsaWVudGlkIjoiZTVjZDdlNDg5MWJmOTVkMWQxOTIwNmNlMjRhN2IzMmUiLCJ0ZW5hbnRJZCI6IjAwMDAwMCIsInVzZXJJZCI6IjEiLCJ1c2VyTmFtZSI6ImFkbWluIiwiZGVwdElkIjoxLCJkZXB0TmFtZSI6IuW5v-S4nOebiOa1qeW3peiJuuWItuWTgeaciemZkOWFrOWPuCIsImRlcHRDYXRlZ29yeSI6IiJ9.rCu39-WjeoY_MJ82uVHPaf2VRU7SmEfiLFdsoCsF84s
2026-01-04 10:23:12 [XNIO-1 task-4] INFO  o.d.c.w.i.PlusWebInvokeTimeInterceptor - [PLUS]结束请求 => URL[POST /auth/login],耗时:[83]毫秒
2026-01-04 10:23:14 [XNIO-1 task-4] INFO  o.d.c.w.i.PlusWebInvokeTimeInterceptor - [PLUS]开始请求 => URL[GET /system/user/getInfo],无参数
2026-01-04 10:23:14 [XNIO-1 task-4] INFO  o.d.c.w.i.PlusWebInvokeTimeInterceptor - [PLUS]结束请求 => URL[GET /system/user/getInfo],耗时:[7]毫秒
2026-01-04 10:23:14 [XNIO-1 task-4] INFO  o.d.c.w.i.PlusWebInvokeTimeInterceptor - [PLUS]开始请求 => URL[GET /system/menu/getRouters],无参数
2026-01-04 10:23:14 [XNIO-1 task-4] INFO  o.d.c.w.i.PlusWebInvokeTimeInterceptor - [PLUS]结束请求 => URL[GET /system/menu/getRouters],耗时:[6]毫秒
2026-01-04 10:23:15 [XNIO-1 task-4] INFO  o.d.c.w.i.PlusWebInvokeTimeInterceptor - [PLUS]开始请求 => URL[GET /auth/tenant/list],无参数
2026-01-04 10:23:15 [XNIO-1 task-4] INFO  o.d.c.r.aspectj.RateLimiterAspect - 限制令牌 => 20, 剩余令牌 => 16, 缓存key => 'global:rate_limit:/auth/tenant/list:0:0:0:0:0:0:0:1:'
2026-01-04 10:23:15 [XNIO-1 task-4] INFO  o.d.c.w.i.PlusWebInvokeTimeInterceptor - [PLUS]结束请求 => URL[GET /auth/tenant/list],耗时:[4]毫秒
2026-01-04 10:23:15 [XNIO-1 task-4] INFO  o.d.c.w.i.PlusWebInvokeTimeInterceptor - [PLUS]开始请求 => URL[GET /resource/sse],参数类型[param],参数:[{"Authorization":["Bearer eyJ0eXAiOiJKV1QiLCJhbGciOiJIUzI1NiJ9.eyJsb2dpblR5cGUiOiJsb2dpbiIsImxvZ2luSWQiOiJzeXNfdXNlcjoxIiwicm5TdHIiOiJzNlBmT3hwV09zdVhiNVhWcjFaa0lLSUtxcjR5cW9VSSIsImNsaWVudGlkIjoiZTVjZDdlNDg5MWJmOTVkMWQxOTIwNmNlMjRhN2IzMmUiLCJ0ZW5hbnRJZCI6IjAwMDAwMCIsInVzZXJJZCI6IjEiLCJ1c2VyTmFtZSI6ImFkbWluIiwiZGVwdElkIjoxLCJkZXB0TmFtZSI6IuW5v-S4nOebiOa1qeW3peiJuuWItuWTgeaciemZkOWFrOWPuCIsImRlcHRDYXRlZ29yeSI6IiJ9.rCu39-WjeoY_MJ82uVHPaf2VRU7SmEfiLFdsoCsF84s"],"clientid":["e5cd7e4891bf95d1d19206ce24a7b32e"]}]
2026-01-04 10:23:17 [schedule-pool-3] INFO  o.d.c.sse.core.SseEmitterManager - SSE发送主题订阅消息topic:global:sse session keys:[1] message:欢迎登录RuoYi-Vue-Plus后台管理系统
2026-01-04 10:23:17 [redisson-3-4] INFO  o.d.c.sse.listener.SseTopicListener - SSE主题订阅收到消息session keys=[1] message=欢迎登录RuoYi-Vue-Plus后台管理系统
2026-01-04 10:23:23 [XNIO-1 task-4] INFO  o.d.c.w.i.PlusWebInvokeTimeInterceptor - [PLUS]开始请求 => URL[POST /auth/logout],无参数
2026-01-04 10:23:23 [async-14] INFO  o.d.s.s.i.SysLogininforServiceImpl - [0:0:0:0:0:0:0:1]内网IP[admin][Logout][退出成功]
2026-01-04 10:23:23 [XNIO-1 task-4] INFO  o.d.web.listener.UserActionListener - user doLogout, userId:sys_user:1, token:eyJ0eXAiOiJKV1QiLCJhbGciOiJIUzI1NiJ9.eyJsb2dpblR5cGUiOiJsb2dpbiIsImxvZ2luSWQiOiJzeXNfdXNlcjoxIiwicm5TdHIiOiJzNlBmT3hwV09zdVhiNVhWcjFaa0lLSUtxcjR5cW9VSSIsImNsaWVudGlkIjoiZTVjZDdlNDg5MWJmOTVkMWQxOTIwNmNlMjRhN2IzMmUiLCJ0ZW5hbnRJZCI6IjAwMDAwMCIsInVzZXJJZCI6IjEiLCJ1c2VyTmFtZSI6ImFkbWluIiwiZGVwdElkIjoxLCJkZXB0TmFtZSI6IuW5v-S4nOebiOa1qeW3peiJuuWItuWTgeaciemZkOWFrOWPuCIsImRlcHRDYXRlZ29yeSI6IiJ9.rCu39-WjeoY_MJ82uVHPaf2VRU7SmEfiLFdsoCsF84s
2026-01-04 10:23:23 [XNIO-1 task-4] INFO  o.d.c.w.i.PlusWebInvokeTimeInterceptor - [PLUS]结束请求 => URL[POST /auth/logout],耗时:[4]毫秒
2026-01-04 10:23:24 [XNIO-1 task-4] INFO  o.d.c.w.i.PlusWebInvokeTimeInterceptor - [PLUS]开始请求 => URL[GET /resource/sse/close],无参数
2026-01-04 10:23:24 [XNIO-1 task-5] INFO  o.d.c.w.i.PlusWebInvokeTimeInterceptor - [PLUS]开始请求 => URL[GET /resource/sse],参数类型[param],参数:[{"Authorization":["Bearer eyJ0eXAiOiJKV1QiLCJhbGciOiJIUzI1NiJ9.eyJsb2dpblR5cGUiOiJsb2dpbiIsImxvZ2luSWQiOiJzeXNfdXNlcjoxIiwicm5TdHIiOiJzNlBmT3hwV09zdVhiNVhWcjFaa0lLSUtxcjR5cW9VSSIsImNsaWVudGlkIjoiZTVjZDdlNDg5MWJmOTVkMWQxOTIwNmNlMjRhN2IzMmUiLCJ0ZW5hbnRJZCI6IjAwMDAwMCIsInVzZXJJZCI6IjEiLCJ1c2VyTmFtZSI6ImFkbWluIiwiZGVwdElkIjoxLCJkZXB0TmFtZSI6IuW5v-S4nOebiOa1qeW3peiJuuWItuWTgeaciemZkOWFrOWPuCIsImRlcHRDYXRlZ29yeSI6IiJ9.rCu39-WjeoY_MJ82uVHPaf2VRU7SmEfiLFdsoCsF84s"],"clientid":["e5cd7e4891bf95d1d19206ce24a7b32e"]}]
2026-01-04 10:23:24 [XNIO-1 task-4] INFO  o.d.c.w.i.PlusWebInvokeTimeInterceptor - [PLUS]结束请求 => URL[GET /resource/sse/close],耗时:[0]毫秒
2026-01-04 10:23:24 [XNIO-1 task-5] INFO  o.d.c.w.i.PlusWebInvokeTimeInterceptor - [PLUS]结束请求 => URL[GET /resource/sse],耗时:[0]毫秒
2026-01-04 10:23:24 [XNIO-1 task-5] INFO  o.d.c.w.i.PlusWebInvokeTimeInterceptor - [PLUS]开始请求 => URL[GET /auth/code],无参数
2026-01-04 10:23:24 [XNIO-1 task-5] INFO  o.d.c.r.aspectj.RateLimiterAspect - 限制令牌 => 10, 剩余令牌 => 6, 缓存key => 'global:rate_limit:/auth/code:0:0:0:0:0:0:0:1:'
2026-01-04 10:23:24 [XNIO-1 task-5] INFO  o.d.c.w.i.PlusWebInvokeTimeInterceptor - [PLUS]结束请求 => URL[GET /auth/code],耗时:[6]毫秒
2026-01-04 10:23:24 [XNIO-1 task-5] INFO  o.d.c.w.i.PlusWebInvokeTimeInterceptor - [PLUS]开始请求 => URL[GET /auth/tenant/list],无参数
2026-01-04 10:23:24 [XNIO-1 task-5] INFO  o.d.c.r.aspectj.RateLimiterAspect - 限制令牌 => 20, 剩余令牌 => 15, 缓存key => 'global:rate_limit:/auth/tenant/list:0:0:0:0:0:0:0:1:'
2026-01-04 10:23:24 [XNIO-1 task-5] INFO  o.d.c.w.i.PlusWebInvokeTimeInterceptor - [PLUS]结束请求 => URL[GET /auth/tenant/list],耗时:[3]毫秒
2026-01-04 10:24:12 [XNIO-1 task-5] INFO  o.d.c.w.i.PlusWebInvokeTimeInterceptor - [PLUS]开始请求 => URL[POST /auth/login],参数类型[json],参数:[{"tenantId":"000000","username":"00320134","password":"123456","rememberMe":false,"code":"5","clientId":"e5cd7e4891bf95d1d19206ce24a7b32e","grantType":"password"}]
2026-01-04 10:24:12 [async-15] INFO  o.d.s.s.i.SysLogininforServiceImpl - [0:0:0:0:0:0:0:1]内网IP[00320134][Error][验证码已失效]
2026-01-04 10:24:12 [XNIO-1 task-5] INFO  o.d.c.w.i.PlusWebInvokeTimeInterceptor - [PLUS]结束请求 => URL[POST /auth/login],耗时:[9]毫秒
2026-01-04 10:24:12 [XNIO-1 task-5] INFO  o.d.c.w.i.PlusWebInvokeTimeInterceptor - [PLUS]开始请求 => URL[GET /auth/code],无参数
2026-01-04 10:24:12 [XNIO-1 task-5] INFO  o.d.c.r.aspectj.RateLimiterAspect - 限制令牌 => 10, 剩余令牌 => 8, 缓存key => 'global:rate_limit:/auth/code:0:0:0:0:0:0:0:1:'
2026-01-04 10:24:12 [XNIO-1 task-5] INFO  o.d.c.w.i.PlusWebInvokeTimeInterceptor - [PLUS]结束请求 => URL[GET /auth/code],耗时:[4]毫秒
2026-01-04 10:24:14 [XNIO-1 task-5] INFO  o.d.c.w.i.PlusWebInvokeTimeInterceptor - [PLUS]开始请求 => URL[POST /auth/login],参数类型[json],参数:[{"tenantId":"000000","username":"00320134","password":"123456","rememberMe":false,"code":"3","uuid":"197d34fd2c7245a68cac7f5ec55c90b8","clientId":"e5cd7e4891bf95d1d19206ce24a7b32e","grantType":"password"}]
2026-01-04 10:24:14 [async-16] INFO  o.d.s.s.i.SysLogininforServiceImpl - [0:0:0:0:0:0:0:1]内网IP[00320134][Success][登录成功]
2026-01-04 10:24:14 [XNIO-1 task-5] INFO  o.d.web.listener.UserActionListener - user doLogin, userId:sys_user:17625708501573482, token:eyJ0eXAiOiJKV1QiLCJhbGciOiJIUzI1NiJ9.eyJsb2dpblR5cGUiOiJsb2dpbiIsImxvZ2luSWQiOiJzeXNfdXNlcjoxNzYyNTcwODUwMTU3MzQ4MiIsInJuU3RyIjoiQ2VYckJQMGVENnU4bEZ6cHpoWmJTNTlwUEFlQkJndHoiLCJjbGllbnRpZCI6ImU1Y2Q3ZTQ4OTFiZjk1ZDFkMTkyMDZjZTI0YTdiMzJlIiwidGVuYW50SWQiOiIwMDAwMDAiLCJ1c2VySWQiOiIxNzYyNTcwODUwMTU3MzQ4MiIsInVzZXJOYW1lIjoiMDAzMjAxMzQiLCJkZXB0SWQiOjkxOTE5OTk1OSwiZGVwdE5hbWUiOiLlub_kuJzmlbDlrZfpg6giLCJkZXB0Q2F0ZWdvcnkiOiIifQ.k_nirBz6a2gyW3spEwV9Qznlce-4sEfcSm3WDk3MgZc
2026-01-04 10:24:14 [XNIO-1 task-5] INFO  o.d.c.w.i.PlusWebInvokeTimeInterceptor - [PLUS]结束请求 => URL[POST /auth/login],耗时:[120]毫秒
2026-01-04 10:24:15 [XNIO-1 task-5] INFO  o.d.c.w.i.PlusWebInvokeTimeInterceptor - [PLUS]开始请求 => URL[GET /system/user/getInfo],无参数
2026-01-04 10:24:15 [XNIO-1 task-5] INFO  o.d.c.w.i.PlusWebInvokeTimeInterceptor - [PLUS]结束请求 => URL[GET /system/user/getInfo],耗时:[10]毫秒
2026-01-04 10:24:15 [XNIO-1 task-5] INFO  o.d.c.w.i.PlusWebInvokeTimeInterceptor - [PLUS]开始请求 => URL[GET /system/menu/getRouters],无参数
2026-01-04 10:24:15 [XNIO-1 task-5] INFO  o.d.c.w.i.PlusWebInvokeTimeInterceptor - [PLUS]结束请求 => URL[GET /system/menu/getRouters],耗时:[6]毫秒
2026-01-04 10:24:15 [XNIO-1 task-5] INFO  o.d.c.w.i.PlusWebInvokeTimeInterceptor - [PLUS]开始请求 => URL[GET /auth/tenant/list],无参数
2026-01-04 10:24:15 [XNIO-1 task-5] INFO  o.d.c.r.aspectj.RateLimiterAspect - 限制令牌 => 20, 剩余令牌 => 18, 缓存key => 'global:rate_limit:/auth/tenant/list:0:0:0:0:0:0:0:1:'
2026-01-04 10:24:15 [XNIO-1 task-5] INFO  o.d.c.w.i.PlusWebInvokeTimeInterceptor - [PLUS]结束请求 => URL[GET /auth/tenant/list],耗时:[5]毫秒
2026-01-04 10:24:15 [XNIO-1 task-5] INFO  o.d.c.w.i.PlusWebInvokeTimeInterceptor - [PLUS]开始请求 => URL[GET /resource/sse],参数类型[param],参数:[{"Authorization":["Bearer eyJ0eXAiOiJKV1QiLCJhbGciOiJIUzI1NiJ9.eyJsb2dpblR5cGUiOiJsb2dpbiIsImxvZ2luSWQiOiJzeXNfdXNlcjoxNzYyNTcwODUwMTU3MzQ4MiIsInJuU3RyIjoiQ2VYckJQMGVENnU4bEZ6cHpoWmJTNTlwUEFlQkJndHoiLCJjbGllbnRpZCI6ImU1Y2Q3ZTQ4OTFiZjk1ZDFkMTkyMDZjZTI0YTdiMzJlIiwidGVuYW50SWQiOiIwMDAwMDAiLCJ1c2VySWQiOiIxNzYyNTcwODUwMTU3MzQ4MiIsInVzZXJOYW1lIjoiMDAzMjAxMzQiLCJkZXB0SWQiOjkxOTE5OTk1OSwiZGVwdE5hbWUiOiLlub_kuJzmlbDlrZfpg6giLCJkZXB0Q2F0ZWdvcnkiOiIifQ.k_nirBz6a2gyW3spEwV9Qznlce-4sEfcSm3WDk3MgZc"],"clientid":["e5cd7e4891bf95d1d19206ce24a7b32e"]}]
2026-01-04 10:24:19 [XNIO-1 task-5] INFO  o.d.c.w.i.PlusWebInvokeTimeInterceptor - [PLUS]开始请求 => URL[GET /system/dict/data/type/sys_device_type],无参数
2026-01-04 10:24:19 [XNIO-1 task-5] INFO  o.d.c.w.i.PlusWebInvokeTimeInterceptor - [PLUS]结束请求 => URL[GET /system/dict/data/type/sys_device_type],耗时:[6]毫秒
2026-01-04 10:24:19 [XNIO-1 task-3] INFO  o.d.c.w.i.PlusWebInvokeTimeInterceptor - [PLUS]开始请求 => URL[GET /monitor/online],无参数
2026-01-04 10:24:19 [XNIO-1 task-4] INFO  o.d.c.w.i.PlusWebInvokeTimeInterceptor - [PLUS]开始请求 => URL[GET /system/social/list],无参数
2026-01-04 10:24:19 [XNIO-1 task-5] INFO  o.d.c.w.i.PlusWebInvokeTimeInterceptor - [PLUS]开始请求 => URL[GET /system/user/profile],无参数
2026-01-04 10:24:19 [XNIO-1 task-3] INFO  o.d.c.w.i.PlusWebInvokeTimeInterceptor - [PLUS]结束请求 => URL[GET /monitor/online],耗时:[3]毫秒
2026-01-04 10:24:19 [XNIO-1 task-4] INFO  o.d.c.w.i.PlusWebInvokeTimeInterceptor - [PLUS]结束请求 => URL[GET /system/social/list],耗时:[6]毫秒
2026-01-04 10:24:19 [XNIO-1 task-5] INFO  o.d.c.w.i.PlusWebInvokeTimeInterceptor - [PLUS]结束请求 => URL[GET /system/user/profile],耗时:[13]毫秒
2026-01-04 10:24:19 [schedule-pool-11] INFO  o.d.c.sse.core.SseEmitterManager - SSE发送主题订阅消息topic:global:sse session keys:[17625708501573482] message:欢迎登录RuoYi-Vue-Plus后台管理系统
2026-01-04 10:24:19 [redisson-3-1] INFO  o.d.c.sse.listener.SseTopicListener - SSE主题订阅收到消息session keys=[17625708501573482] message=欢迎登录RuoYi-Vue-Plus后台管理系统
2026-01-04 10:24:21 [XNIO-1 task-5] INFO  o.d.c.w.i.PlusWebInvokeTimeInterceptor - [PLUS]开始请求 => URL[GET /auth/binding/maxkey],参数类型[param],参数:[{"domain":["localhost:81"],"tenantId":["000000"]}]
2026-01-04 10:24:21 [XNIO-1 task-5] INFO  o.d.c.w.i.PlusWebInvokeTimeInterceptor - [PLUS]结束请求 => URL[GET /auth/binding/maxkey],耗时:[1]毫秒
2026-01-04 10:24:28 [XNIO-1 task-5] INFO  o.d.c.w.i.PlusWebInvokeTimeInterceptor - [PLUS]开始请求 => URL[POST /auth/social/callback],参数类型[json],参数:[{"socialCode":"4f787f34-19be-49a7-afcd-6c3f8e05e6a5","socialState":"eyJkb21haW4iOiJsb2NhbGhvc3Q6ODEiLCJ0ZW5hbnRJZCI6IjAwMDAwMCIsInN0YXRlIjoiZTEwZTM1NzlmNWZmMTI1ZmM5ZTAxMTdlMDE5NjFkNTQifQ==","tenantId":"000000","source":"maxkey","clientId":"e5cd7e4891bf95d1d19206ce24a7b32e","grantType":"social"}]
2026-01-04 10:24:29 [XNIO-1 task-5] INFO  o.d.c.w.i.PlusWebInvokeTimeInterceptor - [PLUS]结束请求 => URL[POST /auth/social/callback],耗时:[61]毫秒
2026-01-04 10:24:31 [XNIO-1 task-5] INFO  o.d.c.w.i.PlusWebInvokeTimeInterceptor - [PLUS]开始请求 => URL[GET /system/user/getInfo],无参数
2026-01-04 10:24:31 [XNIO-1 task-5] INFO  o.d.c.w.i.PlusWebInvokeTimeInterceptor - [PLUS]结束请求 => URL[GET /system/user/getInfo],耗时:[6]毫秒
2026-01-04 10:24:31 [XNIO-1 task-5] INFO  o.d.c.w.i.PlusWebInvokeTimeInterceptor - [PLUS]开始请求 => URL[GET /system/menu/getRouters],无参数
2026-01-04 10:24:31 [XNIO-1 task-5] INFO  o.d.c.w.i.PlusWebInvokeTimeInterceptor - [PLUS]结束请求 => URL[GET /system/menu/getRouters],耗时:[5]毫秒
2026-01-04 10:24:31 [XNIO-1 task-5] INFO  o.d.c.w.i.PlusWebInvokeTimeInterceptor - [PLUS]开始请求 => URL[GET /auth/tenant/list],无参数
2026-01-04 10:24:31 [XNIO-1 task-5] INFO  o.d.c.r.aspectj.RateLimiterAspect - 限制令牌 => 20, 剩余令牌 => 18, 缓存key => 'global:rate_limit:/auth/tenant/list:0:0:0:0:0:0:0:1:'
2026-01-04 10:24:31 [XNIO-1 task-5] INFO  o.d.c.w.i.PlusWebInvokeTimeInterceptor - [PLUS]结束请求 => URL[GET /auth/tenant/list],耗时:[4]毫秒
2026-01-04 10:24:31 [XNIO-1 task-5] INFO  o.d.c.w.i.PlusWebInvokeTimeInterceptor - [PLUS]开始请求 => URL[GET /resource/sse],参数类型[param],参数:[{"Authorization":["Bearer eyJ0eXAiOiJKV1QiLCJhbGciOiJIUzI1NiJ9.eyJsb2dpblR5cGUiOiJsb2dpbiIsImxvZ2luSWQiOiJzeXNfdXNlcjoxNzYyNTcwODUwMTU3MzQ4MiIsInJuU3RyIjoiQ2VYckJQMGVENnU4bEZ6cHpoWmJTNTlwUEFlQkJndHoiLCJjbGllbnRpZCI6ImU1Y2Q3ZTQ4OTFiZjk1ZDFkMTkyMDZjZTI0YTdiMzJlIiwidGVuYW50SWQiOiIwMDAwMDAiLCJ1c2VySWQiOiIxNzYyNTcwODUwMTU3MzQ4MiIsInVzZXJOYW1lIjoiMDAzMjAxMzQiLCJkZXB0SWQiOjkxOTE5OTk1OSwiZGVwdE5hbWUiOiLlub_kuJzmlbDlrZfpg6giLCJkZXB0Q2F0ZWdvcnkiOiIifQ.k_nirBz6a2gyW3spEwV9Qznlce-4sEfcSm3WDk3MgZc"],"clientid":["e5cd7e4891bf95d1d19206ce24a7b32e"]}]
2026-01-04 10:24:31 [XNIO-1 task-4] INFO  o.d.c.w.i.PlusWebInvokeTimeInterceptor - [PLUS]开始请求 => URL[GET /resource/sse],参数类型[param],参数:[{"Authorization":["Bearer eyJ0eXAiOiJKV1QiLCJhbGciOiJIUzI1NiJ9.eyJsb2dpblR5cGUiOiJsb2dpbiIsImxvZ2luSWQiOiJzeXNfdXNlcjoxNzYyNTcwODUwMTU3MzQ4MiIsInJuU3RyIjoiQ2VYckJQMGVENnU4bEZ6cHpoWmJTNTlwUEFlQkJndHoiLCJjbGllbnRpZCI6ImU1Y2Q3ZTQ4OTFiZjk1ZDFkMTkyMDZjZTI0YTdiMzJlIiwidGVuYW50SWQiOiIwMDAwMDAiLCJ1c2VySWQiOiIxNzYyNTcwODUwMTU3MzQ4MiIsInVzZXJOYW1lIjoiMDAzMjAxMzQiLCJkZXB0SWQiOjkxOTE5OTk1OSwiZGVwdE5hbWUiOiLlub_kuJzmlbDlrZfpg6giLCJkZXB0Q2F0ZWdvcnkiOiIifQ.k_nirBz6a2gyW3spEwV9Qznlce-4sEfcSm3WDk3MgZc"],"clientid":["e5cd7e4891bf95d1d19206ce24a7b32e"]}]
2026-01-04 10:24:31 [XNIO-1 task-4] INFO  o.d.c.w.i.PlusWebInvokeTimeInterceptor - [PLUS]结束请求 => URL[GET /resource/sse],耗时:[0]毫秒
2026-01-04 10:24:31 [XNIO-1 task-5] INFO  o.d.c.w.i.PlusWebInvokeTimeInterceptor - [PLUS]开始请求 => URL[GET /resource/sse],参数类型[param],参数:[{"Authorization":["Bearer eyJ0eXAiOiJKV1QiLCJhbGciOiJIUzI1NiJ9.eyJsb2dpblR5cGUiOiJsb2dpbiIsImxvZ2luSWQiOiJzeXNfdXNlcjoxNzYyNTcwODUwMTU3MzQ4MiIsInJuU3RyIjoiQ2VYckJQMGVENnU4bEZ6cHpoWmJTNTlwUEFlQkJndHoiLCJjbGllbnRpZCI6ImU1Y2Q3ZTQ4OTFiZjk1ZDFkMTkyMDZjZTI0YTdiMzJlIiwidGVuYW50SWQiOiIwMDAwMDAiLCJ1c2VySWQiOiIxNzYyNTcwODUwMTU3MzQ4MiIsInVzZXJOYW1lIjoiMDAzMjAxMzQiLCJkZXB0SWQiOjkxOTE5OTk1OSwiZGVwdE5hbWUiOiLlub_kuJzmlbDlrZfpg6giLCJkZXB0Q2F0ZWdvcnkiOiIifQ.k_nirBz6a2gyW3spEwV9Qznlce-4sEfcSm3WDk3MgZc"],"clientid":["e5cd7e4891bf95d1d19206ce24a7b32e"]}]
2026-01-04 10:24:31 [XNIO-1 task-5] INFO  o.d.c.w.i.PlusWebInvokeTimeInterceptor - [PLUS]结束请求 => URL[GET /resource/sse],耗时:[0]毫秒
2026-01-04 10:24:34 [XNIO-1 task-5] INFO  o.d.c.w.i.PlusWebInvokeTimeInterceptor - [PLUS]开始请求 => URL[GET /resource/sse],参数类型[param],参数:[{"Authorization":["Bearer eyJ0eXAiOiJKV1QiLCJhbGciOiJIUzI1NiJ9.eyJsb2dpblR5cGUiOiJsb2dpbiIsImxvZ2luSWQiOiJzeXNfdXNlcjoxNzYyNTcwODUwMTU3MzQ4MiIsInJuU3RyIjoiQ2VYckJQMGVENnU4bEZ6cHpoWmJTNTlwUEFlQkJndHoiLCJjbGllbnRpZCI6ImU1Y2Q3ZTQ4OTFiZjk1ZDFkMTkyMDZjZTI0YTdiMzJlIiwidGVuYW50SWQiOiIwMDAwMDAiLCJ1c2VySWQiOiIxNzYyNTcwODUwMTU3MzQ4MiIsInVzZXJOYW1lIjoiMDAzMjAxMzQiLCJkZXB0SWQiOjkxOTE5OTk1OSwiZGVwdE5hbWUiOiLlub_kuJzmlbDlrZfpg6giLCJkZXB0Q2F0ZWdvcnkiOiIifQ.k_nirBz6a2gyW3spEwV9Qznlce-4sEfcSm3WDk3MgZc"],"clientid":["e5cd7e4891bf95d1d19206ce24a7b32e"]}]
2026-01-04 10:24:46 [XNIO-1 task-5] INFO  o.d.c.w.i.PlusWebInvokeTimeInterceptor - [PLUS]开始请求 => URL[POST /auth/logout],无参数
2026-01-04 10:24:46 [async-17] INFO  o.d.s.s.i.SysLogininforServiceImpl - [0:0:0:0:0:0:0:1]内网IP[00320134][Logout][退出成功]
2026-01-04 10:24:46 [XNIO-1 task-5] INFO  o.d.web.listener.UserActionListener - user doLogout, userId:sys_user:17625708501573482, token:eyJ0eXAiOiJKV1QiLCJhbGciOiJIUzI1NiJ9.eyJsb2dpblR5cGUiOiJsb2dpbiIsImxvZ2luSWQiOiJzeXNfdXNlcjoxNzYyNTcwODUwMTU3MzQ4MiIsInJuU3RyIjoiQ2VYckJQMGVENnU4bEZ6cHpoWmJTNTlwUEFlQkJndHoiLCJjbGllbnRpZCI6ImU1Y2Q3ZTQ4OTFiZjk1ZDFkMTkyMDZjZTI0YTdiMzJlIiwidGVuYW50SWQiOiIwMDAwMDAiLCJ1c2VySWQiOiIxNzYyNTcwODUwMTU3MzQ4MiIsInVzZXJOYW1lIjoiMDAzMjAxMzQiLCJkZXB0SWQiOjkxOTE5OTk1OSwiZGVwdE5hbWUiOiLlub_kuJzmlbDlrZfpg6giLCJkZXB0Q2F0ZWdvcnkiOiIifQ.k_nirBz6a2gyW3spEwV9Qznlce-4sEfcSm3WDk3MgZc
2026-01-04 10:24:46 [XNIO-1 task-5] INFO  o.d.c.w.i.PlusWebInvokeTimeInterceptor - [PLUS]结束请求 => URL[POST /auth/logout],耗时:[4]毫秒
2026-01-04 10:24:46 [XNIO-1 task-5] INFO  o.d.c.w.i.PlusWebInvokeTimeInterceptor - [PLUS]开始请求 => URL[GET /resource/sse/close],无参数
2026-01-04 10:24:46 [XNIO-1 task-5] INFO  o.d.c.w.i.PlusWebInvokeTimeInterceptor - [PLUS]结束请求 => URL[GET /resource/sse/close],耗时:[0]毫秒
2026-01-04 10:24:46 [XNIO-1 task-4] INFO  o.d.c.w.i.PlusWebInvokeTimeInterceptor - [PLUS]开始请求 => URL[GET /resource/sse],参数类型[param],参数:[{"Authorization":["Bearer eyJ0eXAiOiJKV1QiLCJhbGciOiJIUzI1NiJ9.eyJsb2dpblR5cGUiOiJsb2dpbiIsImxvZ2luSWQiOiJzeXNfdXNlcjoxNzYyNTcwODUwMTU3MzQ4MiIsInJuU3RyIjoiQ2VYckJQMGVENnU4bEZ6cHpoWmJTNTlwUEFlQkJndHoiLCJjbGllbnRpZCI6ImU1Y2Q3ZTQ4OTFiZjk1ZDFkMTkyMDZjZTI0YTdiMzJlIiwidGVuYW50SWQiOiIwMDAwMDAiLCJ1c2VySWQiOiIxNzYyNTcwODUwMTU3MzQ4MiIsInVzZXJOYW1lIjoiMDAzMjAxMzQiLCJkZXB0SWQiOjkxOTE5OTk1OSwiZGVwdE5hbWUiOiLlub_kuJzmlbDlrZfpg6giLCJkZXB0Q2F0ZWdvcnkiOiIifQ.k_nirBz6a2gyW3spEwV9Qznlce-4sEfcSm3WDk3MgZc"],"clientid":["e5cd7e4891bf95d1d19206ce24a7b32e"]}]
2026-01-04 10:24:46 [XNIO-1 task-4] INFO  o.d.c.w.i.PlusWebInvokeTimeInterceptor - [PLUS]结束请求 => URL[GET /resource/sse],耗时:[0]毫秒
2026-01-04 10:24:46 [XNIO-1 task-4] INFO  o.d.c.w.i.PlusWebInvokeTimeInterceptor - [PLUS]开始请求 => URL[GET /auth/code],无参数
2026-01-04 10:24:46 [XNIO-1 task-4] INFO  o.d.c.r.aspectj.RateLimiterAspect - 限制令牌 => 10, 剩余令牌 => 8, 缓存key => 'global:rate_limit:/auth/code:0:0:0:0:0:0:0:1:'
2026-01-04 10:24:46 [XNIO-1 task-4] INFO  o.d.c.w.i.PlusWebInvokeTimeInterceptor - [PLUS]结束请求 => URL[GET /auth/code],耗时:[5]毫秒
2026-01-04 10:24:46 [XNIO-1 task-4] INFO  o.d.c.w.i.PlusWebInvokeTimeInterceptor - [PLUS]开始请求 => URL[GET /auth/tenant/list],无参数
2026-01-04 10:24:46 [XNIO-1 task-4] INFO  o.d.c.r.aspectj.RateLimiterAspect - 限制令牌 => 20, 剩余令牌 => 17, 缓存key => 'global:rate_limit:/auth/tenant/list:0:0:0:0:0:0:0:1:'
2026-01-04 10:24:46 [XNIO-1 task-4] INFO  o.d.c.w.i.PlusWebInvokeTimeInterceptor - [PLUS]结束请求 => URL[GET /auth/tenant/list],耗时:[4]毫秒
2026-01-04 10:24:59 [XNIO-1 task-4] INFO  o.d.c.w.i.PlusWebInvokeTimeInterceptor - [PLUS]开始请求 => URL[GET /auth/code],无参数
2026-01-04 10:24:59 [XNIO-1 task-5] INFO  o.d.c.w.i.PlusWebInvokeTimeInterceptor - [PLUS]开始请求 => URL[GET /auth/tenant/list],无参数
2026-01-04 10:24:59 [XNIO-1 task-4] INFO  o.d.c.r.aspectj.RateLimiterAspect - 限制令牌 => 10, 剩余令牌 => 7, 缓存key => 'global:rate_limit:/auth/code:0:0:0:0:0:0:0:1:'
2026-01-04 10:24:59 [XNIO-1 task-5] INFO  o.d.c.r.aspectj.RateLimiterAspect - 限制令牌 => 20, 剩余令牌 => 16, 缓存key => 'global:rate_limit:/auth/tenant/list:0:0:0:0:0:0:0:1:'
2026-01-04 10:24:59 [XNIO-1 task-5] INFO  o.d.c.w.i.PlusWebInvokeTimeInterceptor - [PLUS]结束请求 => URL[GET /auth/tenant/list],耗时:[4]毫秒
2026-01-04 10:24:59 [XNIO-1 task-4] INFO  o.d.c.w.i.PlusWebInvokeTimeInterceptor - [PLUS]结束请求 => URL[GET /auth/code],耗时:[5]毫秒
2026-01-04 10:24:59 [XNIO-1 task-4] INFO  o.d.c.w.i.PlusWebInvokeTimeInterceptor - [PLUS]开始请求 => URL[GET /auth/binding/maxkey],参数类型[param],参数:[{"domain":["localhost:81"],"tenantId":["000000"]}]
2026-01-04 10:24:59 [XNIO-1 task-4] INFO  o.d.c.w.i.PlusWebInvokeTimeInterceptor - [PLUS]结束请求 => URL[GET /auth/binding/maxkey],耗时:[0]毫秒
2026-01-04 10:25:07 [XNIO-1 task-4] INFO  o.d.c.w.i.PlusWebInvokeTimeInterceptor - [PLUS]开始请求 => URL[GET /auth/code],无参数
2026-01-04 10:25:07 [XNIO-1 task-5] INFO  o.d.c.w.i.PlusWebInvokeTimeInterceptor - [PLUS]开始请求 => URL[GET /auth/tenant/list],无参数
2026-01-04 10:25:07 [XNIO-1 task-4] INFO  o.d.c.r.aspectj.RateLimiterAspect - 限制令牌 => 10, 剩余令牌 => 6, 缓存key => 'global:rate_limit:/auth/code:0:0:0:0:0:0:0:1:'
2026-01-04 10:25:07 [XNIO-1 task-5] INFO  o.d.c.r.aspectj.RateLimiterAspect - 限制令牌 => 20, 剩余令牌 => 15, 缓存key => 'global:rate_limit:/auth/tenant/list:0:0:0:0:0:0:0:1:'
2026-01-04 10:25:07 [XNIO-1 task-5] INFO  o.d.c.w.i.PlusWebInvokeTimeInterceptor - [PLUS]结束请求 => URL[GET /auth/tenant/list],耗时:[4]毫秒
2026-01-04 10:25:07 [XNIO-1 task-4] INFO  o.d.c.w.i.PlusWebInvokeTimeInterceptor - [PLUS]结束请求 => URL[GET /auth/code],耗时:[6]毫秒
2026-01-04 10:25:07 [XNIO-1 task-4] INFO  o.d.c.w.i.PlusWebInvokeTimeInterceptor - [PLUS]开始请求 => URL[GET /auth/binding/maxkey],参数类型[param],参数:[{"domain":["localhost:81"],"tenantId":["000000"]}]
2026-01-04 10:25:07 [XNIO-1 task-4] INFO  o.d.c.w.i.PlusWebInvokeTimeInterceptor - [PLUS]结束请求 => URL[GET /auth/binding/maxkey],耗时:[0]毫秒
2026-01-04 10:25:10 [XNIO-1 task-4] INFO  o.d.c.w.i.PlusWebInvokeTimeInterceptor - [PLUS]开始请求 => URL[POST /auth/login],参数类型[json],参数:[{"socialCode":"ff95c6f8-d795-4ce2-9dea-ea3a146085e5","socialState":"eyJkb21haW4iOiJsb2NhbGhvc3Q6ODEiLCJ0ZW5hbnRJZCI6IjAwMDAwMCIsInN0YXRlIjoiY2YyNDI4MzEwYTVjNzE2NTJjZTEyYzI2MjUzNmIyOGUifQ==","tenantId":"000000","source":"maxkey","clientId":"e5cd7e4891bf95d1d19206ce24a7b32e","grantType":"social"}]
2026-01-04 10:25:10 [async-18] INFO  o.d.s.s.i.SysLogininforServiceImpl - [0:0:0:0:0:0:0:1]内网IP[00320134][Success][登录成功]
2026-01-04 10:25:10 [XNIO-1 task-4] INFO  o.d.web.listener.UserActionListener - user doLogin, userId:sys_user:17625708501573482, token:eyJ0eXAiOiJKV1QiLCJhbGciOiJIUzI1NiJ9.eyJsb2dpblR5cGUiOiJsb2dpbiIsImxvZ2luSWQiOiJzeXNfdXNlcjoxNzYyNTcwODUwMTU3MzQ4MiIsInJuU3RyIjoiaE9iRWhYUzRIb3hvM0RXNm9DZVVFUTlCNDBTaDJRSGUiLCJjbGllbnRpZCI6ImU1Y2Q3ZTQ4OTFiZjk1ZDFkMTkyMDZjZTI0YTdiMzJlIiwidGVuYW50SWQiOiIwMDAwMDAiLCJ1c2VySWQiOiIxNzYyNTcwODUwMTU3MzQ4MiIsInVzZXJOYW1lIjoiMDAzMjAxMzQiLCJkZXB0SWQiOjkxOTE5OTk1OSwiZGVwdE5hbWUiOiLlub_kuJzmlbDlrZfpg6giLCJkZXB0Q2F0ZWdvcnkiOiIifQ.raD0K015u34LlMP9Fjab8HobLjd8b2QjRynPOsbx6kE
2026-01-04 10:25:10 [XNIO-1 task-4] INFO  o.d.c.w.i.PlusWebInvokeTimeInterceptor - [PLUS]结束请求 => URL[POST /auth/login],耗时:[49]毫秒
2026-01-04 10:25:12 [XNIO-1 task-4] INFO  o.d.c.w.i.PlusWebInvokeTimeInterceptor - [PLUS]开始请求 => URL[GET /system/user/getInfo],无参数
2026-01-04 10:25:12 [XNIO-1 task-4] INFO  o.d.c.w.i.PlusWebInvokeTimeInterceptor - [PLUS]结束请求 => URL[GET /system/user/getInfo],耗时:[8]毫秒
2026-01-04 10:25:12 [XNIO-1 task-4] INFO  o.d.c.w.i.PlusWebInvokeTimeInterceptor - [PLUS]开始请求 => URL[GET /system/menu/getRouters],无参数
2026-01-04 10:25:12 [XNIO-1 task-4] INFO  o.d.c.w.i.PlusWebInvokeTimeInterceptor - [PLUS]结束请求 => URL[GET /system/menu/getRouters],耗时:[4]毫秒
2026-01-04 10:25:12 [XNIO-1 task-4] INFO  o.d.c.w.i.PlusWebInvokeTimeInterceptor - [PLUS]开始请求 => URL[GET /auth/tenant/list],无参数
2026-01-04 10:25:12 [XNIO-1 task-4] INFO  o.d.c.r.aspectj.RateLimiterAspect - 限制令牌 => 20, 剩余令牌 => 14, 缓存key => 'global:rate_limit:/auth/tenant/list:0:0:0:0:0:0:0:1:'
2026-01-04 10:25:12 [XNIO-1 task-4] INFO  o.d.c.w.i.PlusWebInvokeTimeInterceptor - [PLUS]结束请求 => URL[GET /auth/tenant/list],耗时:[6]毫秒
2026-01-04 10:25:12 [XNIO-1 task-4] INFO  o.d.c.w.i.PlusWebInvokeTimeInterceptor - [PLUS]开始请求 => URL[GET /resource/sse],参数类型[param],参数:[{"Authorization":["Bearer eyJ0eXAiOiJKV1QiLCJhbGciOiJIUzI1NiJ9.eyJsb2dpblR5cGUiOiJsb2dpbiIsImxvZ2luSWQiOiJzeXNfdXNlcjoxNzYyNTcwODUwMTU3MzQ4MiIsInJuU3RyIjoiaE9iRWhYUzRIb3hvM0RXNm9DZVVFUTlCNDBTaDJRSGUiLCJjbGllbnRpZCI6ImU1Y2Q3ZTQ4OTFiZjk1ZDFkMTkyMDZjZTI0YTdiMzJlIiwidGVuYW50SWQiOiIwMDAwMDAiLCJ1c2VySWQiOiIxNzYyNTcwODUwMTU3MzQ4MiIsInVzZXJOYW1lIjoiMDAzMjAxMzQiLCJkZXB0SWQiOjkxOTE5OTk1OSwiZGVwdE5hbWUiOiLlub_kuJzmlbDlrZfpg6giLCJkZXB0Q2F0ZWdvcnkiOiIifQ.raD0K015u34LlMP9Fjab8HobLjd8b2QjRynPOsbx6kE"],"clientid":["e5cd7e4891bf95d1d19206ce24a7b32e"]}]
2026-01-04 10:25:15 [schedule-pool-13] INFO  o.d.c.sse.core.SseEmitterManager - SSE发送主题订阅消息topic:global:sse session keys:[17625708501573482] message:欢迎登录RuoYi-Vue-Plus后台管理系统
2026-01-04 10:25:15 [redisson-3-2] INFO  o.d.c.sse.listener.SseTopicListener - SSE主题订阅收到消息session keys=[17625708501573482] message=欢迎登录RuoYi-Vue-Plus后台管理系统
2026-01-04 10:25:15 [XNIO-1 task-4] INFO  o.d.c.w.i.PlusWebInvokeTimeInterceptor - [PLUS]开始请求 => URL[GET /resource/sse],参数类型[param],参数:[{"Authorization":["Bearer eyJ0eXAiOiJKV1QiLCJhbGciOiJIUzI1NiJ9.eyJsb2dpblR5cGUiOiJsb2dpbiIsImxvZ2luSWQiOiJzeXNfdXNlcjoxNzYyNTcwODUwMTU3MzQ4MiIsInJuU3RyIjoiaE9iRWhYUzRIb3hvM0RXNm9DZVVFUTlCNDBTaDJRSGUiLCJjbGllbnRpZCI6ImU1Y2Q3ZTQ4OTFiZjk1ZDFkMTkyMDZjZTI0YTdiMzJlIiwidGVuYW50SWQiOiIwMDAwMDAiLCJ1c2VySWQiOiIxNzYyNTcwODUwMTU3MzQ4MiIsInVzZXJOYW1lIjoiMDAzMjAxMzQiLCJkZXB0SWQiOjkxOTE5OTk1OSwiZGVwdE5hbWUiOiLlub_kuJzmlbDlrZfpg6giLCJkZXB0Q2F0ZWdvcnkiOiIifQ.raD0K015u34LlMP9Fjab8HobLjd8b2QjRynPOsbx6kE"],"clientid":["e5cd7e4891bf95d1d19206ce24a7b32e"]}]
2026-01-04 10:25:15 [XNIO-1 task-4] INFO  o.d.c.w.i.PlusWebInvokeTimeInterceptor - [PLUS]结束请求 => URL[GET /resource/sse],耗时:[0]毫秒
2026-01-04 10:25:19 [XNIO-1 task-4] INFO  o.d.c.w.i.PlusWebInvokeTimeInterceptor - [PLUS]开始请求 => URL[GET /system/user/getInfo],无参数
2026-01-04 10:25:19 [XNIO-1 task-4] INFO  o.d.c.w.i.PlusWebInvokeTimeInterceptor - [PLUS]结束请求 => URL[GET /system/user/getInfo],耗时:[13]毫秒
2026-01-04 10:25:19 [XNIO-1 task-4] INFO  o.d.c.w.i.PlusWebInvokeTimeInterceptor - [PLUS]开始请求 => URL[GET /system/menu/getRouters],无参数
2026-01-04 10:25:19 [XNIO-1 task-4] INFO  o.d.c.w.i.PlusWebInvokeTimeInterceptor - [PLUS]结束请求 => URL[GET /system/menu/getRouters],耗时:[4]毫秒
2026-01-04 10:25:19 [XNIO-1 task-4] INFO  o.d.c.w.i.PlusWebInvokeTimeInterceptor - [PLUS]开始请求 => URL[GET /auth/tenant/list],无参数
2026-01-04 10:25:19 [XNIO-1 task-4] INFO  o.d.c.r.aspectj.RateLimiterAspect - 限制令牌 => 20, 剩余令牌 => 14, 缓存key => 'global:rate_limit:/auth/tenant/list:0:0:0:0:0:0:0:1:'
2026-01-04 10:25:19 [XNIO-1 task-4] INFO  o.d.c.w.i.PlusWebInvokeTimeInterceptor - [PLUS]结束请求 => URL[GET /auth/tenant/list],耗时:[8]毫秒
2026-01-04 10:25:19 [XNIO-1 task-4] INFO  o.d.c.w.i.PlusWebInvokeTimeInterceptor - [PLUS]开始请求 => URL[GET /resource/sse],参数类型[param],参数:[{"Authorization":["Bearer eyJ0eXAiOiJKV1QiLCJhbGciOiJIUzI1NiJ9.eyJsb2dpblR5cGUiOiJsb2dpbiIsImxvZ2luSWQiOiJzeXNfdXNlcjoxNzYyNTcwODUwMTU3MzQ4MiIsInJuU3RyIjoiaE9iRWhYUzRIb3hvM0RXNm9DZVVFUTlCNDBTaDJRSGUiLCJjbGllbnRpZCI6ImU1Y2Q3ZTQ4OTFiZjk1ZDFkMTkyMDZjZTI0YTdiMzJlIiwidGVuYW50SWQiOiIwMDAwMDAiLCJ1c2VySWQiOiIxNzYyNTcwODUwMTU3MzQ4MiIsInVzZXJOYW1lIjoiMDAzMjAxMzQiLCJkZXB0SWQiOjkxOTE5OTk1OSwiZGVwdE5hbWUiOiLlub_kuJzmlbDlrZfpg6giLCJkZXB0Q2F0ZWdvcnkiOiIifQ.raD0K015u34LlMP9Fjab8HobLjd8b2QjRynPOsbx6kE"],"clientid":["e5cd7e4891bf95d1d19206ce24a7b32e"]}]
2026-01-04 10:25:23 [XNIO-1 task-5] INFO  o.d.c.w.i.PlusWebInvokeTimeInterceptor - [PLUS]开始请求 => URL[GET /resource/sse/close],无参数
2026-01-04 10:25:23 [XNIO-1 task-4] INFO  o.d.c.w.i.PlusWebInvokeTimeInterceptor - [PLUS]开始请求 => URL[POST /auth/logout],无参数
2026-01-04 10:25:23 [XNIO-1 task-3] INFO  o.d.c.w.i.PlusWebInvokeTimeInterceptor - [PLUS]开始请求 => URL[GET /resource/sse],参数类型[param],参数:[{"Authorization":["Bearer eyJ0eXAiOiJKV1QiLCJhbGciOiJIUzI1NiJ9.eyJsb2dpblR5cGUiOiJsb2dpbiIsImxvZ2luSWQiOiJzeXNfdXNlcjoxNzYyNTcwODUwMTU3MzQ4MiIsInJuU3RyIjoiaE9iRWhYUzRIb3hvM0RXNm9DZVVFUTlCNDBTaDJRSGUiLCJjbGllbnRpZCI6ImU1Y2Q3ZTQ4OTFiZjk1ZDFkMTkyMDZjZTI0YTdiMzJlIiwidGVuYW50SWQiOiIwMDAwMDAiLCJ1c2VySWQiOiIxNzYyNTcwODUwMTU3MzQ4MiIsInVzZXJOYW1lIjoiMDAzMjAxMzQiLCJkZXB0SWQiOjkxOTE5OTk1OSwiZGVwdE5hbWUiOiLlub_kuJzmlbDlrZfpg6giLCJkZXB0Q2F0ZWdvcnkiOiIifQ.raD0K015u34LlMP9Fjab8HobLjd8b2QjRynPOsbx6kE"],"clientid":["e5cd7e4891bf95d1d19206ce24a7b32e"]}]
2026-01-04 10:25:23 [XNIO-1 task-5] INFO  o.d.c.w.i.PlusWebInvokeTimeInterceptor - [PLUS]结束请求 => URL[GET /resource/sse/close],耗时:[0]毫秒
2026-01-04 10:25:23 [XNIO-1 task-3] INFO  o.d.c.w.i.PlusWebInvokeTimeInterceptor - [PLUS]结束请求 => URL[GET /resource/sse],耗时:[0]毫秒
2026-01-04 10:25:23 [async-19] INFO  o.d.s.s.i.SysLogininforServiceImpl - [0:0:0:0:0:0:0:1]内网IP[00320134][Logout][退出成功]
2026-01-04 10:25:23 [XNIO-1 task-4] INFO  o.d.web.listener.UserActionListener - user doLogout, userId:sys_user:17625708501573482, token:eyJ0eXAiOiJKV1QiLCJhbGciOiJIUzI1NiJ9.eyJsb2dpblR5cGUiOiJsb2dpbiIsImxvZ2luSWQiOiJzeXNfdXNlcjoxNzYyNTcwODUwMTU3MzQ4MiIsInJuU3RyIjoiaE9iRWhYUzRIb3hvM0RXNm9DZVVFUTlCNDBTaDJRSGUiLCJjbGllbnRpZCI6ImU1Y2Q3ZTQ4OTFiZjk1ZDFkMTkyMDZjZTI0YTdiMzJlIiwidGVuYW50SWQiOiIwMDAwMDAiLCJ1c2VySWQiOiIxNzYyNTcwODUwMTU3MzQ4MiIsInVzZXJOYW1lIjoiMDAzMjAxMzQiLCJkZXB0SWQiOjkxOTE5OTk1OSwiZGVwdE5hbWUiOiLlub_kuJzmlbDlrZfpg6giLCJkZXB0Q2F0ZWdvcnkiOiIifQ.raD0K015u34LlMP9Fjab8HobLjd8b2QjRynPOsbx6kE
2026-01-04 10:25:23 [XNIO-1 task-4] INFO  o.d.c.w.i.PlusWebInvokeTimeInterceptor - [PLUS]结束请求 => URL[POST /auth/logout],耗时:[4]毫秒
2026-01-04 10:25:23 [XNIO-1 task-4] INFO  o.d.c.w.i.PlusWebInvokeTimeInterceptor - [PLUS]开始请求 => URL[GET /auth/code],无参数
2026-01-04 10:25:23 [XNIO-1 task-4] INFO  o.d.c.r.aspectj.RateLimiterAspect - 限制令牌 => 10, 剩余令牌 => 6, 缓存key => 'global:rate_limit:/auth/code:0:0:0:0:0:0:0:1:'
2026-01-04 10:25:23 [XNIO-1 task-4] INFO  o.d.c.w.i.PlusWebInvokeTimeInterceptor - [PLUS]结束请求 => URL[GET /auth/code],耗时:[6]毫秒
2026-01-04 10:25:23 [XNIO-1 task-4] INFO  o.d.c.w.i.PlusWebInvokeTimeInterceptor - [PLUS]开始请求 => URL[GET /auth/tenant/list],无参数
2026-01-04 10:25:23 [XNIO-1 task-4] INFO  o.d.c.r.aspectj.RateLimiterAspect - 限制令牌 => 20, 剩余令牌 => 13, 缓存key => 'global:rate_limit:/auth/tenant/list:0:0:0:0:0:0:0:1:'
2026-01-04 10:25:23 [XNIO-1 task-4] INFO  o.d.c.w.i.PlusWebInvokeTimeInterceptor - [PLUS]结束请求 => URL[GET /auth/tenant/list],耗时:[4]毫秒
2026-01-04 10:25:29 [XNIO-1 task-4] INFO  o.d.c.w.i.PlusWebInvokeTimeInterceptor - [PLUS]开始请求 => URL[GET /auth/code],无参数
2026-01-04 10:25:29 [XNIO-1 task-3] INFO  o.d.c.w.i.PlusWebInvokeTimeInterceptor - [PLUS]开始请求 => URL[GET /auth/tenant/list],无参数
2026-01-04 10:25:29 [XNIO-1 task-4] INFO  o.d.c.r.aspectj.RateLimiterAspect - 限制令牌 => 10, 剩余令牌 => 5, 缓存key => 'global:rate_limit:/auth/code:0:0:0:0:0:0:0:1:'
2026-01-04 10:25:29 [XNIO-1 task-3] INFO  o.d.c.r.aspectj.RateLimiterAspect - 限制令牌 => 20, 剩余令牌 => 12, 缓存key => 'global:rate_limit:/auth/tenant/list:0:0:0:0:0:0:0:1:'
2026-01-04 10:25:29 [XNIO-1 task-3] INFO  o.d.c.w.i.PlusWebInvokeTimeInterceptor - [PLUS]结束请求 => URL[GET /auth/tenant/list],耗时:[5]毫秒
2026-01-04 10:25:29 [XNIO-1 task-4] INFO  o.d.c.w.i.PlusWebInvokeTimeInterceptor - [PLUS]结束请求 => URL[GET /auth/code],耗时:[10]毫秒
2026-01-04 10:25:29 [XNIO-1 task-4] INFO  o.d.c.w.i.PlusWebInvokeTimeInterceptor - [PLUS]开始请求 => URL[GET /auth/binding/maxkey],参数类型[param],参数:[{"domain":["localhost:81"],"tenantId":["000000"]}]
2026-01-04 10:25:29 [XNIO-1 task-4] INFO  o.d.c.w.i.PlusWebInvokeTimeInterceptor - [PLUS]结束请求 => URL[GET /auth/binding/maxkey],耗时:[0]毫秒
2026-01-04 10:25:42 [XNIO-1 task-3] INFO  o.d.c.w.i.PlusWebInvokeTimeInterceptor - [PLUS]开始请求 => URL[GET /auth/tenant/list],无参数
2026-01-04 10:25:42 [XNIO-1 task-4] INFO  o.d.c.w.i.PlusWebInvokeTimeInterceptor - [PLUS]开始请求 => URL[GET /auth/code],无参数
2026-01-04 10:25:42 [XNIO-1 task-4] INFO  o.d.c.r.aspectj.RateLimiterAspect - 限制令牌 => 10, 剩余令牌 => 4, 缓存key => 'global:rate_limit:/auth/code:0:0:0:0:0:0:0:1:'
2026-01-04 10:25:42 [XNIO-1 task-3] INFO  o.d.c.r.aspectj.RateLimiterAspect - 限制令牌 => 20, 剩余令牌 => 12, 缓存key => 'global:rate_limit:/auth/tenant/list:0:0:0:0:0:0:0:1:'
2026-01-04 10:25:42 [XNIO-1 task-3] INFO  o.d.c.w.i.PlusWebInvokeTimeInterceptor - [PLUS]结束请求 => URL[GET /auth/tenant/list],耗时:[4]毫秒
2026-01-04 10:25:42 [XNIO-1 task-4] INFO  o.d.c.w.i.PlusWebInvokeTimeInterceptor - [PLUS]结束请求 => URL[GET /auth/code],耗时:[5]毫秒
2026-01-04 10:25:42 [XNIO-1 task-4] INFO  o.d.c.w.i.PlusWebInvokeTimeInterceptor - [PLUS]开始请求 => URL[GET /auth/binding/maxkey],参数类型[param],参数:[{"domain":["localhost:81"],"tenantId":["000000"]}]
2026-01-04 10:25:42 [XNIO-1 task-4] INFO  o.d.c.w.i.PlusWebInvokeTimeInterceptor - [PLUS]结束请求 => URL[GET /auth/binding/maxkey],耗时:[1]毫秒
2026-01-04 10:26:30 [XNIO-1 task-4] INFO  o.d.c.w.i.PlusWebInvokeTimeInterceptor - [PLUS]开始请求 => URL[GET /auth/code],无参数
2026-01-04 10:26:30 [XNIO-1 task-3] INFO  o.d.c.w.i.PlusWebInvokeTimeInterceptor - [PLUS]开始请求 => URL[GET /auth/tenant/list],无参数
2026-01-04 10:26:30 [XNIO-1 task-4] INFO  o.d.c.r.aspectj.RateLimiterAspect - 限制令牌 => 10, 剩余令牌 => 8, 缓存key => 'global:rate_limit:/auth/code:0:0:0:0:0:0:0:1:'
2026-01-04 10:26:30 [XNIO-1 task-3] INFO  o.d.c.r.aspectj.RateLimiterAspect - 限制令牌 => 20, 剩余令牌 => 18, 缓存key => 'global:rate_limit:/auth/tenant/list:0:0:0:0:0:0:0:1:'
2026-01-04 10:26:30 [XNIO-1 task-3] INFO  o.d.c.w.i.PlusWebInvokeTimeInterceptor - [PLUS]结束请求 => URL[GET /auth/tenant/list],耗时:[4]毫秒
2026-01-04 10:26:30 [XNIO-1 task-4] INFO  o.d.c.w.i.PlusWebInvokeTimeInterceptor - [PLUS]结束请求 => URL[GET /auth/code],耗时:[6]毫秒
2026-01-04 10:26:30 [XNIO-1 task-4] INFO  o.d.c.w.i.PlusWebInvokeTimeInterceptor - [PLUS]开始请求 => URL[GET /auth/binding/maxkey],参数类型[param],参数:[{"domain":["localhost:81"],"tenantId":["000000"]}]
2026-01-04 10:26:30 [XNIO-1 task-4] INFO  o.d.c.w.i.PlusWebInvokeTimeInterceptor - [PLUS]结束请求 => URL[GET /auth/binding/maxkey],耗时:[1]毫秒
2026-01-04 10:26:31 [XNIO-1 task-4] INFO  o.d.c.w.i.PlusWebInvokeTimeInterceptor - [PLUS]开始请求 => URL[POST /auth/login],参数类型[json],参数:[{"socialCode":"dc4a7402-87d2-43f9-9746-fd4feb5d014e","socialState":"eyJkb21haW4iOiJsb2NhbGhvc3Q6ODEiLCJ0ZW5hbnRJZCI6IjAwMDAwMCIsInN0YXRlIjoiODUxODM2YmU4ZDE0NzY2MmYyOWI4ZDQ1ZjY1Mjc5YjEifQ==","tenantId":"000000","source":"maxkey","clientId":"e5cd7e4891bf95d1d19206ce24a7b32e","grantType":"social"}]
2026-01-04 10:26:31 [async-20] INFO  o.d.s.s.i.SysLogininforServiceImpl - [0:0:0:0:0:0:0:1]内网IP[00320134][Success][登录成功]
2026-01-04 10:26:31 [XNIO-1 task-4] INFO  o.d.web.listener.UserActionListener - user doLogin, userId:sys_user:17625708501573482, token:eyJ0eXAiOiJKV1QiLCJhbGciOiJIUzI1NiJ9.eyJsb2dpblR5cGUiOiJsb2dpbiIsImxvZ2luSWQiOiJzeXNfdXNlcjoxNzYyNTcwODUwMTU3MzQ4MiIsInJuU3RyIjoiZGR2U0s4bDRhbjhmOWh4bGVCN0dTcHZ4ZWk1SzhOR0IiLCJjbGllbnRpZCI6ImU1Y2Q3ZTQ4OTFiZjk1ZDFkMTkyMDZjZTI0YTdiMzJlIiwidGVuYW50SWQiOiIwMDAwMDAiLCJ1c2VySWQiOiIxNzYyNTcwODUwMTU3MzQ4MiIsInVzZXJOYW1lIjoiMDAzMjAxMzQiLCJkZXB0SWQiOjkxOTE5OTk1OSwiZGVwdE5hbWUiOiLlub_kuJzmlbDlrZfpg6giLCJkZXB0Q2F0ZWdvcnkiOiIifQ.aiGn-Ew8twfkEa8xUjwsWrTmgaZPBKDFOr23UTui12c
2026-01-04 10:26:31 [XNIO-1 task-4] INFO  o.d.c.w.i.PlusWebInvokeTimeInterceptor - [PLUS]结束请求 => URL[POST /auth/login],耗时:[58]毫秒
2026-01-04 10:26:33 [XNIO-1 task-4] INFO  o.d.c.w.i.PlusWebInvokeTimeInterceptor - [PLUS]开始请求 => URL[GET /system/user/getInfo],无参数
2026-01-04 10:26:33 [XNIO-1 task-4] INFO  o.d.c.w.i.PlusWebInvokeTimeInterceptor - [PLUS]结束请求 => URL[GET /system/user/getInfo],耗时:[4]毫秒
2026-01-04 10:26:33 [XNIO-1 task-4] INFO  o.d.c.w.i.PlusWebInvokeTimeInterceptor - [PLUS]开始请求 => URL[GET /system/menu/getRouters],无参数
2026-01-04 10:26:33 [XNIO-1 task-4] INFO  o.d.c.w.i.PlusWebInvokeTimeInterceptor - [PLUS]结束请求 => URL[GET /system/menu/getRouters],耗时:[3]毫秒
2026-01-04 10:26:33 [XNIO-1 task-4] INFO  o.d.c.w.i.PlusWebInvokeTimeInterceptor - [PLUS]开始请求 => URL[GET /auth/tenant/list],无参数
2026-01-04 10:26:33 [XNIO-1 task-4] INFO  o.d.c.r.aspectj.RateLimiterAspect - 限制令牌 => 20, 剩余令牌 => 17, 缓存key => 'global:rate_limit:/auth/tenant/list:0:0:0:0:0:0:0:1:'
2026-01-04 10:26:33 [XNIO-1 task-4] INFO  o.d.c.w.i.PlusWebInvokeTimeInterceptor - [PLUS]结束请求 => URL[GET /auth/tenant/list],耗时:[4]毫秒
2026-01-04 10:26:34 [XNIO-1 task-4] INFO  o.d.c.w.i.PlusWebInvokeTimeInterceptor - [PLUS]开始请求 => URL[GET /resource/sse],参数类型[param],参数:[{"Authorization":["Bearer eyJ0eXAiOiJKV1QiLCJhbGciOiJIUzI1NiJ9.eyJsb2dpblR5cGUiOiJsb2dpbiIsImxvZ2luSWQiOiJzeXNfdXNlcjoxNzYyNTcwODUwMTU3MzQ4MiIsInJuU3RyIjoiZGR2U0s4bDRhbjhmOWh4bGVCN0dTcHZ4ZWk1SzhOR0IiLCJjbGllbnRpZCI6ImU1Y2Q3ZTQ4OTFiZjk1ZDFkMTkyMDZjZTI0YTdiMzJlIiwidGVuYW50SWQiOiIwMDAwMDAiLCJ1c2VySWQiOiIxNzYyNTcwODUwMTU3MzQ4MiIsInVzZXJOYW1lIjoiMDAzMjAxMzQiLCJkZXB0SWQiOjkxOTE5OTk1OSwiZGVwdE5hbWUiOiLlub_kuJzmlbDlrZfpg6giLCJkZXB0Q2F0ZWdvcnkiOiIifQ.aiGn-Ew8twfkEa8xUjwsWrTmgaZPBKDFOr23UTui12c"],"clientid":["e5cd7e4891bf95d1d19206ce24a7b32e"]}]
2026-01-04 10:26:36 [schedule-pool-8] INFO  o.d.c.sse.core.SseEmitterManager - SSE发送主题订阅消息topic:global:sse session keys:[17625708501573482] message:欢迎登录RuoYi-Vue-Plus后台管理系统
2026-01-04 10:26:36 [redisson-3-3] INFO  o.d.c.sse.listener.SseTopicListener - SSE主题订阅收到消息session keys=[17625708501573482] message=欢迎登录RuoYi-Vue-Plus后台管理系统
2026-01-04 10:26:38 [XNIO-1 task-3] INFO  o.d.c.w.i.PlusWebInvokeTimeInterceptor - [PLUS]开始请求 => URL[GET /resource/sse/close],无参数
2026-01-04 10:26:38 [XNIO-1 task-4] INFO  o.d.c.w.i.PlusWebInvokeTimeInterceptor - [PLUS]开始请求 => URL[POST /auth/logout],无参数
2026-01-04 10:26:38 [XNIO-1 task-5] INFO  o.d.c.w.i.PlusWebInvokeTimeInterceptor - [PLUS]开始请求 => URL[GET /resource/sse],参数类型[param],参数:[{"Authorization":["Bearer eyJ0eXAiOiJKV1QiLCJhbGciOiJIUzI1NiJ9.eyJsb2dpblR5cGUiOiJsb2dpbiIsImxvZ2luSWQiOiJzeXNfdXNlcjoxNzYyNTcwODUwMTU3MzQ4MiIsInJuU3RyIjoiZGR2U0s4bDRhbjhmOWh4bGVCN0dTcHZ4ZWk1SzhOR0IiLCJjbGllbnRpZCI6ImU1Y2Q3ZTQ4OTFiZjk1ZDFkMTkyMDZjZTI0YTdiMzJlIiwidGVuYW50SWQiOiIwMDAwMDAiLCJ1c2VySWQiOiIxNzYyNTcwODUwMTU3MzQ4MiIsInVzZXJOYW1lIjoiMDAzMjAxMzQiLCJkZXB0SWQiOjkxOTE5OTk1OSwiZGVwdE5hbWUiOiLlub_kuJzmlbDlrZfpg6giLCJkZXB0Q2F0ZWdvcnkiOiIifQ.aiGn-Ew8twfkEa8xUjwsWrTmgaZPBKDFOr23UTui12c"],"clientid":["e5cd7e4891bf95d1d19206ce24a7b32e"]}]
2026-01-04 10:26:38 [XNIO-1 task-3] INFO  o.d.c.w.i.PlusWebInvokeTimeInterceptor - [PLUS]结束请求 => URL[GET /resource/sse/close],耗时:[0]毫秒
2026-01-04 10:26:38 [XNIO-1 task-5] INFO  o.d.c.w.i.PlusWebInvokeTimeInterceptor - [PLUS]结束请求 => URL[GET /resource/sse],耗时:[0]毫秒
2026-01-04 10:26:38 [async-21] INFO  o.d.s.s.i.SysLogininforServiceImpl - [0:0:0:0:0:0:0:1]内网IP[00320134][Logout][退出成功]
2026-01-04 10:26:38 [XNIO-1 task-4] INFO  o.d.web.listener.UserActionListener - user doLogout, userId:sys_user:17625708501573482, token:eyJ0eXAiOiJKV1QiLCJhbGciOiJIUzI1NiJ9.eyJsb2dpblR5cGUiOiJsb2dpbiIsImxvZ2luSWQiOiJzeXNfdXNlcjoxNzYyNTcwODUwMTU3MzQ4MiIsInJuU3RyIjoiZGR2U0s4bDRhbjhmOWh4bGVCN0dTcHZ4ZWk1SzhOR0IiLCJjbGllbnRpZCI6ImU1Y2Q3ZTQ4OTFiZjk1ZDFkMTkyMDZjZTI0YTdiMzJlIiwidGVuYW50SWQiOiIwMDAwMDAiLCJ1c2VySWQiOiIxNzYyNTcwODUwMTU3MzQ4MiIsInVzZXJOYW1lIjoiMDAzMjAxMzQiLCJkZXB0SWQiOjkxOTE5OTk1OSwiZGVwdE5hbWUiOiLlub_kuJzmlbDlrZfpg6giLCJkZXB0Q2F0ZWdvcnkiOiIifQ.aiGn-Ew8twfkEa8xUjwsWrTmgaZPBKDFOr23UTui12c
2026-01-04 10:26:38 [XNIO-1 task-4] INFO  o.d.c.w.i.PlusWebInvokeTimeInterceptor - [PLUS]结束请求 => URL[POST /auth/logout],耗时:[3]毫秒
2026-01-04 10:26:38 [XNIO-1 task-4] INFO  o.d.c.w.i.PlusWebInvokeTimeInterceptor - [PLUS]开始请求 => URL[GET /auth/code],无参数
2026-01-04 10:26:38 [XNIO-1 task-4] INFO  o.d.c.r.aspectj.RateLimiterAspect - 限制令牌 => 10, 剩余令牌 => 7, 缓存key => 'global:rate_limit:/auth/code:0:0:0:0:0:0:0:1:'
2026-01-04 10:26:38 [XNIO-1 task-4] INFO  o.d.c.w.i.PlusWebInvokeTimeInterceptor - [PLUS]结束请求 => URL[GET /auth/code],耗时:[4]毫秒
2026-01-04 10:26:39 [XNIO-1 task-4] INFO  o.d.c.w.i.PlusWebInvokeTimeInterceptor - [PLUS]开始请求 => URL[GET /auth/tenant/list],无参数
2026-01-04 10:26:39 [XNIO-1 task-4] INFO  o.d.c.r.aspectj.RateLimiterAspect - 限制令牌 => 20, 剩余令牌 => 16, 缓存key => 'global:rate_limit:/auth/tenant/list:0:0:0:0:0:0:0:1:'
2026-01-04 10:26:39 [XNIO-1 task-4] INFO  o.d.c.w.i.PlusWebInvokeTimeInterceptor - [PLUS]结束请求 => URL[GET /auth/tenant/list],耗时:[2]毫秒
2026-01-04 10:26:41 [XNIO-1 task-3] INFO  o.d.c.w.i.PlusWebInvokeTimeInterceptor - [PLUS]开始请求 => URL[GET /auth/tenant/list],无参数
2026-01-04 10:26:41 [XNIO-1 task-4] INFO  o.d.c.w.i.PlusWebInvokeTimeInterceptor - [PLUS]开始请求 => URL[GET /auth/code],无参数
2026-01-04 10:26:41 [XNIO-1 task-4] INFO  o.d.c.r.aspectj.RateLimiterAspect - 限制令牌 => 10, 剩余令牌 => 6, 缓存key => 'global:rate_limit:/auth/code:0:0:0:0:0:0:0:1:'
2026-01-04 10:26:41 [XNIO-1 task-3] INFO  o.d.c.r.aspectj.RateLimiterAspect - 限制令牌 => 20, 剩余令牌 => 15, 缓存key => 'global:rate_limit:/auth/tenant/list:0:0:0:0:0:0:0:1:'
2026-01-04 10:26:41 [XNIO-1 task-3] INFO  o.d.c.w.i.PlusWebInvokeTimeInterceptor - [PLUS]结束请求 => URL[GET /auth/tenant/list],耗时:[4]毫秒
2026-01-04 10:26:41 [XNIO-1 task-4] INFO  o.d.c.w.i.PlusWebInvokeTimeInterceptor - [PLUS]结束请求 => URL[GET /auth/code],耗时:[4]毫秒
2026-01-04 10:26:41 [XNIO-1 task-4] INFO  o.d.c.w.i.PlusWebInvokeTimeInterceptor - [PLUS]开始请求 => URL[GET /auth/binding/maxkey],参数类型[param],参数:[{"domain":["localhost:81"],"tenantId":["000000"]}]
2026-01-04 10:26:41 [XNIO-1 task-4] INFO  o.d.c.w.i.PlusWebInvokeTimeInterceptor - [PLUS]结束请求 => URL[GET /auth/binding/maxkey],耗时:[0]毫秒
2026-01-04 10:26:42 [XNIO-1 task-4] INFO  o.d.c.w.i.PlusWebInvokeTimeInterceptor - [PLUS]开始请求 => URL[POST /auth/login],参数类型[json],参数:[{"socialCode":"dc993585-3b76-4f2a-90ca-8bc3fbf33e9f","socialState":"eyJkb21haW4iOiJsb2NhbGhvc3Q6ODEiLCJ0ZW5hbnRJZCI6IjAwMDAwMCIsInN0YXRlIjoiNDBhNWEyMmU5ZTc2YmU3YTNhZWE5YzJiMzc2NzNmM2YifQ==","tenantId":"000000","source":"maxkey","clientId":"e5cd7e4891bf95d1d19206ce24a7b32e","grantType":"social"}]
2026-01-04 10:26:42 [async-22] INFO  o.d.s.s.i.SysLogininforServiceImpl - [0:0:0:0:0:0:0:1]内网IP[00320134][Success][登录成功]
2026-01-04 10:26:42 [XNIO-1 task-4] INFO  o.d.web.listener.UserActionListener - user doLogin, userId:sys_user:17625708501573482, token:eyJ0eXAiOiJKV1QiLCJhbGciOiJIUzI1NiJ9.eyJsb2dpblR5cGUiOiJsb2dpbiIsImxvZ2luSWQiOiJzeXNfdXNlcjoxNzYyNTcwODUwMTU3MzQ4MiIsInJuU3RyIjoiSVhRNEkzMlRpTm52bXZONW1iQTVpdUZNN3NzTFdSQVEiLCJjbGllbnRpZCI6ImU1Y2Q3ZTQ4OTFiZjk1ZDFkMTkyMDZjZTI0YTdiMzJlIiwidGVuYW50SWQiOiIwMDAwMDAiLCJ1c2VySWQiOiIxNzYyNTcwODUwMTU3MzQ4MiIsInVzZXJOYW1lIjoiMDAzMjAxMzQiLCJkZXB0SWQiOjkxOTE5OTk1OSwiZGVwdE5hbWUiOiLlub_kuJzmlbDlrZfpg6giLCJkZXB0Q2F0ZWdvcnkiOiIifQ.8Pjes8LRWdHGMd_KIUmSA5T-ubhQrMaXSq7jlZGGbHc
2026-01-04 10:26:42 [XNIO-1 task-4] INFO  o.d.c.w.i.PlusWebInvokeTimeInterceptor - [PLUS]结束请求 => URL[POST /auth/login],耗时:[39]毫秒
2026-01-04 10:26:44 [XNIO-1 task-4] INFO  o.d.c.w.i.PlusWebInvokeTimeInterceptor - [PLUS]开始请求 => URL[GET /system/user/getInfo],无参数
2026-01-04 10:26:44 [XNIO-1 task-4] INFO  o.d.c.w.i.PlusWebInvokeTimeInterceptor - [PLUS]结束请求 => URL[GET /system/user/getInfo],耗时:[5]毫秒
2026-01-04 10:26:44 [XNIO-1 task-4] INFO  o.d.c.w.i.PlusWebInvokeTimeInterceptor - [PLUS]开始请求 => URL[GET /system/menu/getRouters],无参数
2026-01-04 10:26:44 [XNIO-1 task-4] INFO  o.d.c.w.i.PlusWebInvokeTimeInterceptor - [PLUS]结束请求 => URL[GET /system/menu/getRouters],耗时:[5]毫秒
2026-01-04 10:26:44 [XNIO-1 task-4] INFO  o.d.c.w.i.PlusWebInvokeTimeInterceptor - [PLUS]开始请求 => URL[GET /auth/tenant/list],无参数
2026-01-04 10:26:44 [XNIO-1 task-4] INFO  o.d.c.r.aspectj.RateLimiterAspect - 限制令牌 => 20, 剩余令牌 => 15, 缓存key => 'global:rate_limit:/auth/tenant/list:0:0:0:0:0:0:0:1:'
2026-01-04 10:26:44 [XNIO-1 task-4] INFO  o.d.c.w.i.PlusWebInvokeTimeInterceptor - [PLUS]结束请求 => URL[GET /auth/tenant/list],耗时:[4]毫秒
2026-01-04 10:26:44 [XNIO-1 task-4] INFO  o.d.c.w.i.PlusWebInvokeTimeInterceptor - [PLUS]开始请求 => URL[GET /resource/sse],参数类型[param],参数:[{"Authorization":["Bearer eyJ0eXAiOiJKV1QiLCJhbGciOiJIUzI1NiJ9.eyJsb2dpblR5cGUiOiJsb2dpbiIsImxvZ2luSWQiOiJzeXNfdXNlcjoxNzYyNTcwODUwMTU3MzQ4MiIsInJuU3RyIjoiSVhRNEkzMlRpTm52bXZONW1iQTVpdUZNN3NzTFdSQVEiLCJjbGllbnRpZCI6ImU1Y2Q3ZTQ4OTFiZjk1ZDFkMTkyMDZjZTI0YTdiMzJlIiwidGVuYW50SWQiOiIwMDAwMDAiLCJ1c2VySWQiOiIxNzYyNTcwODUwMTU3MzQ4MiIsInVzZXJOYW1lIjoiMDAzMjAxMzQiLCJkZXB0SWQiOjkxOTE5OTk1OSwiZGVwdE5hbWUiOiLlub_kuJzmlbDlrZfpg6giLCJkZXB0Q2F0ZWdvcnkiOiIifQ.8Pjes8LRWdHGMd_KIUmSA5T-ubhQrMaXSq7jlZGGbHc"],"clientid":["e5cd7e4891bf95d1d19206ce24a7b32e"]}]
2026-01-04 10:26:47 [schedule-pool-9] INFO  o.d.c.sse.core.SseEmitterManager - SSE发送主题订阅消息topic:global:sse session keys:[17625708501573482] message:欢迎登录RuoYi-Vue-Plus后台管理系统
2026-01-04 10:26:47 [redisson-3-4] INFO  o.d.c.sse.listener.SseTopicListener - SSE主题订阅收到消息session keys=[17625708501573482] message=欢迎登录RuoYi-Vue-Plus后台管理系统
2026-01-04 10:26:51 [XNIO-1 task-4] INFO  o.d.c.w.i.PlusWebInvokeTimeInterceptor - [PLUS]开始请求 => URL[POST /auth/logout],无参数
2026-01-04 10:26:51 [async-23] INFO  o.d.s.s.i.SysLogininforServiceImpl - [0:0:0:0:0:0:0:1]内网IP[00320134][Logout][退出成功]
2026-01-04 10:26:51 [XNIO-1 task-4] INFO  o.d.web.listener.UserActionListener - user doLogout, userId:sys_user:17625708501573482, token:eyJ0eXAiOiJKV1QiLCJhbGciOiJIUzI1NiJ9.eyJsb2dpblR5cGUiOiJsb2dpbiIsImxvZ2luSWQiOiJzeXNfdXNlcjoxNzYyNTcwODUwMTU3MzQ4MiIsInJuU3RyIjoiSVhRNEkzMlRpTm52bXZONW1iQTVpdUZNN3NzTFdSQVEiLCJjbGllbnRpZCI6ImU1Y2Q3ZTQ4OTFiZjk1ZDFkMTkyMDZjZTI0YTdiMzJlIiwidGVuYW50SWQiOiIwMDAwMDAiLCJ1c2VySWQiOiIxNzYyNTcwODUwMTU3MzQ4MiIsInVzZXJOYW1lIjoiMDAzMjAxMzQiLCJkZXB0SWQiOjkxOTE5OTk1OSwiZGVwdE5hbWUiOiLlub_kuJzmlbDlrZfpg6giLCJkZXB0Q2F0ZWdvcnkiOiIifQ.8Pjes8LRWdHGMd_KIUmSA5T-ubhQrMaXSq7jlZGGbHc
2026-01-04 10:26:51 [XNIO-1 task-4] INFO  o.d.c.w.i.PlusWebInvokeTimeInterceptor - [PLUS]结束请求 => URL[POST /auth/logout],耗时:[4]毫秒
2026-01-04 10:26:52 [XNIO-1 task-4] INFO  o.d.c.w.i.PlusWebInvokeTimeInterceptor - [PLUS]开始请求 => URL[GET /resource/sse/close],无参数
2026-01-04 10:26:52 [XNIO-1 task-4] INFO  o.d.c.w.i.PlusWebInvokeTimeInterceptor - [PLUS]结束请求 => URL[GET /resource/sse/close],耗时:[0]毫秒
2026-01-04 10:26:52 [XNIO-1 task-3] INFO  o.d.c.w.i.PlusWebInvokeTimeInterceptor - [PLUS]开始请求 => URL[GET /resource/sse],参数类型[param],参数:[{"Authorization":["Bearer eyJ0eXAiOiJKV1QiLCJhbGciOiJIUzI1NiJ9.eyJsb2dpblR5cGUiOiJsb2dpbiIsImxvZ2luSWQiOiJzeXNfdXNlcjoxNzYyNTcwODUwMTU3MzQ4MiIsInJuU3RyIjoiSVhRNEkzMlRpTm52bXZONW1iQTVpdUZNN3NzTFdSQVEiLCJjbGllbnRpZCI6ImU1Y2Q3ZTQ4OTFiZjk1ZDFkMTkyMDZjZTI0YTdiMzJlIiwidGVuYW50SWQiOiIwMDAwMDAiLCJ1c2VySWQiOiIxNzYyNTcwODUwMTU3MzQ4MiIsInVzZXJOYW1lIjoiMDAzMjAxMzQiLCJkZXB0SWQiOjkxOTE5OTk1OSwiZGVwdE5hbWUiOiLlub_kuJzmlbDlrZfpg6giLCJkZXB0Q2F0ZWdvcnkiOiIifQ.8Pjes8LRWdHGMd_KIUmSA5T-ubhQrMaXSq7jlZGGbHc"],"clientid":["e5cd7e4891bf95d1d19206ce24a7b32e"]}]
2026-01-04 10:26:52 [XNIO-1 task-3] INFO  o.d.c.w.i.PlusWebInvokeTimeInterceptor - [PLUS]结束请求 => URL[GET /resource/sse],耗时:[0]毫秒
2026-01-04 10:26:52 [XNIO-1 task-3] INFO  o.d.c.w.i.PlusWebInvokeTimeInterceptor - [PLUS]开始请求 => URL[GET /auth/code],无参数
2026-01-04 10:26:52 [XNIO-1 task-3] INFO  o.d.c.r.aspectj.RateLimiterAspect - 限制令牌 => 10, 剩余令牌 => 6, 缓存key => 'global:rate_limit:/auth/code:0:0:0:0:0:0:0:1:'
2026-01-04 10:26:52 [XNIO-1 task-3] INFO  o.d.c.w.i.PlusWebInvokeTimeInterceptor - [PLUS]结束请求 => URL[GET /auth/code],耗时:[6]毫秒
2026-01-04 10:26:52 [XNIO-1 task-3] INFO  o.d.c.w.i.PlusWebInvokeTimeInterceptor - [PLUS]开始请求 => URL[GET /auth/tenant/list],无参数
2026-01-04 10:26:52 [XNIO-1 task-3] INFO  o.d.c.r.aspectj.RateLimiterAspect - 限制令牌 => 20, 剩余令牌 => 14, 缓存key => 'global:rate_limit:/auth/tenant/list:0:0:0:0:0:0:0:1:'
2026-01-04 10:26:52 [XNIO-1 task-3] INFO  o.d.c.w.i.PlusWebInvokeTimeInterceptor - [PLUS]结束请求 => URL[GET /auth/tenant/list],耗时:[3]毫秒
2026-01-04 10:27:21 [XNIO-1 task-3] INFO  o.d.c.w.i.PlusWebInvokeTimeInterceptor - [PLUS]开始请求 => URL[POST /auth/login],参数类型[json],参数:[{"tenantId":"000000","username":"00320134","password":"123456","rememberMe":false,"code":"2","clientId":"e5cd7e4891bf95d1d19206ce24a7b32e","grantType":"password"}]
2026-01-04 10:27:21 [XNIO-1 task-3] INFO  o.d.c.w.i.PlusWebInvokeTimeInterceptor - [PLUS]结束请求 => URL[POST /auth/login],耗时:[3]毫秒
2026-01-04 10:27:21 [async-24] INFO  o.d.s.s.i.SysLogininforServiceImpl - [0:0:0:0:0:0:0:1]内网IP[00320134][Error][验证码已失效]
2026-01-04 10:27:21 [XNIO-1 task-3] INFO  o.d.c.w.i.PlusWebInvokeTimeInterceptor - [PLUS]开始请求 => URL[GET /auth/code],无参数
2026-01-04 10:27:21 [XNIO-1 task-3] INFO  o.d.c.r.aspectj.RateLimiterAspect - 限制令牌 => 10, 剩余令牌 => 5, 缓存key => 'global:rate_limit:/auth/code:0:0:0:0:0:0:0:1:'
2026-01-04 10:27:21 [XNIO-1 task-3] INFO  o.d.c.w.i.PlusWebInvokeTimeInterceptor - [PLUS]结束请求 => URL[GET /auth/code],耗时:[4]毫秒
2026-01-04 10:27:22 [XNIO-1 task-3] INFO  o.d.c.w.i.PlusWebInvokeTimeInterceptor - [PLUS]开始请求 => URL[POST /auth/login],参数类型[json],参数:[{"tenantId":"000000","username":"00320134","password":"123456","rememberMe":false,"code":"3","uuid":"c9a9fb30c7d94b0087b5ad2487c463fb","clientId":"e5cd7e4891bf95d1d19206ce24a7b32e","grantType":"password"}]
2026-01-04 10:27:22 [async-25] INFO  o.d.s.s.i.SysLogininforServiceImpl - [0:0:0:0:0:0:0:1]内网IP[00320134][Success][登录成功]
2026-01-04 10:27:22 [XNIO-1 task-3] INFO  o.d.web.listener.UserActionListener - user doLogin, userId:sys_user:17625708501573482, token:eyJ0eXAiOiJKV1QiLCJhbGciOiJIUzI1NiJ9.eyJsb2dpblR5cGUiOiJsb2dpbiIsImxvZ2luSWQiOiJzeXNfdXNlcjoxNzYyNTcwODUwMTU3MzQ4MiIsInJuU3RyIjoiZ0RQVlBYRmJONWxxWmJpdHVzUVFCckx6WlpFSXh6cHQiLCJjbGllbnRpZCI6ImU1Y2Q3ZTQ4OTFiZjk1ZDFkMTkyMDZjZTI0YTdiMzJlIiwidGVuYW50SWQiOiIwMDAwMDAiLCJ1c2VySWQiOiIxNzYyNTcwODUwMTU3MzQ4MiIsInVzZXJOYW1lIjoiMDAzMjAxMzQiLCJkZXB0SWQiOjkxOTE5OTk1OSwiZGVwdE5hbWUiOiLlub_kuJzmlbDlrZfpg6giLCJkZXB0Q2F0ZWdvcnkiOiIifQ.fWgc2-OGzuE1sFzML8GWw1APjCY5i_lyQnpfmwJ4azo
2026-01-04 10:27:22 [XNIO-1 task-3] INFO  o.d.c.w.i.PlusWebInvokeTimeInterceptor - [PLUS]结束请求 => URL[POST /auth/login],耗时:[19]毫秒
2026-01-04 10:27:23 [XNIO-1 task-3] INFO  o.d.c.w.i.PlusWebInvokeTimeInterceptor - [PLUS]开始请求 => URL[GET /system/user/getInfo],无参数
2026-01-04 10:27:23 [XNIO-1 task-3] INFO  o.d.c.w.i.PlusWebInvokeTimeInterceptor - [PLUS]结束请求 => URL[GET /system/user/getInfo],耗时:[5]毫秒
2026-01-04 10:27:23 [XNIO-1 task-3] INFO  o.d.c.w.i.PlusWebInvokeTimeInterceptor - [PLUS]开始请求 => URL[GET /system/menu/getRouters],无参数
2026-01-04 10:27:23 [XNIO-1 task-3] INFO  o.d.c.w.i.PlusWebInvokeTimeInterceptor - [PLUS]结束请求 => URL[GET /system/menu/getRouters],耗时:[5]毫秒
2026-01-04 10:27:23 [XNIO-1 task-3] INFO  o.d.c.w.i.PlusWebInvokeTimeInterceptor - [PLUS]开始请求 => URL[GET /auth/tenant/list],无参数
2026-01-04 10:27:23 [XNIO-1 task-3] INFO  o.d.c.r.aspectj.RateLimiterAspect - 限制令牌 => 20, 剩余令牌 => 13, 缓存key => 'global:rate_limit:/auth/tenant/list:0:0:0:0:0:0:0:1:'
2026-01-04 10:27:23 [XNIO-1 task-3] INFO  o.d.c.w.i.PlusWebInvokeTimeInterceptor - [PLUS]结束请求 => URL[GET /auth/tenant/list],耗时:[6]毫秒
2026-01-04 10:27:23 [XNIO-1 task-3] INFO  o.d.c.w.i.PlusWebInvokeTimeInterceptor - [PLUS]开始请求 => URL[GET /resource/sse],参数类型[param],参数:[{"Authorization":["Bearer eyJ0eXAiOiJKV1QiLCJhbGciOiJIUzI1NiJ9.eyJsb2dpblR5cGUiOiJsb2dpbiIsImxvZ2luSWQiOiJzeXNfdXNlcjoxNzYyNTcwODUwMTU3MzQ4MiIsInJuU3RyIjoiZ0RQVlBYRmJONWxxWmJpdHVzUVFCckx6WlpFSXh6cHQiLCJjbGllbnRpZCI6ImU1Y2Q3ZTQ4OTFiZjk1ZDFkMTkyMDZjZTI0YTdiMzJlIiwidGVuYW50SWQiOiIwMDAwMDAiLCJ1c2VySWQiOiIxNzYyNTcwODUwMTU3MzQ4MiIsInVzZXJOYW1lIjoiMDAzMjAxMzQiLCJkZXB0SWQiOjkxOTE5OTk1OSwiZGVwdE5hbWUiOiLlub_kuJzmlbDlrZfpg6giLCJkZXB0Q2F0ZWdvcnkiOiIifQ.fWgc2-OGzuE1sFzML8GWw1APjCY5i_lyQnpfmwJ4azo"],"clientid":["e5cd7e4891bf95d1d19206ce24a7b32e"]}]
2026-01-04 10:27:26 [XNIO-1 task-3] INFO  o.d.c.w.i.PlusWebInvokeTimeInterceptor - [PLUS]开始请求 => URL[GET /system/dict/data/type/sys_device_type],无参数
2026-01-04 10:27:26 [XNIO-1 task-3] INFO  o.d.c.w.i.PlusWebInvokeTimeInterceptor - [PLUS]结束请求 => URL[GET /system/dict/data/type/sys_device_type],耗时:[1]毫秒
2026-01-04 10:27:26 [XNIO-1 task-3] INFO  o.d.c.w.i.PlusWebInvokeTimeInterceptor - [PLUS]开始请求 => URL[GET /system/user/profile],无参数
2026-01-04 10:27:26 [XNIO-1 task-5] INFO  o.d.c.w.i.PlusWebInvokeTimeInterceptor - [PLUS]开始请求 => URL[GET /monitor/online],无参数
2026-01-04 10:27:26 [XNIO-1 task-4] INFO  o.d.c.w.i.PlusWebInvokeTimeInterceptor - [PLUS]开始请求 => URL[GET /system/social/list],无参数
2026-01-04 10:27:26 [XNIO-1 task-5] INFO  o.d.c.w.i.PlusWebInvokeTimeInterceptor - [PLUS]结束请求 => URL[GET /monitor/online],耗时:[1]毫秒
2026-01-04 10:27:26 [XNIO-1 task-4] INFO  o.d.c.w.i.PlusWebInvokeTimeInterceptor - [PLUS]结束请求 => URL[GET /system/social/list],耗时:[3]毫秒
2026-01-04 10:27:26 [XNIO-1 task-3] INFO  o.d.c.w.i.PlusWebInvokeTimeInterceptor - [PLUS]结束请求 => URL[GET /system/user/profile],耗时:[11]毫秒
2026-01-04 10:27:28 [schedule-pool-3] INFO  o.d.c.sse.core.SseEmitterManager - SSE发送主题订阅消息topic:global:sse session keys:[17625708501573482] message:欢迎登录RuoYi-Vue-Plus后台管理系统
2026-01-04 10:27:28 [redisson-3-1] INFO  o.d.c.sse.listener.SseTopicListener - SSE主题订阅收到消息session keys=[17625708501573482] message=欢迎登录RuoYi-Vue-Plus后台管理系统
2026-01-04 10:27:45 [XNIO-1 task-3] INFO  o.d.c.w.i.PlusWebInvokeTimeInterceptor - [PLUS]开始请求 => URL[PUT /system/user/profile/updatePwd],参数类型[json],参数:[{"oldPassword":"123456","newPassword":"wsx1357994653200"}]
2026-01-04 10:27:46 [XNIO-1 task-3] INFO  o.d.c.w.i.PlusWebInvokeTimeInterceptor - [PLUS]结束请求 => URL[PUT /system/user/profile/updatePwd],耗时:[35]毫秒
2026-01-04 10:27:46 [XNIO-1 task-4] INFO  o.d.c.w.i.PlusWebInvokeTimeInterceptor - [PLUS]开始请求 => URL[GET /resource/sse/close],无参数
2026-01-04 10:27:46 [XNIO-1 task-3] INFO  o.d.c.w.i.PlusWebInvokeTimeInterceptor - [PLUS]开始请求 => URL[POST /auth/logout],无参数
2026-01-04 10:27:46 [XNIO-1 task-5] INFO  o.d.c.w.i.PlusWebInvokeTimeInterceptor - [PLUS]开始请求 => URL[GET /resource/sse],参数类型[param],参数:[{"Authorization":["Bearer eyJ0eXAiOiJKV1QiLCJhbGciOiJIUzI1NiJ9.eyJsb2dpblR5cGUiOiJsb2dpbiIsImxvZ2luSWQiOiJzeXNfdXNlcjoxNzYyNTcwODUwMTU3MzQ4MiIsInJuU3RyIjoiZ0RQVlBYRmJONWxxWmJpdHVzUVFCckx6WlpFSXh6cHQiLCJjbGllbnRpZCI6ImU1Y2Q3ZTQ4OTFiZjk1ZDFkMTkyMDZjZTI0YTdiMzJlIiwidGVuYW50SWQiOiIwMDAwMDAiLCJ1c2VySWQiOiIxNzYyNTcwODUwMTU3MzQ4MiIsInVzZXJOYW1lIjoiMDAzMjAxMzQiLCJkZXB0SWQiOjkxOTE5OTk1OSwiZGVwdE5hbWUiOiLlub_kuJzmlbDlrZfpg6giLCJkZXB0Q2F0ZWdvcnkiOiIifQ.fWgc2-OGzuE1sFzML8GWw1APjCY5i_lyQnpfmwJ4azo"],"clientid":["e5cd7e4891bf95d1d19206ce24a7b32e"]}]
2026-01-04 10:27:46 [XNIO-1 task-4] INFO  o.d.c.w.i.PlusWebInvokeTimeInterceptor - [PLUS]结束请求 => URL[GET /resource/sse/close],耗时:[0]毫秒
2026-01-04 10:27:46 [XNIO-1 task-5] INFO  o.d.c.w.i.PlusWebInvokeTimeInterceptor - [PLUS]结束请求 => URL[GET /resource/sse],耗时:[0]毫秒
2026-01-04 10:27:46 [async-27] INFO  o.d.s.s.i.SysLogininforServiceImpl - [0:0:0:0:0:0:0:1]内网IP[00320134][Logout][退出成功]
2026-01-04 10:27:46 [XNIO-1 task-3] INFO  o.d.web.listener.UserActionListener - user doLogout, userId:sys_user:17625708501573482, token:eyJ0eXAiOiJKV1QiLCJhbGciOiJIUzI1NiJ9.eyJsb2dpblR5cGUiOiJsb2dpbiIsImxvZ2luSWQiOiJzeXNfdXNlcjoxNzYyNTcwODUwMTU3MzQ4MiIsInJuU3RyIjoiZ0RQVlBYRmJONWxxWmJpdHVzUVFCckx6WlpFSXh6cHQiLCJjbGllbnRpZCI6ImU1Y2Q3ZTQ4OTFiZjk1ZDFkMTkyMDZjZTI0YTdiMzJlIiwidGVuYW50SWQiOiIwMDAwMDAiLCJ1c2VySWQiOiIxNzYyNTcwODUwMTU3MzQ4MiIsInVzZXJOYW1lIjoiMDAzMjAxMzQiLCJkZXB0SWQiOjkxOTE5OTk1OSwiZGVwdE5hbWUiOiLlub_kuJzmlbDlrZfpg6giLCJkZXB0Q2F0ZWdvcnkiOiIifQ.fWgc2-OGzuE1sFzML8GWw1APjCY5i_lyQnpfmwJ4azo
2026-01-04 10:27:46 [XNIO-1 task-3] INFO  o.d.c.w.i.PlusWebInvokeTimeInterceptor - [PLUS]结束请求 => URL[POST /auth/logout],耗时:[5]毫秒
2026-01-04 10:27:46 [XNIO-1 task-5] INFO  o.d.c.w.i.PlusWebInvokeTimeInterceptor - [PLUS]开始请求 => URL[GET /auth/tenant/list],无参数
2026-01-04 10:27:46 [XNIO-1 task-3] INFO  o.d.c.w.i.PlusWebInvokeTimeInterceptor - [PLUS]开始请求 => URL[GET /auth/code],无参数
2026-01-04 10:27:46 [XNIO-1 task-3] INFO  o.d.c.r.aspectj.RateLimiterAspect - 限制令牌 => 10, 剩余令牌 => 7, 缓存key => 'global:rate_limit:/auth/code:0:0:0:0:0:0:0:1:'
2026-01-04 10:27:46 [XNIO-1 task-5] INFO  o.d.c.r.aspectj.RateLimiterAspect - 限制令牌 => 20, 剩余令牌 => 17, 缓存key => 'global:rate_limit:/auth/tenant/list:0:0:0:0:0:0:0:1:'
2026-01-04 10:27:46 [XNIO-1 task-5] INFO  o.d.c.w.i.PlusWebInvokeTimeInterceptor - [PLUS]结束请求 => URL[GET /auth/tenant/list],耗时:[3]毫秒
2026-01-04 10:27:46 [XNIO-1 task-3] INFO  o.d.c.w.i.PlusWebInvokeTimeInterceptor - [PLUS]结束请求 => URL[GET /auth/code],耗时:[3]毫秒
2026-01-04 10:27:57 [XNIO-1 task-3] INFO  o.d.c.w.i.PlusWebInvokeTimeInterceptor - [PLUS]开始请求 => URL[POST /auth/login],参数类型[json],参数:[{"tenantId":"000000","username":"00320134","password":"wsx1357994653200","rememberMe":false,"uuid":"1bb6bd7b337b4c0aaaf35fa6baf5ab7a","code":"7","clientId":"e5cd7e4891bf95d1d19206ce24a7b32e","grantType":"password"}]
2026-01-04 10:27:57 [async-28] INFO  o.d.s.s.i.SysLogininforServiceImpl - [0:0:0:0:0:0:0:1]内网IP[00320134][Success][登录成功]
2026-01-04 10:27:57 [XNIO-1 task-3] INFO  o.d.web.listener.UserActionListener - user doLogin, userId:sys_user:17625708501573482, token:eyJ0eXAiOiJKV1QiLCJhbGciOiJIUzI1NiJ9.eyJsb2dpblR5cGUiOiJsb2dpbiIsImxvZ2luSWQiOiJzeXNfdXNlcjoxNzYyNTcwODUwMTU3MzQ4MiIsInJuU3RyIjoiV2hKc1RCZUNic3Frdnk2ZVBwQ0NxcjhOTnB2TU04REwiLCJjbGllbnRpZCI6ImU1Y2Q3ZTQ4OTFiZjk1ZDFkMTkyMDZjZTI0YTdiMzJlIiwidGVuYW50SWQiOiIwMDAwMDAiLCJ1c2VySWQiOiIxNzYyNTcwODUwMTU3MzQ4MiIsInVzZXJOYW1lIjoiMDAzMjAxMzQiLCJkZXB0SWQiOjkxOTE5OTk1OSwiZGVwdE5hbWUiOiLlub_kuJzmlbDlrZfpg6giLCJkZXB0Q2F0ZWdvcnkiOiIifQ.U8_6_KiWGUUjENLplH9li2C74peCp3WvcGHSQ_xbYg0
2026-01-04 10:27:57 [XNIO-1 task-3] INFO  o.d.c.w.i.PlusWebInvokeTimeInterceptor - [PLUS]结束请求 => URL[POST /auth/login],耗时:[131]毫秒
2026-01-04 10:27:58 [XNIO-1 task-3] INFO  o.d.c.w.i.PlusWebInvokeTimeInterceptor - [PLUS]开始请求 => URL[GET /system/user/getInfo],无参数
2026-01-04 10:27:58 [XNIO-1 task-3] INFO  o.d.c.w.i.PlusWebInvokeTimeInterceptor - [PLUS]结束请求 => URL[GET /system/user/getInfo],耗时:[4]毫秒
2026-01-04 10:27:58 [XNIO-1 task-3] INFO  o.d.c.w.i.PlusWebInvokeTimeInterceptor - [PLUS]开始请求 => URL[GET /system/menu/getRouters],无参数
2026-01-04 10:27:58 [XNIO-1 task-3] INFO  o.d.c.w.i.PlusWebInvokeTimeInterceptor - [PLUS]结束请求 => URL[GET /system/menu/getRouters],耗时:[6]毫秒
2026-01-04 10:27:58 [XNIO-1 task-3] INFO  o.d.c.w.i.PlusWebInvokeTimeInterceptor - [PLUS]开始请求 => URL[GET /auth/tenant/list],无参数
2026-01-04 10:27:58 [XNIO-1 task-3] INFO  o.d.c.r.aspectj.RateLimiterAspect - 限制令牌 => 20, 剩余令牌 => 17, 缓存key => 'global:rate_limit:/auth/tenant/list:0:0:0:0:0:0:0:1:'
2026-01-04 10:27:58 [XNIO-1 task-3] INFO  o.d.c.w.i.PlusWebInvokeTimeInterceptor - [PLUS]结束请求 => URL[GET /auth/tenant/list],耗时:[5]毫秒
2026-01-04 10:27:58 [XNIO-1 task-3] INFO  o.d.c.w.i.PlusWebInvokeTimeInterceptor - [PLUS]开始请求 => URL[GET /resource/sse],参数类型[param],参数:[{"Authorization":["Bearer eyJ0eXAiOiJKV1QiLCJhbGciOiJIUzI1NiJ9.eyJsb2dpblR5cGUiOiJsb2dpbiIsImxvZ2luSWQiOiJzeXNfdXNlcjoxNzYyNTcwODUwMTU3MzQ4MiIsInJuU3RyIjoiV2hKc1RCZUNic3Frdnk2ZVBwQ0NxcjhOTnB2TU04REwiLCJjbGllbnRpZCI6ImU1Y2Q3ZTQ4OTFiZjk1ZDFkMTkyMDZjZTI0YTdiMzJlIiwidGVuYW50SWQiOiIwMDAwMDAiLCJ1c2VySWQiOiIxNzYyNTcwODUwMTU3MzQ4MiIsInVzZXJOYW1lIjoiMDAzMjAxMzQiLCJkZXB0SWQiOjkxOTE5OTk1OSwiZGVwdE5hbWUiOiLlub_kuJzmlbDlrZfpg6giLCJkZXB0Q2F0ZWdvcnkiOiIifQ.U8_6_KiWGUUjENLplH9li2C74peCp3WvcGHSQ_xbYg0"],"clientid":["e5cd7e4891bf95d1d19206ce24a7b32e"]}]
2026-01-04 10:28:01 [XNIO-1 task-3] INFO  o.d.c.w.i.PlusWebInvokeTimeInterceptor - [PLUS]开始请求 => URL[GET /system/user/profile],无参数
2026-01-04 10:28:01 [XNIO-1 task-3] INFO  o.d.c.w.i.PlusWebInvokeTimeInterceptor - [PLUS]结束请求 => URL[GET /system/user/profile],耗时:[10]毫秒
2026-01-04 10:28:02 [XNIO-1 task-3] INFO  o.d.c.w.i.PlusWebInvokeTimeInterceptor - [PLUS]开始请求 => URL[GET /system/social/list],无参数
2026-01-04 10:28:02 [XNIO-1 task-5] INFO  o.d.c.w.i.PlusWebInvokeTimeInterceptor - [PLUS]开始请求 => URL[GET /monitor/online],无参数
2026-01-04 10:28:02 [XNIO-1 task-5] INFO  o.d.c.w.i.PlusWebInvokeTimeInterceptor - [PLUS]结束请求 => URL[GET /monitor/online],耗时:[1]毫秒
2026-01-04 10:28:02 [XNIO-1 task-3] INFO  o.d.c.w.i.PlusWebInvokeTimeInterceptor - [PLUS]结束请求 => URL[GET /system/social/list],耗时:[3]毫秒
2026-01-04 10:28:02 [schedule-pool-11] INFO  o.d.c.sse.core.SseEmitterManager - SSE发送主题订阅消息topic:global:sse session keys:[17625708501573482] message:欢迎登录RuoYi-Vue-Plus后台管理系统
2026-01-04 10:28:02 [redisson-3-2] INFO  o.d.c.sse.listener.SseTopicListener - SSE主题订阅收到消息session keys=[17625708501573482] message=欢迎登录RuoYi-Vue-Plus后台管理系统
2026-01-04 10:28:30 [XNIO-1 task-5] INFO  o.d.c.w.i.PlusWebInvokeTimeInterceptor - [PLUS]开始请求 => URL[GET /resource/sse/close],无参数
2026-01-04 10:28:30 [XNIO-1 task-3] INFO  o.d.c.w.i.PlusWebInvokeTimeInterceptor - [PLUS]开始请求 => URL[POST /auth/logout],无参数
2026-01-04 10:28:30 [XNIO-1 task-5] INFO  o.d.c.w.i.PlusWebInvokeTimeInterceptor - [PLUS]结束请求 => URL[GET /resource/sse/close],耗时:[0]毫秒
2026-01-04 10:28:30 [XNIO-1 task-4] INFO  o.d.c.w.i.PlusWebInvokeTimeInterceptor - [PLUS]开始请求 => URL[GET /resource/sse],参数类型[param],参数:[{"Authorization":["Bearer eyJ0eXAiOiJKV1QiLCJhbGciOiJIUzI1NiJ9.eyJsb2dpblR5cGUiOiJsb2dpbiIsImxvZ2luSWQiOiJzeXNfdXNlcjoxNzYyNTcwODUwMTU3MzQ4MiIsInJuU3RyIjoiV2hKc1RCZUNic3Frdnk2ZVBwQ0NxcjhOTnB2TU04REwiLCJjbGllbnRpZCI6ImU1Y2Q3ZTQ4OTFiZjk1ZDFkMTkyMDZjZTI0YTdiMzJlIiwidGVuYW50SWQiOiIwMDAwMDAiLCJ1c2VySWQiOiIxNzYyNTcwODUwMTU3MzQ4MiIsInVzZXJOYW1lIjoiMDAzMjAxMzQiLCJkZXB0SWQiOjkxOTE5OTk1OSwiZGVwdE5hbWUiOiLlub_kuJzmlbDlrZfpg6giLCJkZXB0Q2F0ZWdvcnkiOiIifQ.U8_6_KiWGUUjENLplH9li2C74peCp3WvcGHSQ_xbYg0"],"clientid":["e5cd7e4891bf95d1d19206ce24a7b32e"]}]
2026-01-04 10:28:30 [XNIO-1 task-4] INFO  o.d.c.w.i.PlusWebInvokeTimeInterceptor - [PLUS]结束请求 => URL[GET /resource/sse],耗时:[0]毫秒
2026-01-04 10:28:30 [async-29] INFO  o.d.s.s.i.SysLogininforServiceImpl - [0:0:0:0:0:0:0:1]内网IP[00320134][Logout][退出成功]
2026-01-04 10:28:30 [XNIO-1 task-3] INFO  o.d.web.listener.UserActionListener - user doLogout, userId:sys_user:17625708501573482, token:eyJ0eXAiOiJKV1QiLCJhbGciOiJIUzI1NiJ9.eyJsb2dpblR5cGUiOiJsb2dpbiIsImxvZ2luSWQiOiJzeXNfdXNlcjoxNzYyNTcwODUwMTU3MzQ4MiIsInJuU3RyIjoiV2hKc1RCZUNic3Frdnk2ZVBwQ0NxcjhOTnB2TU04REwiLCJjbGllbnRpZCI6ImU1Y2Q3ZTQ4OTFiZjk1ZDFkMTkyMDZjZTI0YTdiMzJlIiwidGVuYW50SWQiOiIwMDAwMDAiLCJ1c2VySWQiOiIxNzYyNTcwODUwMTU3MzQ4MiIsInVzZXJOYW1lIjoiMDAzMjAxMzQiLCJkZXB0SWQiOjkxOTE5OTk1OSwiZGVwdE5hbWUiOiLlub_kuJzmlbDlrZfpg6giLCJkZXB0Q2F0ZWdvcnkiOiIifQ.U8_6_KiWGUUjENLplH9li2C74peCp3WvcGHSQ_xbYg0
2026-01-04 10:28:30 [XNIO-1 task-3] INFO  o.d.c.w.i.PlusWebInvokeTimeInterceptor - [PLUS]结束请求 => URL[POST /auth/logout],耗时:[6]毫秒
2026-01-04 10:28:31 [XNIO-1 task-3] INFO  o.d.c.w.i.PlusWebInvokeTimeInterceptor - [PLUS]开始请求 => URL[GET /auth/code],无参数
2026-01-04 10:28:31 [XNIO-1 task-4] INFO  o.d.c.w.i.PlusWebInvokeTimeInterceptor - [PLUS]开始请求 => URL[GET /auth/tenant/list],无参数
2026-01-04 10:28:31 [XNIO-1 task-4] INFO  o.d.c.r.aspectj.RateLimiterAspect - 限制令牌 => 20, 剩余令牌 => 17, 缓存key => 'global:rate_limit:/auth/tenant/list:0:0:0:0:0:0:0:1:'
2026-01-04 10:28:31 [XNIO-1 task-3] INFO  o.d.c.r.aspectj.RateLimiterAspect - 限制令牌 => 10, 剩余令牌 => 8, 缓存key => 'global:rate_limit:/auth/code:0:0:0:0:0:0:0:1:'
2026-01-04 10:28:31 [XNIO-1 task-4] INFO  o.d.c.w.i.PlusWebInvokeTimeInterceptor - [PLUS]结束请求 => URL[GET /auth/tenant/list],耗时:[3]毫秒
2026-01-04 10:28:31 [XNIO-1 task-3] INFO  o.d.c.w.i.PlusWebInvokeTimeInterceptor - [PLUS]结束请求 => URL[GET /auth/code],耗时:[4]毫秒
2026-01-04 10:28:35 [XNIO-1 task-3] INFO  o.d.c.w.i.PlusWebInvokeTimeInterceptor - [PLUS]开始请求 => URL[GET /auth/code],无参数
2026-01-04 10:28:35 [XNIO-1 task-4] INFO  o.d.c.w.i.PlusWebInvokeTimeInterceptor - [PLUS]开始请求 => URL[GET /auth/tenant/list],无参数
2026-01-04 10:28:35 [XNIO-1 task-4] INFO  o.d.c.r.aspectj.RateLimiterAspect - 限制令牌 => 20, 剩余令牌 => 16, 缓存key => 'global:rate_limit:/auth/tenant/list:0:0:0:0:0:0:0:1:'
2026-01-04 10:28:35 [XNIO-1 task-3] INFO  o.d.c.r.aspectj.RateLimiterAspect - 限制令牌 => 10, 剩余令牌 => 7, 缓存key => 'global:rate_limit:/auth/code:0:0:0:0:0:0:0:1:'
2026-01-04 10:28:35 [XNIO-1 task-4] INFO  o.d.c.w.i.PlusWebInvokeTimeInterceptor - [PLUS]结束请求 => URL[GET /auth/tenant/list],耗时:[4]毫秒
2026-01-04 10:28:35 [XNIO-1 task-3] INFO  o.d.c.w.i.PlusWebInvokeTimeInterceptor - [PLUS]结束请求 => URL[GET /auth/code],耗时:[5]毫秒
2026-01-04 10:28:35 [XNIO-1 task-3] INFO  o.d.c.w.i.PlusWebInvokeTimeInterceptor - [PLUS]开始请求 => URL[GET /auth/binding/maxkey],参数类型[param],参数:[{"domain":["localhost:81"],"tenantId":["000000"]}]
2026-01-04 10:28:35 [XNIO-1 task-3] INFO  o.d.c.w.i.PlusWebInvokeTimeInterceptor - [PLUS]结束请求 => URL[GET /auth/binding/maxkey],耗时:[1]毫秒
2026-01-04 10:28:36 [XNIO-1 task-3] INFO  o.d.c.w.i.PlusWebInvokeTimeInterceptor - [PLUS]开始请求 => URL[POST /auth/login],参数类型[json],参数:[{"socialCode":"918724f8-0029-4b1a-8051-69c646955cba","socialState":"eyJkb21haW4iOiJsb2NhbGhvc3Q6ODEiLCJ0ZW5hbnRJZCI6IjAwMDAwMCIsInN0YXRlIjoiMmYzZTg5YmEwMDBmYzVkNGFkZGJhMTZkYjA3MmUyZjYifQ==","tenantId":"000000","source":"maxkey","clientId":"e5cd7e4891bf95d1d19206ce24a7b32e","grantType":"social"}]
2026-01-04 10:28:36 [async-30] INFO  o.d.s.s.i.SysLogininforServiceImpl - [0:0:0:0:0:0:0:1]内网IP[00320134][Success][登录成功]
2026-01-04 10:28:36 [XNIO-1 task-3] INFO  o.d.web.listener.UserActionListener - user doLogin, userId:sys_user:17625708501573482, token:eyJ0eXAiOiJKV1QiLCJhbGciOiJIUzI1NiJ9.eyJsb2dpblR5cGUiOiJsb2dpbiIsImxvZ2luSWQiOiJzeXNfdXNlcjoxNzYyNTcwODUwMTU3MzQ4MiIsInJuU3RyIjoiTm9IUjdBcGt2dHFBcUlyUmthY3JOSnRrU052czE3dEUiLCJjbGllbnRpZCI6ImU1Y2Q3ZTQ4OTFiZjk1ZDFkMTkyMDZjZTI0YTdiMzJlIiwidGVuYW50SWQiOiIwMDAwMDAiLCJ1c2VySWQiOiIxNzYyNTcwODUwMTU3MzQ4MiIsInVzZXJOYW1lIjoiMDAzMjAxMzQiLCJkZXB0SWQiOjkxOTE5OTk1OSwiZGVwdE5hbWUiOiLlub_kuJzmlbDlrZfpg6giLCJkZXB0Q2F0ZWdvcnkiOiIifQ.1T1_4algmj2tHV3RzFelTKBNKnuQEZypA2joiG6SNqI
2026-01-04 10:28:36 [XNIO-1 task-3] INFO  o.d.c.w.i.PlusWebInvokeTimeInterceptor - [PLUS]结束请求 => URL[POST /auth/login],耗时:[43]毫秒
2026-01-04 10:28:38 [XNIO-1 task-3] INFO  o.d.c.w.i.PlusWebInvokeTimeInterceptor - [PLUS]开始请求 => URL[GET /system/user/getInfo],无参数
2026-01-04 10:28:38 [XNIO-1 task-3] INFO  o.d.c.w.i.PlusWebInvokeTimeInterceptor - [PLUS]结束请求 => URL[GET /system/user/getInfo],耗时:[4]毫秒
2026-01-04 10:28:38 [XNIO-1 task-3] INFO  o.d.c.w.i.PlusWebInvokeTimeInterceptor - [PLUS]开始请求 => URL[GET /system/menu/getRouters],无参数
2026-01-04 10:28:38 [XNIO-1 task-3] INFO  o.d.c.w.i.PlusWebInvokeTimeInterceptor - [PLUS]结束请求 => URL[GET /system/menu/getRouters],耗时:[4]毫秒
2026-01-04 10:28:38 [XNIO-1 task-3] INFO  o.d.c.w.i.PlusWebInvokeTimeInterceptor - [PLUS]开始请求 => URL[GET /auth/tenant/list],无参数
2026-01-04 10:28:38 [XNIO-1 task-3] INFO  o.d.c.r.aspectj.RateLimiterAspect - 限制令牌 => 20, 剩余令牌 => 15, 缓存key => 'global:rate_limit:/auth/tenant/list:0:0:0:0:0:0:0:1:'
2026-01-04 10:28:38 [XNIO-1 task-3] INFO  o.d.c.w.i.PlusWebInvokeTimeInterceptor - [PLUS]结束请求 => URL[GET /auth/tenant/list],耗时:[4]毫秒
2026-01-04 10:28:38 [XNIO-1 task-3] INFO  o.d.c.w.i.PlusWebInvokeTimeInterceptor - [PLUS]开始请求 => URL[GET /resource/sse],参数类型[param],参数:[{"Authorization":["Bearer eyJ0eXAiOiJKV1QiLCJhbGciOiJIUzI1NiJ9.eyJsb2dpblR5cGUiOiJsb2dpbiIsImxvZ2luSWQiOiJzeXNfdXNlcjoxNzYyNTcwODUwMTU3MzQ4MiIsInJuU3RyIjoiTm9IUjdBcGt2dHFBcUlyUmthY3JOSnRrU052czE3dEUiLCJjbGllbnRpZCI6ImU1Y2Q3ZTQ4OTFiZjk1ZDFkMTkyMDZjZTI0YTdiMzJlIiwidGVuYW50SWQiOiIwMDAwMDAiLCJ1c2VySWQiOiIxNzYyNTcwODUwMTU3MzQ4MiIsInVzZXJOYW1lIjoiMDAzMjAxMzQiLCJkZXB0SWQiOjkxOTE5OTk1OSwiZGVwdE5hbWUiOiLlub_kuJzmlbDlrZfpg6giLCJkZXB0Q2F0ZWdvcnkiOiIifQ.1T1_4algmj2tHV3RzFelTKBNKnuQEZypA2joiG6SNqI"],"clientid":["e5cd7e4891bf95d1d19206ce24a7b32e"]}]
2026-01-04 10:28:41 [schedule-pool-2] INFO  o.d.c.sse.core.SseEmitterManager - SSE发送主题订阅消息topic:global:sse session keys:[17625708501573482] message:欢迎登录RuoYi-Vue-Plus后台管理系统
2026-01-04 10:28:41 [redisson-3-3] INFO  o.d.c.sse.listener.SseTopicListener - SSE主题订阅收到消息session keys=[17625708501573482] message=欢迎登录RuoYi-Vue-Plus后台管理系统
2026-01-04 10:28:55 [XNIO-1 task-3] INFO  o.d.c.w.i.PlusWebInvokeTimeInterceptor - [PLUS]开始请求 => URL[GET /system/dict/data/type/sys_device_type],无参数
2026-01-04 10:28:55 [XNIO-1 task-3] INFO  o.d.c.w.i.PlusWebInvokeTimeInterceptor - [PLUS]结束请求 => URL[GET /system/dict/data/type/sys_device_type],耗时:[1]毫秒
2026-01-04 10:28:56 [XNIO-1 task-5] INFO  o.d.c.w.i.PlusWebInvokeTimeInterceptor - [PLUS]开始请求 => URL[GET /monitor/online],无参数
2026-01-04 10:28:56 [XNIO-1 task-3] INFO  o.d.c.w.i.PlusWebInvokeTimeInterceptor - [PLUS]开始请求 => URL[GET /system/user/profile],无参数
2026-01-04 10:28:56 [XNIO-1 task-4] INFO  o.d.c.w.i.PlusWebInvokeTimeInterceptor - [PLUS]开始请求 => URL[GET /system/social/list],无参数
2026-01-04 10:28:56 [XNIO-1 task-5] INFO  o.d.c.w.i.PlusWebInvokeTimeInterceptor - [PLUS]结束请求 => URL[GET /monitor/online],耗时:[1]毫秒
2026-01-04 10:28:56 [XNIO-1 task-4] INFO  o.d.c.w.i.PlusWebInvokeTimeInterceptor - [PLUS]结束请求 => URL[GET /system/social/list],耗时:[3]毫秒
2026-01-04 10:28:56 [XNIO-1 task-3] INFO  o.d.c.w.i.PlusWebInvokeTimeInterceptor - [PLUS]结束请求 => URL[GET /system/user/profile],耗时:[9]毫秒
2026-01-04 10:29:09 [XNIO-1 task-3] INFO  o.d.c.w.i.PlusWebInvokeTimeInterceptor - [PLUS]开始请求 => URL[PUT /system/user/profile/updatePwd],参数类型[json],参数:[{"oldPassword":"wsx1357994653200","newPassword":"123456"}]
2026-01-04 10:29:09 [XNIO-1 task-3] INFO  o.d.c.w.i.PlusWebInvokeTimeInterceptor - [PLUS]结束请求 => URL[PUT /system/user/profile/updatePwd],耗时:[9]毫秒
2026-01-04 10:29:09 [XNIO-1 task-3] INFO  o.d.c.w.i.PlusWebInvokeTimeInterceptor - [PLUS]开始请求 => URL[POST /auth/logout],无参数
2026-01-04 10:29:09 [XNIO-1 task-4] INFO  o.d.c.w.i.PlusWebInvokeTimeInterceptor - [PLUS]开始请求 => URL[GET /resource/sse/close],无参数
2026-01-04 10:29:09 [XNIO-1 task-4] INFO  o.d.c.w.i.PlusWebInvokeTimeInterceptor - [PLUS]结束请求 => URL[GET /resource/sse/close],耗时:[0]毫秒
2026-01-04 10:29:09 [XNIO-1 task-5] INFO  o.d.c.w.i.PlusWebInvokeTimeInterceptor - [PLUS]开始请求 => URL[GET /resource/sse],参数类型[param],参数:[{"Authorization":["Bearer eyJ0eXAiOiJKV1QiLCJhbGciOiJIUzI1NiJ9.eyJsb2dpblR5cGUiOiJsb2dpbiIsImxvZ2luSWQiOiJzeXNfdXNlcjoxNzYyNTcwODUwMTU3MzQ4MiIsInJuU3RyIjoiTm9IUjdBcGt2dHFBcUlyUmthY3JOSnRrU052czE3dEUiLCJjbGllbnRpZCI6ImU1Y2Q3ZTQ4OTFiZjk1ZDFkMTkyMDZjZTI0YTdiMzJlIiwidGVuYW50SWQiOiIwMDAwMDAiLCJ1c2VySWQiOiIxNzYyNTcwODUwMTU3MzQ4MiIsInVzZXJOYW1lIjoiMDAzMjAxMzQiLCJkZXB0SWQiOjkxOTE5OTk1OSwiZGVwdE5hbWUiOiLlub_kuJzmlbDlrZfpg6giLCJkZXB0Q2F0ZWdvcnkiOiIifQ.1T1_4algmj2tHV3RzFelTKBNKnuQEZypA2joiG6SNqI"],"clientid":["e5cd7e4891bf95d1d19206ce24a7b32e"]}]
2026-01-04 10:29:09 [XNIO-1 task-5] INFO  o.d.c.w.i.PlusWebInvokeTimeInterceptor - [PLUS]结束请求 => URL[GET /resource/sse],耗时:[0]毫秒
2026-01-04 10:29:09 [async-32] INFO  o.d.s.s.i.SysLogininforServiceImpl - [0:0:0:0:0:0:0:1]内网IP[00320134][Logout][退出成功]
2026-01-04 10:29:09 [XNIO-1 task-3] INFO  o.d.web.listener.UserActionListener - user doLogout, userId:sys_user:17625708501573482, token:eyJ0eXAiOiJKV1QiLCJhbGciOiJIUzI1NiJ9.eyJsb2dpblR5cGUiOiJsb2dpbiIsImxvZ2luSWQiOiJzeXNfdXNlcjoxNzYyNTcwODUwMTU3MzQ4MiIsInJuU3RyIjoiTm9IUjdBcGt2dHFBcUlyUmthY3JOSnRrU052czE3dEUiLCJjbGllbnRpZCI6ImU1Y2Q3ZTQ4OTFiZjk1ZDFkMTkyMDZjZTI0YTdiMzJlIiwidGVuYW50SWQiOiIwMDAwMDAiLCJ1c2VySWQiOiIxNzYyNTcwODUwMTU3MzQ4MiIsInVzZXJOYW1lIjoiMDAzMjAxMzQiLCJkZXB0SWQiOjkxOTE5OTk1OSwiZGVwdE5hbWUiOiLlub_kuJzmlbDlrZfpg6giLCJkZXB0Q2F0ZWdvcnkiOiIifQ.1T1_4algmj2tHV3RzFelTKBNKnuQEZypA2joiG6SNqI
2026-01-04 10:29:09 [XNIO-1 task-3] INFO  o.d.c.w.i.PlusWebInvokeTimeInterceptor - [PLUS]结束请求 => URL[POST /auth/logout],耗时:[4]毫秒
2026-01-04 10:29:10 [XNIO-1 task-3] INFO  o.d.c.w.i.PlusWebInvokeTimeInterceptor - [PLUS]开始请求 => URL[GET /auth/code],无参数
2026-01-04 10:29:10 [XNIO-1 task-3] INFO  o.d.c.r.aspectj.RateLimiterAspect - 限制令牌 => 10, 剩余令牌 => 7, 缓存key => 'global:rate_limit:/auth/code:0:0:0:0:0:0:0:1:'
2026-01-04 10:29:10 [XNIO-1 task-3] INFO  o.d.c.w.i.PlusWebInvokeTimeInterceptor - [PLUS]结束请求 => URL[GET /auth/code],耗时:[4]毫秒
2026-01-04 10:29:10 [XNIO-1 task-3] INFO  o.d.c.w.i.PlusWebInvokeTimeInterceptor - [PLUS]开始请求 => URL[GET /auth/tenant/list],无参数
2026-01-04 10:29:10 [XNIO-1 task-3] INFO  o.d.c.r.aspectj.RateLimiterAspect - 限制令牌 => 20, 剩余令牌 => 16, 缓存key => 'global:rate_limit:/auth/tenant/list:0:0:0:0:0:0:0:1:'
2026-01-04 10:29:10 [XNIO-1 task-3] INFO  o.d.c.w.i.PlusWebInvokeTimeInterceptor - [PLUS]结束请求 => URL[GET /auth/tenant/list],耗时:[4]毫秒
2026-01-04 10:29:26 [XNIO-1 task-3] INFO  o.d.c.w.i.PlusWebInvokeTimeInterceptor - [PLUS]开始请求 => URL[GET /auth/code],无参数
2026-01-04 10:29:26 [XNIO-1 task-3] INFO  o.d.c.r.aspectj.RateLimiterAspect - 限制令牌 => 10, 剩余令牌 => 6, 缓存key => 'global:rate_limit:/auth/code:0:0:0:0:0:0:0:1:'
2026-01-04 10:29:26 [XNIO-1 task-3] INFO  o.d.c.w.i.PlusWebInvokeTimeInterceptor - [PLUS]结束请求 => URL[GET /auth/code],耗时:[4]毫秒
2026-01-04 10:29:26 [XNIO-1 task-3] INFO  o.d.c.w.i.PlusWebInvokeTimeInterceptor - [PLUS]开始请求 => URL[GET /auth/tenant/list],无参数
2026-01-04 10:29:26 [XNIO-1 task-3] INFO  o.d.c.r.aspectj.RateLimiterAspect - 限制令牌 => 20, 剩余令牌 => 15, 缓存key => 'global:rate_limit:/auth/tenant/list:0:0:0:0:0:0:0:1:'
2026-01-04 10:29:26 [XNIO-1 task-3] INFO  o.d.c.w.i.PlusWebInvokeTimeInterceptor - [PLUS]结束请求 => URL[GET /auth/tenant/list],耗时:[2]毫秒
2026-01-04 10:29:26 [XNIO-1 task-3] INFO  o.d.c.w.i.PlusWebInvokeTimeInterceptor - [PLUS]开始请求 => URL[GET /auth/binding/maxkey],参数类型[param],参数:[{"domain":["localhost:81"],"tenantId":["000000"]}]
2026-01-04 10:29:26 [XNIO-1 task-3] INFO  o.d.c.w.i.PlusWebInvokeTimeInterceptor - [PLUS]结束请求 => URL[GET /auth/binding/maxkey],耗时:[0]毫秒
2026-01-04 10:29:32 [XNIO-1 task-3] INFO  o.d.c.w.i.PlusWebInvokeTimeInterceptor - [PLUS]开始请求 => URL[POST /auth/login],参数类型[json],参数:[{"socialCode":"18ac15d0-c811-4b39-bb0c-2cb9c722e301","socialState":"eyJkb21haW4iOiJsb2NhbGhvc3Q6ODEiLCJ0ZW5hbnRJZCI6IjAwMDAwMCIsInN0YXRlIjoiYzEwMzEyZDU4MTVjODk5Mzc3NDQxMjIwOGNkYjUxYWYifQ==","tenantId":"000000","source":"maxkey","clientId":"e5cd7e4891bf95d1d19206ce24a7b32e","grantType":"social"}]
2026-01-04 10:29:32 [async-33] INFO  o.d.s.s.i.SysLogininforServiceImpl - [0:0:0:0:0:0:0:1]内网IP[admin][Success][登录成功]
2026-01-04 10:29:32 [XNIO-1 task-3] INFO  o.d.web.listener.UserActionListener - user doLogin, userId:sys_user:1, token:eyJ0eXAiOiJKV1QiLCJhbGciOiJIUzI1NiJ9.eyJsb2dpblR5cGUiOiJsb2dpbiIsImxvZ2luSWQiOiJzeXNfdXNlcjoxIiwicm5TdHIiOiJHaWRyTnRSMGV4N21vSE5EUnpIczFSczRPcTBhY3NKSiIsImNsaWVudGlkIjoiZTVjZDdlNDg5MWJmOTVkMWQxOTIwNmNlMjRhN2IzMmUiLCJ0ZW5hbnRJZCI6IjAwMDAwMCIsInVzZXJJZCI6IjEiLCJ1c2VyTmFtZSI6ImFkbWluIiwiZGVwdElkIjoxLCJkZXB0TmFtZSI6IuW5v-S4nOebiOa1qeW3peiJuuWItuWTgeaciemZkOWFrOWPuCIsImRlcHRDYXRlZ29yeSI6IiJ9.6bHXHEUPVLl84H4jX3UXylCvmueZe89iYB0533oLnlE
2026-01-04 10:29:32 [XNIO-1 task-3] INFO  o.d.c.w.i.PlusWebInvokeTimeInterceptor - [PLUS]结束请求 => URL[POST /auth/login],耗时:[37]毫秒
2026-01-04 10:29:34 [XNIO-1 task-3] INFO  o.d.c.w.i.PlusWebInvokeTimeInterceptor - [PLUS]开始请求 => URL[GET /system/user/getInfo],无参数
2026-01-04 10:29:34 [XNIO-1 task-3] INFO  o.d.c.w.i.PlusWebInvokeTimeInterceptor - [PLUS]结束请求 => URL[GET /system/user/getInfo],耗时:[4]毫秒
2026-01-04 10:29:34 [XNIO-1 task-3] INFO  o.d.c.w.i.PlusWebInvokeTimeInterceptor - [PLUS]开始请求 => URL[GET /system/menu/getRouters],无参数
2026-01-04 10:29:34 [XNIO-1 task-3] INFO  o.d.c.w.i.PlusWebInvokeTimeInterceptor - [PLUS]结束请求 => URL[GET /system/menu/getRouters],耗时:[3]毫秒
2026-01-04 10:29:35 [XNIO-1 task-3] INFO  o.d.c.w.i.PlusWebInvokeTimeInterceptor - [PLUS]开始请求 => URL[GET /auth/tenant/list],无参数
2026-01-04 10:29:35 [XNIO-1 task-3] INFO  o.d.c.r.aspectj.RateLimiterAspect - 限制令牌 => 20, 剩余令牌 => 15, 缓存key => 'global:rate_limit:/auth/tenant/list:0:0:0:0:0:0:0:1:'
2026-01-04 10:29:35 [XNIO-1 task-3] INFO  o.d.c.w.i.PlusWebInvokeTimeInterceptor - [PLUS]结束请求 => URL[GET /auth/tenant/list],耗时:[4]毫秒
2026-01-04 10:29:35 [XNIO-1 task-3] INFO  o.d.c.w.i.PlusWebInvokeTimeInterceptor - [PLUS]开始请求 => URL[GET /resource/sse],参数类型[param],参数:[{"Authorization":["Bearer eyJ0eXAiOiJKV1QiLCJhbGciOiJIUzI1NiJ9.eyJsb2dpblR5cGUiOiJsb2dpbiIsImxvZ2luSWQiOiJzeXNfdXNlcjoxIiwicm5TdHIiOiJHaWRyTnRSMGV4N21vSE5EUnpIczFSczRPcTBhY3NKSiIsImNsaWVudGlkIjoiZTVjZDdlNDg5MWJmOTVkMWQxOTIwNmNlMjRhN2IzMmUiLCJ0ZW5hbnRJZCI6IjAwMDAwMCIsInVzZXJJZCI6IjEiLCJ1c2VyTmFtZSI6ImFkbWluIiwiZGVwdElkIjoxLCJkZXB0TmFtZSI6IuW5v-S4nOebiOa1qeW3peiJuuWItuWTgeaciemZkOWFrOWPuCIsImRlcHRDYXRlZ29yeSI6IiJ9.6bHXHEUPVLl84H4jX3UXylCvmueZe89iYB0533oLnlE"],"clientid":["e5cd7e4891bf95d1d19206ce24a7b32e"]}]
2026-01-04 10:29:37 [schedule-pool-9] INFO  o.d.c.sse.core.SseEmitterManager - SSE发送主题订阅消息topic:global:sse session keys:[1] message:欢迎登录RuoYi-Vue-Plus后台管理系统
2026-01-04 10:29:37 [redisson-3-4] INFO  o.d.c.sse.listener.SseTopicListener - SSE主题订阅收到消息session keys=[1] message=欢迎登录RuoYi-Vue-Plus后台管理系统
2026-01-04 10:29:40 [XNIO-1 task-4] INFO  o.d.c.w.i.PlusWebInvokeTimeInterceptor - [PLUS]开始请求 => URL[GET /system/dict/data/type/pro_employee_status],无参数
2026-01-04 10:29:40 [XNIO-1 task-5] INFO  o.d.c.w.i.PlusWebInvokeTimeInterceptor - [PLUS]开始请求 => URL[GET /system/dict/data/type/pro_main_post],无参数
2026-01-04 10:29:40 [XNIO-1 task-3] INFO  o.d.c.w.i.PlusWebInvokeTimeInterceptor - [PLUS]开始请求 => URL[GET /system/dict/data/type/sys_user_sex],无参数
2026-01-04 10:29:40 [XNIO-1 task-3] INFO  o.d.c.w.i.PlusWebInvokeTimeInterceptor - [PLUS]结束请求 => URL[GET /system/dict/data/type/sys_user_sex],耗时:[4]毫秒
2026-01-04 10:29:40 [XNIO-1 task-4] INFO  o.d.c.w.i.PlusWebInvokeTimeInterceptor - [PLUS]结束请求 => URL[GET /system/dict/data/type/pro_employee_status],耗时:[4]毫秒
2026-01-04 10:29:40 [XNIO-1 task-5] INFO  o.d.c.w.i.PlusWebInvokeTimeInterceptor - [PLUS]结束请求 => URL[GET /system/dict/data/type/pro_main_post],耗时:[5]毫秒
2026-01-04 10:29:40 [XNIO-1 task-3] INFO  o.d.c.w.i.PlusWebInvokeTimeInterceptor - [PLUS]开始请求 => URL[GET /system/dict/data/type/pro_position_list],无参数
2026-01-04 10:29:40 [XNIO-1 task-5] INFO  o.d.c.w.i.PlusWebInvokeTimeInterceptor - [PLUS]开始请求 => URL[GET /system/dict/data/type/pro_is_supervisor],无参数
2026-01-04 10:29:40 [XNIO-1 task-5] INFO  o.d.c.w.i.PlusWebInvokeTimeInterceptor - [PLUS]结束请求 => URL[GET /system/dict/data/type/pro_is_supervisor],耗时:[4]毫秒
2026-01-04 10:29:40 [XNIO-1 task-3] INFO  o.d.c.w.i.PlusWebInvokeTimeInterceptor - [PLUS]结束请求 => URL[GET /system/dict/data/type/pro_position_list],耗时:[5]毫秒
2026-01-04 10:29:40 [XNIO-1 task-3] INFO  o.d.c.w.i.PlusWebInvokeTimeInterceptor - [PLUS]开始请求 => URL[GET /profile/staff/list],参数类型[param],参数:[{"pageSize":["10"],"pageNum":["1"]}]
2026-01-04 10:29:40 [XNIO-1 task-5] INFO  o.d.c.w.i.PlusWebInvokeTimeInterceptor - [PLUS]开始请求 => URL[GET /system/user/deptTree],无参数
2026-01-04 10:29:40 [XNIO-1 task-5] INFO  o.d.c.w.i.PlusWebInvokeTimeInterceptor - [PLUS]结束请求 => URL[GET /system/user/deptTree],耗时:[43]毫秒
2026-01-04 10:29:40 [XNIO-1 task-3] INFO  o.d.c.w.i.PlusWebInvokeTimeInterceptor - [PLUS]结束请求 => URL[GET /profile/staff/list],耗时:[65]毫秒
2026-01-04 10:39:15 [XNIO-1 task-3] INFO  o.d.c.w.i.PlusWebInvokeTimeInterceptor - [PLUS]开始请求 => URL[GET /system/user/getInfo],无参数
2026-01-04 10:39:15 [XNIO-1 task-3] INFO  o.d.c.w.i.PlusWebInvokeTimeInterceptor - [PLUS]结束请求 => URL[GET /system/user/getInfo],耗时:[10]毫秒
2026-01-04 10:39:15 [XNIO-1 task-3] INFO  o.d.c.w.i.PlusWebInvokeTimeInterceptor - [PLUS]开始请求 => URL[GET /system/menu/getRouters],无参数
2026-01-04 10:39:15 [XNIO-1 task-3] INFO  o.d.c.w.i.PlusWebInvokeTimeInterceptor - [PLUS]结束请求 => URL[GET /system/menu/getRouters],耗时:[4]毫秒
2026-01-04 10:39:15 [XNIO-1 task-3] INFO  o.d.c.w.i.PlusWebInvokeTimeInterceptor - [PLUS]开始请求 => URL[GET /auth/tenant/list],无参数
2026-01-04 10:39:15 [XNIO-1 task-3] INFO  o.d.c.r.aspectj.RateLimiterAspect - 限制令牌 => 20, 剩余令牌 => 19, 缓存key => 'global:rate_limit:/auth/tenant/list:0:0:0:0:0:0:0:1:'
2026-01-04 10:39:15 [XNIO-1 task-3] INFO  o.d.c.w.i.PlusWebInvokeTimeInterceptor - [PLUS]结束请求 => URL[GET /auth/tenant/list],耗时:[5]毫秒
2026-01-04 10:39:15 [XNIO-1 task-3] INFO  o.d.c.w.i.PlusWebInvokeTimeInterceptor - [PLUS]开始请求 => URL[GET /resource/sse],参数类型[param],参数:[{"Authorization":["Bearer eyJ0eXAiOiJKV1QiLCJhbGciOiJIUzI1NiJ9.eyJsb2dpblR5cGUiOiJsb2dpbiIsImxvZ2luSWQiOiJzeXNfdXNlcjoxIiwicm5TdHIiOiJHaWRyTnRSMGV4N21vSE5EUnpIczFSczRPcTBhY3NKSiIsImNsaWVudGlkIjoiZTVjZDdlNDg5MWJmOTVkMWQxOTIwNmNlMjRhN2IzMmUiLCJ0ZW5hbnRJZCI6IjAwMDAwMCIsInVzZXJJZCI6IjEiLCJ1c2VyTmFtZSI6ImFkbWluIiwiZGVwdElkIjoxLCJkZXB0TmFtZSI6IuW5v-S4nOebiOa1qeW3peiJuuWItuWTgeaciemZkOWFrOWPuCIsImRlcHRDYXRlZ29yeSI6IiJ9.6bHXHEUPVLl84H4jX3UXylCvmueZe89iYB0533oLnlE"],"clientid":["e5cd7e4891bf95d1d19206ce24a7b32e"]}]
2026-01-04 10:39:15 [XNIO-1 task-5] INFO  o.d.c.w.i.PlusWebInvokeTimeInterceptor - [PLUS]开始请求 => URL[GET /resource/sse],参数类型[param],参数:[{"Authorization":["Bearer eyJ0eXAiOiJKV1QiLCJhbGciOiJIUzI1NiJ9.eyJsb2dpblR5cGUiOiJsb2dpbiIsImxvZ2luSWQiOiJzeXNfdXNlcjoxIiwicm5TdHIiOiJHaWRyTnRSMGV4N21vSE5EUnpIczFSczRPcTBhY3NKSiIsImNsaWVudGlkIjoiZTVjZDdlNDg5MWJmOTVkMWQxOTIwNmNlMjRhN2IzMmUiLCJ0ZW5hbnRJZCI6IjAwMDAwMCIsInVzZXJJZCI6IjEiLCJ1c2VyTmFtZSI6ImFkbWluIiwiZGVwdElkIjoxLCJkZXB0TmFtZSI6IuW5v-S4nOebiOa1qeW3peiJuuWItuWTgeaciemZkOWFrOWPuCIsImRlcHRDYXRlZ29yeSI6IiJ9.6bHXHEUPVLl84H4jX3UXylCvmueZe89iYB0533oLnlE"],"clientid":["e5cd7e4891bf95d1d19206ce24a7b32e"]}]
2026-01-04 10:39:15 [XNIO-1 task-5] INFO  o.d.c.w.i.PlusWebInvokeTimeInterceptor - [PLUS]结束请求 => URL[GET /resource/sse],耗时:[0]毫秒
2026-01-04 10:39:15 [XNIO-1 task-3] INFO  o.d.c.w.i.PlusWebInvokeTimeInterceptor - [PLUS]开始请求 => URL[GET /resource/sse],参数类型[param],参数:[{"Authorization":["Bearer eyJ0eXAiOiJKV1QiLCJhbGciOiJIUzI1NiJ9.eyJsb2dpblR5cGUiOiJsb2dpbiIsImxvZ2luSWQiOiJzeXNfdXNlcjoxIiwicm5TdHIiOiJHaWRyTnRSMGV4N21vSE5EUnpIczFSczRPcTBhY3NKSiIsImNsaWVudGlkIjoiZTVjZDdlNDg5MWJmOTVkMWQxOTIwNmNlMjRhN2IzMmUiLCJ0ZW5hbnRJZCI6IjAwMDAwMCIsInVzZXJJZCI6IjEiLCJ1c2VyTmFtZSI6ImFkbWluIiwiZGVwdElkIjoxLCJkZXB0TmFtZSI6IuW5v-S4nOebiOa1qeW3peiJuuWItuWTgeaciemZkOWFrOWPuCIsImRlcHRDYXRlZ29yeSI6IiJ9.6bHXHEUPVLl84H4jX3UXylCvmueZe89iYB0533oLnlE"],"clientid":["e5cd7e4891bf95d1d19206ce24a7b32e"]}]
2026-01-04 10:39:15 [XNIO-1 task-3] INFO  o.d.c.w.i.PlusWebInvokeTimeInterceptor - [PLUS]结束请求 => URL[GET /resource/sse],耗时:[0]毫秒
2026-01-04 10:39:18 [XNIO-1 task-3] INFO  o.d.c.w.i.PlusWebInvokeTimeInterceptor - [PLUS]开始请求 => URL[GET /resource/sse],参数类型[param],参数:[{"Authorization":["Bearer eyJ0eXAiOiJKV1QiLCJhbGciOiJIUzI1NiJ9.eyJsb2dpblR5cGUiOiJsb2dpbiIsImxvZ2luSWQiOiJzeXNfdXNlcjoxIiwicm5TdHIiOiJHaWRyTnRSMGV4N21vSE5EUnpIczFSczRPcTBhY3NKSiIsImNsaWVudGlkIjoiZTVjZDdlNDg5MWJmOTVkMWQxOTIwNmNlMjRhN2IzMmUiLCJ0ZW5hbnRJZCI6IjAwMDAwMCIsInVzZXJJZCI6IjEiLCJ1c2VyTmFtZSI6ImFkbWluIiwiZGVwdElkIjoxLCJkZXB0TmFtZSI6IuW5v-S4nOebiOa1qeW3peiJuuWItuWTgeaciemZkOWFrOWPuCIsImRlcHRDYXRlZ29yeSI6IiJ9.6bHXHEUPVLl84H4jX3UXylCvmueZe89iYB0533oLnlE"],"clientid":["e5cd7e4891bf95d1d19206ce24a7b32e"]}]
2026-01-04 10:39:19 [XNIO-1 task-3] INFO  o.d.c.w.i.PlusWebInvokeTimeInterceptor - [PLUS]开始请求 => URL[GET /resource/sse],参数类型[param],参数:[{"Authorization":["Bearer eyJ0eXAiOiJKV1QiLCJhbGciOiJIUzI1NiJ9.eyJsb2dpblR5cGUiOiJsb2dpbiIsImxvZ2luSWQiOiJzeXNfdXNlcjoxIiwicm5TdHIiOiJHaWRyTnRSMGV4N21vSE5EUnpIczFSczRPcTBhY3NKSiIsImNsaWVudGlkIjoiZTVjZDdlNDg5MWJmOTVkMWQxOTIwNmNlMjRhN2IzMmUiLCJ0ZW5hbnRJZCI6IjAwMDAwMCIsInVzZXJJZCI6IjEiLCJ1c2VyTmFtZSI6ImFkbWluIiwiZGVwdElkIjoxLCJkZXB0TmFtZSI6IuW5v-S4nOebiOa1qeW3peiJuuWItuWTgeaciemZkOWFrOWPuCIsImRlcHRDYXRlZ29yeSI6IiJ9.6bHXHEUPVLl84H4jX3UXylCvmueZe89iYB0533oLnlE"],"clientid":["e5cd7e4891bf95d1d19206ce24a7b32e"]}]
2026-01-04 10:39:19 [XNIO-1 task-5] INFO  o.d.c.w.i.PlusWebInvokeTimeInterceptor - [PLUS]开始请求 => URL[GET /resource/sse],参数类型[param],参数:[{"Authorization":["Bearer eyJ0eXAiOiJKV1QiLCJhbGciOiJIUzI1NiJ9.eyJsb2dpblR5cGUiOiJsb2dpbiIsImxvZ2luSWQiOiJzeXNfdXNlcjoxIiwicm5TdHIiOiJHaWRyTnRSMGV4N21vSE5EUnpIczFSczRPcTBhY3NKSiIsImNsaWVudGlkIjoiZTVjZDdlNDg5MWJmOTVkMWQxOTIwNmNlMjRhN2IzMmUiLCJ0ZW5hbnRJZCI6IjAwMDAwMCIsInVzZXJJZCI6IjEiLCJ1c2VyTmFtZSI6ImFkbWluIiwiZGVwdElkIjoxLCJkZXB0TmFtZSI6IuW5v-S4nOebiOa1qeW3peiJuuWItuWTgeaciemZkOWFrOWPuCIsImRlcHRDYXRlZ29yeSI6IiJ9.6bHXHEUPVLl84H4jX3UXylCvmueZe89iYB0533oLnlE"],"clientid":["e5cd7e4891bf95d1d19206ce24a7b32e"]}]
2026-01-04 10:39:19 [XNIO-1 task-5] INFO  o.d.c.w.i.PlusWebInvokeTimeInterceptor - [PLUS]结束请求 => URL[GET /resource/sse],耗时:[0]毫秒
2026-01-04 10:39:19 [XNIO-1 task-3] INFO  o.d.c.w.i.PlusWebInvokeTimeInterceptor - [PLUS]开始请求 => URL[GET /resource/sse],参数类型[param],参数:[{"Authorization":["Bearer eyJ0eXAiOiJKV1QiLCJhbGciOiJIUzI1NiJ9.eyJsb2dpblR5cGUiOiJsb2dpbiIsImxvZ2luSWQiOiJzeXNfdXNlcjoxIiwicm5TdHIiOiJHaWRyTnRSMGV4N21vSE5EUnpIczFSczRPcTBhY3NKSiIsImNsaWVudGlkIjoiZTVjZDdlNDg5MWJmOTVkMWQxOTIwNmNlMjRhN2IzMmUiLCJ0ZW5hbnRJZCI6IjAwMDAwMCIsInVzZXJJZCI6IjEiLCJ1c2VyTmFtZSI6ImFkbWluIiwiZGVwdElkIjoxLCJkZXB0TmFtZSI6IuW5v-S4nOebiOa1qeW3peiJuuWItuWTgeaciemZkOWFrOWPuCIsImRlcHRDYXRlZ29yeSI6IiJ9.6bHXHEUPVLl84H4jX3UXylCvmueZe89iYB0533oLnlE"],"clientid":["e5cd7e4891bf95d1d19206ce24a7b32e"]}]
2026-01-04 10:39:19 [XNIO-1 task-3] INFO  o.d.c.w.i.PlusWebInvokeTimeInterceptor - [PLUS]结束请求 => URL[GET /resource/sse],耗时:[0]毫秒
2026-01-04 10:39:19 [XNIO-1 task-5] INFO  o.d.c.w.i.PlusWebInvokeTimeInterceptor - [PLUS]开始请求 => URL[GET /resource/sse/close],无参数
2026-01-04 10:39:19 [XNIO-1 task-3] INFO  o.d.c.w.i.PlusWebInvokeTimeInterceptor - [PLUS]开始请求 => URL[POST /auth/logout],无参数
2026-01-04 10:39:19 [XNIO-1 task-5] INFO  o.d.c.w.i.PlusWebInvokeTimeInterceptor - [PLUS]结束请求 => URL[GET /resource/sse/close],耗时:[0]毫秒
2026-01-04 10:39:19 [async-34] INFO  o.d.s.s.i.SysLogininforServiceImpl - [0:0:0:0:0:0:0:1]内网IP[admin][Logout][退出成功]
2026-01-04 10:39:19 [XNIO-1 task-3] INFO  o.d.web.listener.UserActionListener - user doLogout, userId:sys_user:1, token:eyJ0eXAiOiJKV1QiLCJhbGciOiJIUzI1NiJ9.eyJsb2dpblR5cGUiOiJsb2dpbiIsImxvZ2luSWQiOiJzeXNfdXNlcjoxIiwicm5TdHIiOiJHaWRyTnRSMGV4N21vSE5EUnpIczFSczRPcTBhY3NKSiIsImNsaWVudGlkIjoiZTVjZDdlNDg5MWJmOTVkMWQxOTIwNmNlMjRhN2IzMmUiLCJ0ZW5hbnRJZCI6IjAwMDAwMCIsInVzZXJJZCI6IjEiLCJ1c2VyTmFtZSI6ImFkbWluIiwiZGVwdElkIjoxLCJkZXB0TmFtZSI6IuW5v-S4nOebiOa1qeW3peiJuuWItuWTgeaciemZkOWFrOWPuCIsImRlcHRDYXRlZ29yeSI6IiJ9.6bHXHEUPVLl84H4jX3UXylCvmueZe89iYB0533oLnlE
2026-01-04 10:39:19 [XNIO-1 task-3] INFO  o.d.c.w.i.PlusWebInvokeTimeInterceptor - [PLUS]结束请求 => URL[POST /auth/logout],耗时:[5]毫秒
2026-01-04 10:39:20 [XNIO-1 task-3] INFO  o.d.c.w.i.PlusWebInvokeTimeInterceptor - [PLUS]开始请求 => URL[GET /auth/code],无参数
2026-01-04 10:39:20 [XNIO-1 task-3] INFO  o.d.c.r.aspectj.RateLimiterAspect - 限制令牌 => 10, 剩余令牌 => 9, 缓存key => 'global:rate_limit:/auth/code:0:0:0:0:0:0:0:1:'
2026-01-04 10:39:20 [XNIO-1 task-3] INFO  o.d.c.w.i.PlusWebInvokeTimeInterceptor - [PLUS]结束请求 => URL[GET /auth/code],耗时:[4]毫秒
2026-01-04 10:39:20 [XNIO-1 task-3] INFO  o.d.c.w.i.PlusWebInvokeTimeInterceptor - [PLUS]开始请求 => URL[GET /auth/tenant/list],无参数
2026-01-04 10:39:20 [XNIO-1 task-3] INFO  o.d.c.r.aspectj.RateLimiterAspect - 限制令牌 => 20, 剩余令牌 => 18, 缓存key => 'global:rate_limit:/auth/tenant/list:0:0:0:0:0:0:0:1:'
2026-01-04 10:39:20 [XNIO-1 task-3] INFO  o.d.c.w.i.PlusWebInvokeTimeInterceptor - [PLUS]结束请求 => URL[GET /auth/tenant/list],耗时:[2]毫秒
2026-01-04 10:39:22 [XNIO-1 task-3] INFO  o.d.c.w.i.PlusWebInvokeTimeInterceptor - [PLUS]开始请求 => URL[GET /resource/sse],参数类型[param],参数:[{"Authorization":["Bearer eyJ0eXAiOiJKV1QiLCJhbGciOiJIUzI1NiJ9.eyJsb2dpblR5cGUiOiJsb2dpbiIsImxvZ2luSWQiOiJzeXNfdXNlcjoxIiwicm5TdHIiOiJHaWRyTnRSMGV4N21vSE5EUnpIczFSczRPcTBhY3NKSiIsImNsaWVudGlkIjoiZTVjZDdlNDg5MWJmOTVkMWQxOTIwNmNlMjRhN2IzMmUiLCJ0ZW5hbnRJZCI6IjAwMDAwMCIsInVzZXJJZCI6IjEiLCJ1c2VyTmFtZSI6ImFkbWluIiwiZGVwdElkIjoxLCJkZXB0TmFtZSI6IuW5v-S4nOebiOa1qeW3peiJuuWItuWTgeaciemZkOWFrOWPuCIsImRlcHRDYXRlZ29yeSI6IiJ9.6bHXHEUPVLl84H4jX3UXylCvmueZe89iYB0533oLnlE"],"clientid":["e5cd7e4891bf95d1d19206ce24a7b32e"]}]
2026-01-04 10:39:22 [XNIO-1 task-3] INFO  o.d.c.w.i.PlusWebInvokeTimeInterceptor - [PLUS]结束请求 => URL[GET /resource/sse],耗时:[0]毫秒
2026-01-04 12:20:41 [Thread-5] INFO  c.a.s.c.c.window.SlidingRingWindow - JVM is about to exit, emitting data in the Window
2026-01-04 12:20:41 [SpringApplicationShutdownHook] INFO  c.a.s.c.c.init.SnailJobCloseListener - snail-job client about to shutdown v1.8.0
2026-01-04 12:20:41 [SpringApplicationShutdownHook] INFO  c.a.s.c.c.l.report.AbstractLogReport - AsyncReport Log about to shutdown
2026-01-04 12:20:41 [SpringApplicationShutdownHook] INFO  c.a.s.c.c.window.SlidingRingWindow - Sliding window is about to exit, emitting data in the Window
2026-01-04 12:20:41 [SpringApplicationShutdownHook] INFO  c.a.s.c.c.l.report.AbstractLogReport - AsyncReport Log has been shutdown
2026-01-04 12:20:41 [SpringApplicationShutdownHook] INFO  c.a.s.c.c.init.SnailJobCloseListener - snail-job client closed successfully v1.8.0
2026-01-04 12:20:41 [SpringApplicationShutdownHook] INFO  io.undertow - stopping server: Undertow - 2.3.20.Final
2026-01-04 12:20:41 [SpringApplicationShutdownHook] INFO  io.undertow.servlet - Destroying Spring FrameworkServlet 'dispatcherServlet'
2026-01-04 12:20:42 [SpringApplicationShutdownHook] INFO  o.d.c.core.config.ThreadPoolConfig - ====关闭后台任务任务线程池====
2026-01-04 12:20:42 [SpringApplicationShutdownHook] INFO  c.b.d.d.DynamicRoutingDataSource - dynamic-datasource start closing ....
2026-01-04 12:20:42 [SpringApplicationShutdownHook] INFO  com.zaxxer.hikari.HikariDataSource - master - Shutdown initiated...
2026-01-04 12:20:42 [SpringApplicationShutdownHook] INFO  com.zaxxer.hikari.HikariDataSource - master - Shutdown completed.
2026-01-04 12:20:42 [SpringApplicationShutdownHook] INFO  c.b.d.d.d.DefaultDataSourceDestroyer - dynamic-datasource close the datasource named [master] success,
2026-01-04 12:20:42 [SpringApplicationShutdownHook] INFO  c.b.d.d.DynamicRoutingDataSource - dynamic-datasource all closed success,bye
